<?xml version="1.0" encoding="UTF-8" standalone="no"?>
<!--
 * - - - - - - - - - - - - - - - - - - - - - - - - - -
 * Xyna 8.0 (Black Edition)
 * Xyna Development
 * - - - - - - - - - - - - - - - - - - - - - - - - - -
 * Copyright GIP AG 2018
 * (http://www.gip.com)
 * Hechtsheimer Str. 35-37
 * 55131 Mainz
 * - - - - - - - - - - - - - - - - - - - - - - - - - -
 * $Revision: 221703 $
 * $Date: 2018-04-06 15:46:47 +0200 (Fr, 06. Apr 2018) $
 --><Service xmlns="http://www.gip.com/xyna/xdev/xfractmod" ID="1" Label="Failed Workflow" TypeName="FailedWorkflow" TypePath="xmcp.h5x.regression.PMON28" Version="1.8">
  <Meta>
    <Documentation>workflow wirft eine Exception</Documentation>
    <FixedDetailOptions>hideDetailAreas,highDetailsMode,openDocumentation</FixedDetailOptions>
  </Meta>
  <Operation ID="0" Label="Failed Workflow" Name="FailedWorkflow">
    <Input/>
    <Output/>
    <Throws>
      <Exception Label="RegressionTestException" ReferenceName="RegressionTestException" ReferencePath="xmcp.h5x.regression.datatypes" VariableName="regressionTestException"/>
    </Throws>
    <Throw ExceptionID="4" ID="3" Label="Throw Regression Test Exception">
      <Source RefID="4">
        <Meta>
          <LinkType>Constant</LinkType>
        </Meta>
      </Source>
    </Throw>
    <Exception ID="4" Label="RegressionTestException" ReferenceName="RegressionTestException" ReferencePath="xmcp.h5x.regression.datatypes" VariableName="const_RegressionTestException">
      <Target RefID="3"/>
    </Exception>
    <Assign ID="2"/>
  </Operation>
</Service>
