<?xml version="1.0" encoding="UTF-8" standalone="no"?>
<!--
 * - - - - - - - - - - - - - - - - - - - - - - - - - -
 * Xyna 8.0 (Black Edition)
 * Xyna Development
 * - - - - - - - - - - - - - - - - - - - - - - - - - -
 * Copyright GIP AG 2018
 * (http://www.gip.com)
 * Hechtsheimer Str. 35-37
 * 55131 Mainz
 * - - - - - - - - - - - - - - - - - - - - - - - - - -
 * $Revision: 221703 $
 * $Date: 2018-04-06 15:46:47 +0200 (Fr, 06. Apr 2018) $
 --><Service xmlns="http://www.gip.com/xyna/xdev/xfractmod" ID="1" Label="Workflow catch Test Workflow" TypeName="WorkflowCatchTestWorkflow" TypePath="xmcp.h5x.regression.PMON28" Version="1.8">
  <Meta>
    <FixedDetailOptions>hideDetailAreas,highDetailsMode,openCatches</FixedDetailOptions>
  </Meta>
  <Operation ID="0" Label="Workflow catch Test Workflow" Name="WorkflowCatchTestWorkflow">
    <Target RefID="6"/>
    <Input/>
    <Output/>
    <ServiceReference ID="4" Label="Failed Workflow" ReferenceName="FailedWorkflow" ReferencePath="xmcp.h5x.regression.PMON28">
      <Source RefID="5"/>
      <Target RefID="5"/>
    </ServiceReference>
    <Function ID="5" Label="Failed Workflow">
      <Source RefID="4"/>
      <Target RefID="4"/>
      <Invoke Operation="FailedWorkflow" ServiceID="4"/>
      <Receive ServiceID="4"/>
    </Function>
    <Exception ID="6" Label="RegressionTestException" ReferenceName="RegressionTestException" ReferencePath="xmcp.h5x.regression.datatypes" VariableName="regressionTestException6">
      <Source RefID="0"/>
    </Exception>
    <Assign/>
    <Catch ExceptionID="6" ID="7">
      <Assign/>
    </Catch>
  </Operation>
</Service>
