<?xml version="1.0" encoding="UTF-8" standalone="no"?>
<!--
 * - - - - - - - - - - - - - - - - - - - - - - - - - -
 * Xyna 8.0 (Black Edition)
 * Xyna Development
 * - - - - - - - - - - - - - - - - - - - - - - - - - -
 * Copyright GIP AG 2018
 * (http://www.gip.com)
 * Hechtsheimer Str. 35-37
 * 55131 Mainz
 * - - - - - - - - - - - - - - - - - - - - - - - - - -
 * $Revision: 221703 $
 * $Date: 2018-04-06 15:46:47 +0200 (Fr, 06. Apr 2018) $
 --><Service xmlns="http://www.gip.com/xyna/xdev/xfractmod" ID="1" Label="Call WFs in different Apps" TypeName="CallWFsInDifferentApps" TypePath="xmcp.h5x.regression.PMON149" Version="1.8">
  <Meta>
    <FixedDetailOptions>hideDetailAreas,highDetailsMode</FixedDetailOptions>
  </Meta>
  <Operation ID="0" Label="Call WFs in different Apps" Name="CallWFsInDifferentApps">
    <Input/>
    <Output/>
    <ServiceReference ID="5" Label="WF in dependent App" ReferenceName="WFInDependentApp" ReferencePath="xmcp.h5x.regression.PMON149">
      <Source RefID="6"/>
      <Target RefID="6"/>
    </ServiceReference>
    <Function ID="10" Label="WF in Regression App">
      <Source RefID="9"/>
      <Target RefID="9"/>
      <Invoke Operation="WFInRegressionApp" ServiceID="9"/>
      <Receive ServiceID="9"/>
    </Function>
    <Function ID="6" Label="WF in dependent App">
      <Source RefID="5"/>
      <Target RefID="5"/>
      <Invoke Operation="WFInDependentApp" ServiceID="5"/>
      <Receive ServiceID="5"/>
    </Function>
    <ServiceReference ID="9" Label="WF in Regression App" ReferenceName="WFInRegressionApp" ReferencePath="xmcp.h5x.regression.PMON149">
      <Source RefID="10"/>
      <Target RefID="10"/>
    </ServiceReference>
    <Assign ID="2"/>
  </Operation>
</Service>
