<?xml version="1.0" encoding="UTF-8" standalone="no"?>
<!--
 * - - - - - - - - - - - - - - - - - - - - - - - - - -
 * Xyna 8.0 (Black Edition)
 * Xyna Development
 * - - - - - - - - - - - - - - - - - - - - - - - - - -
 * Copyright GIP AG 2018
 * (http://www.gip.com)
 * Hechtsheimer Str. 35-37
 * 55131 Mainz
 * - - - - - - - - - - - - - - - - - - - - - - - - - -
 * $Revision: 221703 $
 * $Date: 2018-04-06 15:46:47 +0200 (Fr, 06. Apr 2018) $
 --><Service xmlns="http://www.gip.com/xyna/xdev/xfractmod" ID="1" Label="workflow2" TypeName="Workflow2" TypePath="xmcp.h5x.regression.PMOD948.path2" Version="1.8">
  <Meta>
    <FixedDetailOptions>lowDetailsMode,hideDetailAreas</FixedDetailOptions>
  </Meta>
  <Operation ID="0" Label="workflow2" Name="Workflow2">
    <Input/>
    <Output/>
    <Assign/>
  </Operation>
</Service>
