<?xml version="1.0" encoding="UTF-8" standalone="no"?>
<!--
 * - - - - - - - - - - - - - - - - - - - - - - - - - -
 * Xyna 8.0 (Black Edition)
 * Xyna Development
 * - - - - - - - - - - - - - - - - - - - - - - - - - -
 * Copyright GIP AG 2018
 * (http://www.gip.com)
 * Hechtsheimer Str. 35-37
 * 55131 Mainz
 * - - - - - - - - - - - - - - - - - - - - - - - - - -
 * $Revision$
 * $Date$
 --><Service xmlns="http://www.gip.com/xyna/xdev/xfractmod" Label="Handle NACK Exception for KRT" TypeName="HandleNACKExceptionForKRT" TypePath="xmcp.h5x.regression.PMON325" Version="1.8">
  <Operation ID="0" IsStatic="false" Label="Handle NACK Exception for KRT" Name="HandleNACKExceptionForKRT">
    <Input>
      <Exception ID="19" Label="NackException" ReferenceName="NackException" ReferencePath="xmcp.h5x.regression.PMON325" VariableName="nackException19"/>
      <Data ID="32" Label="KRT Template" ReferenceName="KRTTemplate" ReferencePath="xmcp.h5x.regression.PMON325" VariableName="kRTTemplate32"/>
      <Data ID="45" Label="Service Order" ReferenceName="ServiceOrder" ReferencePath="xmcp.h5x.regression.PMON325" VariableName="serviceOrder45"/>
      <Data ID="58" Label="Order Message ID2" ReferenceName="OrderMessageID2" ReferencePath="xmcp.h5x.regression.PMON325" VariableName="orderMessageID258"/>
      <Data ID="71" Label="Top Level WF" ReferenceName="TopLevelWF" ReferencePath="xmcp.h5x.regression.PMON325" VariableName="topLevelWF71"/>
    </Input>
    <Output>
      <Data ID="798" Label="Service Order" ReferenceName="ServiceOrder" ReferencePath="xmcp.h5x.regression.PMON325" VariableName="serviceOrder798"/>
    </Output>
    <ServiceReference ID="593" Label="NACKed" ReferenceName="NACKed" ReferencePath="xmcp.h5x.regression.PMON325"/>
    <ServiceReference ID="81" Label="Set CustomField Status Exception " ReferenceName="SetCustomFieldStatusException" ReferencePath="xmcp.h5x.regression.PMON325"/>
    <ServiceReference ID="737" Label="Update Current ServiceOrderStatus with Reason " ReferenceName="UpdateCurrentServiceOrderStatusWithReason" ReferencePath="xmcp.h5x.regression.PMON325"/>
    <ServiceReference ID="8" Label="Exception Service" ReferenceName="ExceptionService.ExceptionService" ReferencePath="core.exception"/>
    <ServiceReference ID="659" Label="Update ServiceOrderStatus and CustomField Status " ReferenceName="UpdateServiceOrderStatusAndCustomFieldStatus" ReferencePath="xmcp.h5x.regression.PMON325"/>
    <ServiceReference ID="109" Label="Send NACK Mail for Template " ReferenceName="SendNACKMailForTemplate" ReferencePath="xmcp.h5x.regression.PMON325"/>
    <Function ID="7" Label="Wrap Exception">
      <Source RefID="8"/>
      <Source RefID="19"/>
      <Target RefID="8"/>
      <Target RefID="10"/>
      <Invoke Operation="wrapException" ServiceID="8">
        <Source RefID="19"/>
      </Invoke>
      <Receive ServiceID="8">
        <Target RefID="10"/>
      </Receive>
    </Function>
    <Function ID="80" Label="Set CustomField Status Exception ">
      <Source RefID="81"/>
      <Source RefID="10"/>
      <Target RefID="81"/>
      <Invoke Operation="SetCustomFieldStatusException" ServiceID="81">
        <Source RefID="10"/>
      </Invoke>
      <Receive ServiceID="81"/>
    </Function>
    <Function ID="108" Label="Send NACK Mail for Template ">
      <Source RefID="109"/>
      <Source RefID="19"/>
      <Source RefID="58"/>
      <Source RefID="32"/>
      <Target RefID="109"/>
      <Target RefID="111"/>
      <Invoke Operation="SendNACKMailForTemplate" ServiceID="109">
        <Source RefID="19"/>
        <Source RefID="58"/>
        <Source RefID="32"/>
      </Invoke>
      <Receive ServiceID="109">
        <Target RefID="111"/>
      </Receive>
    </Function>
    <Mappings ID="144" Label="Create">
      <Input>
        <Exception ID="177" Label="NackException" ReferenceName="NackException" ReferencePath="xmcp.h5x.regression.PMON325" VariableName="nackException177">
          <Source RefID="144"/>
        </Exception>
        <Source RefID="19"/>
      </Input>
      <Output>
        <Data ID="194" Label="Reason" ReferenceName="Reason" ReferencePath="xmcp.h5x.regression.PMON325" VariableName="reason194">
          <Source RefID="144"/>
        </Data>
        <Target RefID="195"/>
      </Output>
      <Mapping>%1%.reason=%0%.filledMessage</Mapping>
    </Mappings>
    <Mappings ID="308" Label="False">
      <Output>
        <Data ID="341" Label="Success" ReferenceName="Success" ReferencePath="xmcp.h5x.regression.PMON325" VariableName="success341">
          <Source RefID="308"/>
        </Data>
        <Target RefID="342"/>
      </Output>
      <Mapping>%0%.result="false"</Mapping>
    </Mappings>
    <Choice ID="471" TypeName="BaseChoiceTypeFormula" TypePath="server">
      <Source RefID="45"/>
      <Target RefID="740"/>
      <Meta>
        <OuterConditionPart>%0%.numberORD==?</OuterConditionPart>
      </Meta>
      <Input>
        <Data ID="491" Label="Service Order" ReferenceName="ServiceOrder" ReferencePath="xmcp.h5x.regression.PMON325" VariableName="serviceOrder491">
          <Source RefID="471"/>
        </Data>
        <Source RefID="45"/>
      </Input>
      <Case ID="540" Premise="%0%.numberORD==&quot;0&quot;">
        <Function ID="592" Label="NACKed">
          <Source RefID="593"/>
          <Source RefID="616"/>
          <Source RefID="195"/>
          <Target RefID="593"/>
          <Target RefID="595"/>
          <Invoke Operation="NACKed" ServiceID="593">
            <Source RefID="616">
              <Meta>
                <LinkType>Constant</LinkType>
              </Meta>
            </Source>
            <Source RefID="195"/>
          </Invoke>
          <Receive ServiceID="593">
            <Target RefID="595"/>
          </Receive>
        </Function>
        <Function ID="658" Label="Update ServiceOrderStatus and CustomField Status ">
          <Source RefID="659"/>
          <Source RefID="45"/>
          <Source RefID="595"/>
          <Source RefID="686"/>
          <Source RefID="71"/>
          <Target RefID="659"/>
          <Target RefID="661"/>
          <Invoke Operation="UpdateServiceOrderStatusAndCustomFieldStatus" ServiceID="659">
            <Source RefID="45"/>
            <Source RefID="595"/>
            <Source RefID="686">
              <Meta>
                <LinkType>Constant</LinkType>
              </Meta>
            </Source>
            <Source RefID="71"/>
          </Invoke>
          <Receive ServiceID="659">
            <Target RefID="661"/>
          </Receive>
        </Function>
        <Assign ID="542">
          <Source RefID="661"/>
          <Target RefID="740"/>
          <Copy>
            <Source RefID="661"/>
            <Target RefID="740"/>
          </Copy>
        </Assign>
        <Data ID="595" Label="Service Order Status" ReferenceName="ServiceOrderStatus" ReferencePath="xmcp.h5x.regression.PMON325" VariableName="serviceOrderStatus595">
          <Source RefID="592"/>
        </Data>
        <Data ID="661" Label="Service Order" ReferenceName="ServiceOrder" ReferencePath="xmcp.h5x.regression.PMON325" VariableName="serviceOrder661">
          <Source RefID="658"/>
        </Data>
      </Case>
      <Case ID="472" IsDefault="true" Label="default">
        <Function ID="736" Label="Update Current ServiceOrderStatus with Reason ">
          <Source RefID="737"/>
          <Source RefID="45"/>
          <Source RefID="195"/>
          <Source RefID="769"/>
          <Target RefID="737"/>
          <Target RefID="739"/>
          <Invoke Operation="UpdateCurrentServiceOrderStatusWithReason" ServiceID="737">
            <Source RefID="45"/>
            <Source RefID="195"/>
            <Source RefID="769">
              <Meta>
                <LinkType>Constant</LinkType>
              </Meta>
            </Source>
          </Invoke>
          <Receive ServiceID="737">
            <Target RefID="739"/>
          </Receive>
        </Function>
        <Assign ID="474">
          <Source RefID="739"/>
          <Target RefID="740"/>
          <Copy>
            <Source RefID="739"/>
            <Target RefID="740"/>
          </Copy>
        </Assign>
        <Data ID="739" Label="Service Order" ReferenceName="ServiceOrder" ReferencePath="xmcp.h5x.regression.PMON325" VariableName="serviceOrder739">
          <Source RefID="736"/>
        </Data>
      </Case>
    </Choice>
    <Data ID="10" Label="Exception Holder" ReferenceName="ExceptionHolder" ReferencePath="core.exception" VariableName="exceptionHolder10">
      <Source RefID="7"/>
    </Data>
    <Data ID="111" Label="Order Message" ReferenceName="OrderMessage" ReferencePath="xmcp.h5x.regression.PMON325" VariableName="orderMessage111">
      <Source RefID="108"/>
    </Data>
    <Data ID="195" Label="Reason" ReferenceName="Reason" ReferencePath="xmcp.h5x.regression.PMON325" VariableName="reason195">
      <Source RefID="144"/>
    </Data>
    <Data ID="342" Label="Success" ReferenceName="Success" ReferencePath="xmcp.h5x.regression.PMON325" VariableName="success342">
      <Source RefID="308"/>
    </Data>
    <Data ID="616" Label="Service Order Status" ReferenceName="ServiceOrderStatus" ReferencePath="xmcp.h5x.regression.PMON325" VariableName="const_ServiceOrderStatus616"/>
    <Data ID="686" Label="Boolean Result" ReferenceName="BooleanResult" ReferencePath="xmcp.h5x.regression.PMON325" VariableName="const_BooleanResult686"/>
    <Data ID="740" Label="Service Order" ReferenceName="ServiceOrder" ReferencePath="xmcp.h5x.regression.PMON325" VariableName="serviceOrder740">
      <Source RefID="471"/>
    </Data>
    <Data ID="769" Label="Boolean Result" ReferenceName="BooleanResult" ReferencePath="xmcp.h5x.regression.PMON325" VariableName="const_BooleanResult769"/>
    <Assign ID="1">
      <Source RefID="740"/>
      <Target RefID="798"/>
      <Copy>
        <Source RefID="740">
          <Meta>
            <LinkType>UserConnected</LinkType>
          </Meta>
        </Source>
        <Target RefID="798"/>
      </Copy>
    </Assign>
  </Operation>
</Service>
