<?xml version="1.0" encoding="UTF-8" standalone="no"?>
<!--
 * - - - - - - - - - - - - - - - - - - - - - - - - - -
 * Xyna 8.0 (Black Edition)
 * Xyna Development
 * - - - - - - - - - - - - - - - - - - - - - - - - - -
 * Copyright GIP AG 2018
 * (http://www.gip.com)
 * Hechtsheimer Str. 35-37
 * 55131 Mainz
 * - - - - - - - - - - - - - - - - - - - - - - - - - -
 * $Revision$
 * $Date$
 --><Service xmlns="http://www.gip.com/xyna/xdev/xfractmod" Label="NACKed" TypeName="NACKed" TypePath="xmcp.h5x.regression.PMON325" Version="1.8">
  <Operation ID="0" IsStatic="false" Label="NACKed" Name="NACKed">
    <Input>
      <Data ID="10" Label="Service Order Status" ReferenceName="ServiceOrderStatus" ReferencePath="xmcp.h5x.regression.PMON325" VariableName="serviceOrderStatus10"/>
      <Data ID="19" Label="Reason" ReferenceName="Reason" ReferencePath="xmcp.h5x.regression.PMON325" VariableName="reason19"/>
    </Input>
    <Output>
      <Data ID="28" Label="Service Order Status" ReferenceName="ServiceOrderStatus" ReferencePath="xmcp.h5x.regression.PMON325" VariableName="serviceOrderStatus28"/>
    </Output>
    <Assign ID="1">
      <Source RefID="10"/>
      <Target RefID="28"/>
      <Copy>
        <Source RefID="10"/>
        <Target RefID="28"/>
      </Copy>
    </Assign>
  </Operation>
</Service>
