<?xml version="1.0" encoding="UTF-8" standalone="no"?>
<!--
 * - - - - - - - - - - - - - - - - - - - - - - - - - -
 * Xyna 8.0 (Black Edition)
 * Xyna Development
 * - - - - - - - - - - - - - - - - - - - - - - - - - -
 * Copyright GIP AG 2018
 * (http://www.gip.com)
 * Hechtsheimer Str. 35-37
 * 55131 Mainz
 * - - - - - - - - - - - - - - - - - - - - - - - - - -
 * $Revision$
 * $Date$
 --><Service xmlns="http://www.gip.com/xyna/xdev/xfractmod" Label="Send NACK Mail for Template " TypeName="SendNACKMailForTemplate" TypePath="xmcp.h5x.regression.PMON325" Version="1.8">
  <Operation ID="0" IsStatic="false" Label="Send NACK Mail for Template " Name="SendNACKMailForTemplate">
    <Input>
      <Exception ID="10" Label="NackException" ReferenceName="NackException" ReferencePath="xmcp.h5x.regression.PMON325" VariableName="nackException10"/>
      <Data ID="19" Label="Order Message ID2" ReferenceName="OrderMessageID2" ReferencePath="xmcp.h5x.regression.PMON325" VariableName="orderMessageID219"/>
      <Data ID="28" Label="KRT Template" ReferenceName="KRTTemplate" ReferencePath="xmcp.h5x.regression.PMON325" VariableName="kRTTemplate28"/>
    </Input>
    <Output>
      <Data ID="37" Label="Order Message" ReferenceName="OrderMessage" ReferencePath="xmcp.h5x.regression.PMON325" VariableName="orderMessage37"/>
    </Output>
    <Data ID="46" Label="Order Message" ReferenceName="OrderMessage" ReferencePath="xmcp.h5x.regression.PMON325" VariableName="const_OrderMessage46"/>
    <Assign ID="1">
      <Source RefID="46"/>
      <Target RefID="37"/>
      <Copy>
        <Source RefID="46">
          <Meta>
            <LinkType>Constant</LinkType>
          </Meta>
        </Source>
        <Target RefID="37"/>
      </Copy>
    </Assign>
  </Operation>
</Service>
