<?xml version="1.0" encoding="UTF-8" standalone="no"?>
<!--
 * - - - - - - - - - - - - - - - - - - - - - - - - - -
 * Xyna 8.0 (Black Edition)
 * Xyna Development
 * - - - - - - - - - - - - - - - - - - - - - - - - - -
 * Copyright GIP AG 2018
 * (http://www.gip.com)
 * Hechtsheimer Str. 35-37
 * 55131 Mainz
 * - - - - - - - - - - - - - - - - - - - - - - - - - -
 * $Revision$
 * $Date$
 --><Service xmlns="http://www.gip.com/xyna/xdev/xfractmod" Label="Update Current ServiceOrderStatus with Reason " TypeName="UpdateCurrentServiceOrderStatusWithReason" TypePath="xmcp.h5x.regression.PMON325" Version="1.8">
  <Operation ID="0" IsStatic="false" Label="Update Current ServiceOrderStatus with Reason " Name="UpdateCurrentServiceOrderStatusWithReason">
    <Input>
      <Data ID="14" Label="Service Order" ReferenceName="ServiceOrder" ReferencePath="xmcp.h5x.regression.PMON325" VariableName="serviceOrder14"/>
      <Data ID="23" Label="Reason" ReferenceName="Reason" ReferencePath="xmcp.h5x.regression.PMON325" VariableName="reason23"/>
      <Data ID="32" Label="Boolean Result" ReferenceName="BooleanResult" ReferencePath="xmcp.h5x.regression.PMON325" VariableName="booleanResult32"/>
    </Input>
    <Output>
      <Data ID="41" Label="Service Order" ReferenceName="ServiceOrder" ReferencePath="xmcp.h5x.regression.PMON325" VariableName="serviceOrder41"/>
    </Output>
    <Assign ID="1">
      <Source RefID="14"/>
      <Target RefID="41"/>
      <Copy>
        <Source RefID="14"/>
        <Target RefID="41"/>
      </Copy>
    </Assign>
  </Operation>
</Service>
