<?xml version="1.0" encoding="UTF-8" standalone="no"?>
<!--
 * - - - - - - - - - - - - - - - - - - - - - - - - - -
 * Xyna 8.0 (Black Edition)
 * Xyna Development
 * - - - - - - - - - - - - - - - - - - - - - - - - - -
 * Copyright GIP AG 2018
 * (http://www.gip.com)
 * Hechtsheimer Str. 35-37
 * 55131 Mainz
 * - - - - - - - - - - - - - - - - - - - - - - - - - -
 * $Revision$
 * $Date$
 --><Service xmlns="http://www.gip.com/xyna/xdev/xfractmod" Label="Update ServiceOrderStatus and CustomField Status " TypeName="UpdateServiceOrderStatusAndCustomFieldStatus" TypePath="xmcp.h5x.regression.PMON325" Version="1.8">
  <Operation ID="0" IsStatic="false" Label="Update ServiceOrderStatus and CustomField Status " Name="UpdateServiceOrderStatusAndCustomFieldStatus">
    <Input>
      <Data ID="10" Label="Service Order" ReferenceName="ServiceOrder" ReferencePath="xmcp.h5x.regression.PMON325" VariableName="serviceOrder10"/>
      <Data ID="19" Label="Service Order Status" ReferenceName="ServiceOrderStatus" ReferencePath="xmcp.h5x.regression.PMON325" VariableName="serviceOrderStatus19"/>
      <Data ID="28" Label="Boolean Result" ReferenceName="BooleanResult" ReferencePath="xmcp.h5x.regression.PMON325" VariableName="booleanResult28"/>
      <Data ID="37" Label="Top Level WF" ReferenceName="TopLevelWF" ReferencePath="xmcp.h5x.regression.PMON325" VariableName="topLevelWF37"/>
    </Input>
    <Output>
      <Data ID="46" Label="Service Order" ReferenceName="ServiceOrder" ReferencePath="xmcp.h5x.regression.PMON325" VariableName="serviceOrder46"/>
    </Output>
    <Assign ID="1">
      <Source RefID="10"/>
      <Target RefID="46"/>
      <Copy>
        <Source RefID="10"/>
        <Target RefID="46"/>
      </Copy>
    </Assign>
  </Operation>
</Service>
