<?xml version="1.0" encoding="UTF-8" standalone="no"?>
<!--
 * - - - - - - - - - - - - - - - - - - - - - - - - - -
 * Xyna 8.0 (Black Edition)
 * Xyna Development
 * - - - - - - - - - - - - - - - - - - - - - - - - - -
 * Copyright GIP AG 2018
 * (http://www.gip.com)
 * Hechtsheimer Str. 35-37
 * 55131 Mainz
 * - - - - - - - - - - - - - - - - - - - - - - - - - -
 * $Revision: 221703 $
 * $Date: 2018-04-06 15:46:47 +0200 (Fr, 06. Apr 2018) $
 --><Service xmlns="http://www.gip.com/xyna/xdev/xfractmod" ID="1" Label="ListOfAnyType" TypeName="ListOfAnyType" TypePath="xmcp.h5x.modeller.PMOD2687" Version="1.8">
  <Meta>
    <FixedDetailOptions>hideDetailAreas,highDetailsMode</FixedDetailOptions>
  </Meta>
  <Operation ID="0" Label="ListOfAnyType" Name="ListOfAnyType">
    <Input/>
    <Output>
      <Data ID="28" Label="Text" ReferenceName="Text" ReferencePath="base" VariableName="text28">
        <Source RefID="29"/>
      </Data>
    </Output>
    <Mappings ID="12" Label="Mapping">
      <Source RefID="30"/>
      <Target RefID="11"/>
      <Meta>
        <FixedDetailOptions>FillMode</FixedDetailOptions>
      </Meta>
      <Input>
        <Data ID="31" IsList="true" Label="Synchronization Answer" ReferenceName="AnyType" ReferencePath="base" VariableName="anyType"/>
        <Source RefID="30">
          <Meta>
            <LinkType>Constant</LinkType>
          </Meta>
        </Source>
      </Input>
      <Output>
        <Data ID="10" IsList="true" Label="Synchronization Answer" ReferenceName="AnyType" ReferencePath="base" VariableName="anyType10"/>
        <Target RefID="11"/>
      </Output>
      <Mapping>%1%=%0%</Mapping>
    </Mappings>
    <Data ID="11" IsList="true" Label="Synchronization Answer" ReferenceName="AnyType" ReferencePath="base" VariableName="anyType11">
      <Source RefID="12"/>
      <Target RefID="15"/>
    </Data>
    <Choice ID="15" TypeName="BaseChoiceTypeFormula" TypePath="server">
      <Source RefID="11"/>
      <Target RefID="25"/>
      <Input>
        <Data ID="32" IsList="true" Label="Synchronization Answer" ReferenceName="AnyType" ReferencePath="base" VariableName="anyType32"/>
        <Source RefID="11">
          <Meta>
            <LinkType>UserConnected</LinkType>
          </Meta>
        </Source>
      </Input>
      <Case ID="13" Label="true" Premise="length(%0%)&gt;&quot;0&quot;">
        <Mappings ID="21" Label="true">
          <Target RefID="20"/>
          <Meta>
            <FixedDetailOptions>FillMode</FixedDetailOptions>
          </Meta>
          <Output>
            <Data ID="33" Label="Text" ReferenceName="Text" ReferencePath="base" VariableName="text"/>
            <Target RefID="20"/>
          </Output>
          <Mapping>%0%.text="true"</Mapping>
        </Mappings>
        <Assign ID="26">
          <Source RefID="20"/>
          <Target RefID="25"/>
          <Copy>
            <Source RefID="20"/>
            <Target RefID="25"/>
          </Copy>
        </Assign>
      </Case>
      <Case ID="14" Label="false">
        <Mappings ID="24" Label="false">
          <Target RefID="23"/>
          <Meta>
            <FixedDetailOptions>FillMode</FixedDetailOptions>
          </Meta>
          <Output>
            <Data ID="22" Label="Text" ReferenceName="Text" ReferencePath="base" VariableName="text22"/>
            <Target RefID="23"/>
          </Output>
          <Mapping>%0%.text="false"</Mapping>
        </Mappings>
        <Assign ID="27">
          <Source RefID="23"/>
          <Target RefID="25"/>
          <Copy>
            <Source RefID="23"/>
            <Target RefID="25"/>
          </Copy>
        </Assign>
      </Case>
    </Choice>
    <Data ID="20" Label="Text" ReferenceName="Text" ReferencePath="base" VariableName="text20">
      <Source RefID="21"/>
      <Target RefID="26"/>
    </Data>
    <Data ID="23" Label="Text" ReferenceName="Text" ReferencePath="base" VariableName="text23">
      <Source RefID="24"/>
      <Target RefID="27"/>
    </Data>
    <Data ID="25" Label="Text" ReferenceName="Text" ReferencePath="base" VariableName="text25">
      <Source RefID="15"/>
      <Source RefID="26"/>
      <Source RefID="27"/>
      <Target RefID="29"/>
    </Data>
    <Data ID="30" IsList="true" Label="Any Type" ReferenceName="AnyType" ReferencePath="base" VariableName="const_AnyType">
      <Target RefID="12"/>
      <Value>
        <Data ID="35" Label="Any Type" ReferenceName="Text" ReferencePath="base">
          <Data ID="34" Label="text" VariableName="text">
            <Meta>
              <Type>String</Type>
            </Meta>
            <Value>test</Value>
          </Data>
        </Data>
      </Value>
    </Data>
    <Assign ID="29">
      <Source RefID="25"/>
      <Target RefID="28"/>
      <Copy>
        <Source RefID="25"/>
        <Target RefID="28"/>
      </Copy>
    </Assign>
  </Operation>
</Service>
