<?xml version="1.0" encoding="UTF-8" standalone="no"?>
<!--
 * - - - - - - - - - - - - - - - - - - - - - - - - - -
 * Xyna 8.0 (Black Edition)
 * Xyna Development
 * - - - - - - - - - - - - - - - - - - - - - - - - - -
 * Copyright GIP AG 2018
 * (http://www.gip.com)
 * Hechtsheimer Str. 35-37
 * 55131 Mainz
 * - - - - - - - - - - - - - - - - - - - - - - - - - -
 * $Revision: 221703 $
 * $Date: 2018-04-06 15:46:47 +0200 (Fr, 06. Apr 2018) $
 --><Service xmlns="http://www.gip.com/xyna/xdev/xfractmod" ID="1" Label="AnyTypeInChoiceOutput" TypeName="AnyTypeInChoiceOutput" TypePath="xmcp.h5x.regression.PMOD863" Version="1.8">
  <Meta>
    <FixedDetailOptions>highDetailsMode,showDetailAreas</FixedDetailOptions>
  </Meta>
  <Operation ID="0" Label="AnyTypeInChoiceOutput" Name="AnyTypeInChoiceOutput">
    <Input>
      <Data ID="128" Label="Any Type" ReferenceName="AnyType" ReferencePath="base" VariableName="anyType"/>
    </Input>
    <Output/>
    <Mappings ID="131" Label="Mapping">
      <Target RefID="130"/>
      <Meta>
        <FixedDetailOptions>FillMode,openConfiguration</FixedDetailOptions>
      </Meta>
      <Output>
        <Data ID="129" Label="Any Type" ReferenceName="AnyType" ReferencePath="base" VariableName="anyType129"/>
        <Target RefID="130"/>
      </Output>
    </Mappings>
    <Choice ID="120" TypeName="BaseChoiceTypeFormula" TypePath="server">
      <Source RefID="130"/>
      <Target RefID="138"/>
      <Input>
        <Data Label="Any Type" ReferenceName="AnyType" ReferencePath="base"/>
        <Source RefID="130">
          <Meta>
            <LinkType>UserConnected</LinkType>
          </Meta>
        </Source>
      </Input>
      <Case ID="116" Label="true" Premise="%0%!=null">
        <Mappings ID="134" Label="Mapping">
          <Target RefID="133"/>
          <Meta>
            <FixedDetailOptions>FillMode,openConfiguration</FixedDetailOptions>
          </Meta>
          <Output>
            <Data ID="132" Label="AnyType" ReferenceName="AnyType" ReferencePath="base" VariableName="anyType132"/>
            <Target RefID="133"/>
          </Output>
        </Mappings>
        <Assign ID="126">
          <Source RefID="133"/>
          <Target RefID="138"/>
          <Copy>
            <Source RefID="133"/>
            <Target RefID="138"/>
          </Copy>
        </Assign>
      </Case>
      <Case ID="118" Label="false">
        <Mappings ID="137" Label="Mapping">
          <Target RefID="136"/>
          <Meta>
            <FixedDetailOptions>FillMode,openConfiguration</FixedDetailOptions>
          </Meta>
          <Output>
            <Data ID="135" Label="AnyType" ReferenceName="AnyType" ReferencePath="base" VariableName="anyType135"/>
            <Target RefID="136"/>
          </Output>
        </Mappings>
        <Assign ID="127">
          <Source RefID="136"/>
          <Target RefID="138"/>
          <Copy>
            <Source RefID="136"/>
            <Target RefID="138"/>
          </Copy>
        </Assign>
      </Case>
    </Choice>
    <Data ID="130" Label="Any Type" ReferenceName="AnyType" ReferencePath="base" VariableName="anyType130">
      <Source RefID="131"/>
      <Target RefID="120"/>
    </Data>
    <Data ID="133" Label="AnyType" ReferenceName="AnyType" ReferencePath="base" VariableName="anyType133">
      <Source RefID="134"/>
      <Target RefID="126"/>
    </Data>
    <Data ID="136" Label="AnyType" ReferenceName="AnyType" ReferencePath="base" VariableName="anyType136">
      <Source RefID="137"/>
      <Target RefID="127"/>
    </Data>
    <Data ID="138" Label="Any Type" ReferenceName="AnyType" ReferencePath="base" VariableName="anyType138">
      <Source RefID="120"/>
      <Source RefID="126"/>
      <Source RefID="127"/>
    </Data>
    <Assign ID="26"/>
  </Operation>
</Service>
