<?xml version="1.0" encoding="UTF-8" standalone="no"?>
<!--
 * - - - - - - - - - - - - - - - - - - - - - - - - - -
 * Xyna 8.2.8.0 (Black Edition)
 * Xyna Factory Management
 * - - - - - - - - - - - - - - - - - - - - - - - - - -
 * Copyright GIP AG 2015
 * (http://www.gip.com)
 * Hechtsheimer Str. 35-37
 * 55131 Mainz
 * - - - - - - - - - - - - - - - - - - - - - - - - - -
 * $Revision: 267163 $
 * $Date: 2019-10-21 17:35:06 +0200 (Mo, 21 Okt 2019) $
 --><Application applicationName="RegressionTestImportApp" comment="" factoryVersion="8.2.8.0" versionName="2" xmlVersion="1.1">
  <ApplicationInfo>
    <RuntimeContextRequirements>
      <RuntimeContextRequirement>
        <ApplicationName>Processing</ApplicationName>
        <VersionName>1.0.15</VersionName>
      </RuntimeContextRequirement>
      <RuntimeContextRequirement>
        <ApplicationName>RegExp</ApplicationName>
        <VersionName>1.0.1</VersionName>
      </RuntimeContextRequirement>
    </RuntimeContextRequirements>
  </ApplicationInfo>
  <Ordertypes>
    <Ordertype implicitDependency="true">
      <DestinationKey>typeresistantmappings.FunctionsBasics</DestinationKey>
      <OrderContextMapping>false</OrderContextMapping>
    </Ordertype>
    <Ordertype implicitDependency="true">
      <DestinationKey>typeresistantmappings.FunctionsCast</DestinationKey>
      <OrderContextMapping>false</OrderContextMapping>
    </Ordertype>
    <Ordertype implicitDependency="true">
      <DestinationKey>typeresistantmappings.FunctionsListUtils</DestinationKey>
      <OrderContextMapping>false</OrderContextMapping>
    </Ordertype>
    <Ordertype implicitDependency="true">
      <DestinationKey>typeresistantmappings.ListAccessFunctionResultIndex</DestinationKey>
      <OrderContextMapping>false</OrderContextMapping>
    </Ordertype>
    <Ordertype implicitDependency="true">
      <DestinationKey>typeresistantmappings.ListAccessNestedComplexIndex</DestinationKey>
      <OrderContextMapping>false</OrderContextMapping>
    </Ordertype>
    <Ordertype implicitDependency="true">
      <DestinationKey>typeresistantmappings.ListAccessNestedList</DestinationKey>
      <OrderContextMapping>false</OrderContextMapping>
    </Ordertype>
    <Ordertype implicitDependency="true">
      <DestinationKey>typeresistantmappings.ListAccessSimpleAdditions</DestinationKey>
      <OrderContextMapping>false</OrderContextMapping>
    </Ordertype>
    <Ordertype implicitDependency="true">
      <DestinationKey>typeresistantmappings.OperatorsAssigments</DestinationKey>
      <OrderContextMapping>false</OrderContextMapping>
    </Ordertype>
    <Ordertype implicitDependency="true">
      <DestinationKey>typeresistantmappings.OperatorsAssignmentsExceptions</DestinationKey>
      <OrderContextMapping>false</OrderContextMapping>
    </Ordertype>
    <Ordertype implicitDependency="true">
      <DestinationKey>typeresistantmappings.OperatorsBasics</DestinationKey>
      <OrderContextMapping>false</OrderContextMapping>
    </Ordertype>
    <Ordertype implicitDependency="true">
      <DestinationKey>typeresistantmappings.XMOMPersistenceBasics</DestinationKey>
      <OrderContextMapping>false</OrderContextMapping>
    </Ordertype>
  </Ordertypes>
  <XMOMEntries>
    <XMOMEntry implicitDependency="false">
      <FqName>typeresistantmappings.AbstractBaseException</FqName>
      <Type>EXCEPTION</Type>
    </XMOMEntry>
    <XMOMEntry implicitDependency="false">
      <FqName>typeresistantmappings.BaseType</FqName>
      <Type>DATATYPE</Type>
    </XMOMEntry>
    <XMOMEntry implicitDependency="false">
      <FqName>typeresistantmappings.BasicStorable</FqName>
      <Type>DATATYPE</Type>
    </XMOMEntry>
    <XMOMEntry implicitDependency="false">
      <FqName>typeresistantmappings.ExceptionType</FqName>
      <Type>EXCEPTION</Type>
    </XMOMEntry>
    <XMOMEntry implicitDependency="false">
      <FqName>typeresistantmappings.FunctionsBasics</FqName>
      <Type>WORKFLOW</Type>
    </XMOMEntry>
    <XMOMEntry implicitDependency="false">
      <FqName>typeresistantmappings.FunctionsCast</FqName>
      <Type>WORKFLOW</Type>
    </XMOMEntry>
    <XMOMEntry implicitDependency="false">
      <FqName>typeresistantmappings.FunctionsListUtils</FqName>
      <Type>WORKFLOW</Type>
    </XMOMEntry>
    <XMOMEntry implicitDependency="false">
      <FqName>typeresistantmappings.InitialA</FqName>
      <Type>DATATYPE</Type>
    </XMOMEntry>
    <XMOMEntry implicitDependency="false">
      <FqName>typeresistantmappings.InitialB</FqName>
      <Type>DATATYPE</Type>
    </XMOMEntry>
    <XMOMEntry implicitDependency="false">
      <FqName>typeresistantmappings.InstanzeMethodType</FqName>
      <Type>DATATYPE</Type>
    </XMOMEntry>
    <XMOMEntry implicitDependency="false">
      <FqName>typeresistantmappings.InterimType</FqName>
      <Type>DATATYPE</Type>
    </XMOMEntry>
    <XMOMEntry implicitDependency="false">
      <FqName>typeresistantmappings.ListAccessFunctionResultIndex</FqName>
      <Type>WORKFLOW</Type>
    </XMOMEntry>
    <XMOMEntry implicitDependency="false">
      <FqName>typeresistantmappings.ListAccessNestedComplexIndex</FqName>
      <Type>WORKFLOW</Type>
    </XMOMEntry>
    <XMOMEntry implicitDependency="false">
      <FqName>typeresistantmappings.ListAccessNestedList</FqName>
      <Type>WORKFLOW</Type>
    </XMOMEntry>
    <XMOMEntry implicitDependency="false">
      <FqName>typeresistantmappings.ListAccessSimpleAdditions</FqName>
      <Type>WORKFLOW</Type>
    </XMOMEntry>
    <XMOMEntry implicitDependency="false">
      <FqName>typeresistantmappings.ListType</FqName>
      <Type>DATATYPE</Type>
    </XMOMEntry>
    <XMOMEntry implicitDependency="false">
      <FqName>typeresistantmappings.NestedListType</FqName>
      <Type>DATATYPE</Type>
    </XMOMEntry>
    <XMOMEntry implicitDependency="false">
      <FqName>typeresistantmappings.OperatorsAssigments</FqName>
      <Type>WORKFLOW</Type>
    </XMOMEntry>
    <XMOMEntry implicitDependency="false">
      <FqName>typeresistantmappings.OperatorsAssignmentsExceptions</FqName>
      <Type>WORKFLOW</Type>
    </XMOMEntry>
    <XMOMEntry implicitDependency="false">
      <FqName>typeresistantmappings.OperatorsBasics</FqName>
      <Type>WORKFLOW</Type>
    </XMOMEntry>
    <XMOMEntry implicitDependency="false">
      <FqName>typeresistantmappings.Primitives</FqName>
      <Type>DATATYPE</Type>
    </XMOMEntry>
    <XMOMEntry implicitDependency="false">
      <FqName>typeresistantmappings.TestResultValidationError</FqName>
      <Type>EXCEPTION</Type>
    </XMOMEntry>
    <XMOMEntry implicitDependency="false">
      <FqName>typeresistantmappings.ValidationMode</FqName>
      <Type>DATATYPE</Type>
    </XMOMEntry>
    <XMOMEntry implicitDependency="false">
      <FqName>typeresistantmappings.XMOMPersistenceBasics</FqName>
      <Type>WORKFLOW</Type>
    </XMOMEntry>
  </XMOMEntries>
  <XmomStorables>
    <XmomStorable>
      <XmlName>typeresistantmappings.BasicStorable</XmlName>
      <Path/>
      <OdsName>basicstorable</OdsName>
      <FqPath/>
    </XmomStorable>
    <XmomStorable>
      <XmlName>typeresistantmappings.BasicStorable</XmlName>
      <Path>baaa</Path>
      <OdsName>basicstorable</OdsName>
      <FqPath>baaa</FqPath>
      <ColumnName>baaa</ColumnName>
    </XmomStorable>
    <XmomStorable>
      <XmlName>typeresistantmappings.BasicStorable</XmlName>
      <Path>myId0</Path>
      <OdsName>basicstorable</OdsName>
      <FqPath>myId0</FqPath>
      <ColumnName>myid0</ColumnName>
    </XmomStorable>
    <XmomStorable>
      <XmlName>typeresistantmappings.BasicStorable</XmlName>
      <Path>typename</Path>
      <OdsName>basicstorable</OdsName>
      <FqPath>typename</FqPath>
      <ColumnName>typename</ColumnName>
    </XmomStorable>
  </XmomStorables>
</Application>
