<?xml version="1.0" encoding="UTF-8" standalone="no"?>
<!--
 * - - - - - - - - - - - - - - - - - - - - - - - - - -
 * Xyna 8.0 (Black Edition)
 * Xyna Development
 * - - - - - - - - - - - - - - - - - - - - - - - - - -
 * Copyright GIP AG 2018
 * (http://www.gip.com)
 * Hechtsheimer Str. 35-37
 * 55131 Mainz
 * - - - - - - - - - - - - - - - - - - - - - - - - - -
 * $Revision: 221703 $
 * $Date: 2018-04-06 15:46:47 +0200 (Fr, 06. Apr 2018) $
 --><Service xmlns="http://www.gip.com/xyna/xdev/xfractmod" ID="22" Label="Catch Exception" TypeName="CatchException" TypePath="xmcp.h5x.regression.PMON86" Version="1.8">
  <Meta>
    <FixedDetailOptions>hideDetailAreas,highDetailsMode</FixedDetailOptions>
  </Meta>
  <Operation ID="0" Label="Catch Exception" Name="CatchException">
    <Input/>
    <Output/>
    <ServiceReference ID="4" Label="Throw Exception with Data" ReferenceName="ThrowExceptionWithData" ReferencePath="xmcp.h5x.regression.PMON86">
      <Source RefID="5"/>
      <Target RefID="5"/>
    </ServiceReference>
    <Function ID="5" Label="Throw Exception with Data">
      <Source RefID="4"/>
      <Target RefID="4"/>
      <Target RefID="6"/>
      <Meta>
        <FixedDetailOptions>openCatches</FixedDetailOptions>
      </Meta>
      <Invoke Operation="ThrowExceptionWithData" ServiceID="4"/>
      <Receive ServiceID="4"/>
      <Catch ExceptionID="6" ID="7">
        <Assign ID="18"/>
      </Catch>
    </Function>
    <Exception ID="6" Label="Exception with Data" ReferenceName="ExceptionWithData" ReferencePath="xmcp.h5x.regression.PMON86" VariableName="exceptionWithData6">
      <Source RefID="5"/>
    </Exception>
    <Assign ID="20"/>
  </Operation>
</Service>
