<?xml version="1.0" encoding="UTF-8" standalone="no"?>
<!--
 * - - - - - - - - - - - - - - - - - - - - - - - - - -
 * Xyna 8.0 (Black Edition)
 * Xyna Development
 * - - - - - - - - - - - - - - - - - - - - - - - - - -
 * Copyright GIP AG 2018
 * (http://www.gip.com)
 * Hechtsheimer Str. 35-37
 * 55131 Mainz
 * - - - - - - - - - - - - - - - - - - - - - - - - - -
 * $Revision: 221703 $
 * $Date: 2018-04-06 15:46:47 +0200 (Fr, 06. Apr 2018) $
 --><Service xmlns="http://www.gip.com/xyna/xdev/xfractmod" ID="1" Label="Throw Exception with Data" TypeName="ThrowExceptionWithData" TypePath="xmcp.h5x.regression.PMON86" Version="1.8">
  <Meta>
    <FixedDetailOptions>hideDetailAreas,highDetailsMode</FixedDetailOptions>
  </Meta>
  <Operation ID="0" Label="Throw Exception with Data" Name="ThrowExceptionWithData">
    <Input/>
    <Output/>
    <Throws>
      <Exception Label="Exception with Data" ReferenceName="ExceptionWithData" ReferencePath="xmcp.h5x.regression.PMON86" VariableName="exceptionWithData"/>
    </Throws>
    <Throw ExceptionID="4" ID="3" Label="Throw Exception with Data">
      <Source RefID="4">
        <Meta>
          <LinkType>Constant</LinkType>
        </Meta>
      </Source>
    </Throw>
    <Exception ID="4" Label="Exception with Data" ReferenceName="ExceptionWithData" ReferencePath="xmcp.h5x.regression.PMON86" VariableName="const_ExceptionWithData">
      <Target RefID="3"/>
      <Data ID="6" Label="Data" VariableName="data">
        <Meta>
          <Type>String</Type>
        </Meta>
        <Value>some data</Value>
      </Data>
      <Data ID="8" Label="Text" ReferenceName="Text" ReferencePath="base" VariableName="text">
        <Data ID="7" Label="text" VariableName="text">
          <Meta>
            <Type>String</Type>
          </Meta>
          <Value>some text</Value>
        </Data>
      </Data>
    </Exception>
    <Assign ID="2"/>
  </Operation>
</Service>
