<?xml version="1.0" encoding="UTF-8" standalone="no"?>
<!--
 * - - - - - - - - - - - - - - - - - - - - - - - - - -
 * Xyna 8.0 (Black Edition)
 * Xyna Development
 * - - - - - - - - - - - - - - - - - - - - - - - - - -
 * Copyright GIP AG 2018
 * (http://www.gip.com)
 * Hechtsheimer Str. 35-37
 * 55131 Mainz
 * - - - - - - - - - - - - - - - - - - - - - - - - - -
 * $Revision$
 * $Date$
 --><DataType xmlns="http://www.gip.com/xyna/xdev/xfractmod" IsAbstract="false" Label="AnyTypeServices" TypeName="AnyTypeServices" TypePath="xmcp.h5x.regression.utils" Version="1.8">
  <Meta>
    <IsServiceGroupOnly>true</IsServiceGroupOnly>
  </Meta>
  <Service Label="AnyTypeServices" TypeName="AnyTypeServices">
    <Operation IsStatic="true" Label="AnyTypeIn" Name="anyTypeIn">
      <Input>
        <Data ID="1" Label="AnyType" ReferenceName="AnyType" ReferencePath="base" VariableName="AnyType1">
          <Meta>
            <Type>GeneralXynaObject</Type>
          </Meta>
        </Data>
      </Input>
      <Output/>
      <SourceCode>
        <CodeSnippet Type="Java"/>
      </SourceCode>
    </Operation>
    <Operation IsStatic="true" Label="AnyTypeInAndOut" Name="anyTypeInAndOut">
      <Input>
        <Data ID="2" Label="AnyType" ReferenceName="AnyType" ReferencePath="base" VariableName="AnyType2">
          <Meta>
            <Type>GeneralXynaObject</Type>
          </Meta>
        </Data>
      </Input>
      <Output>
        <Data ID="3" Label="AnyType" ReferenceName="AnyType" ReferencePath="base" VariableName="AnyType3">
          <Meta>
            <Type>GeneralXynaObject</Type>
          </Meta>
        </Data>
      </Output>
      <SourceCode>
        <CodeSnippet Type="Java">//
return null;</CodeSnippet>
      </SourceCode>
    </Operation>
    <Operation IsStatic="true" Label="MultiAnyInAnyOut" Name="multiAnyInAnyOut">
      <Input>
        <Data ID="5" Label="AnyType" ReferenceName="AnyType" ReferencePath="base" VariableName="AnyType5">
          <Meta>
            <Type>GeneralXynaObject</Type>
          </Meta>
        </Data>
        <Data ID="6" Label="AnyType" ReferenceName="AnyType" ReferencePath="base" VariableName="AnyType6">
          <Meta>
            <Type>GeneralXynaObject</Type>
          </Meta>
        </Data>
      </Input>
      <Output>
        <Data ID="7" Label="AnyType" ReferenceName="AnyType" ReferencePath="base" VariableName="AnyType7">
          <Meta>
            <Type>GeneralXynaObject</Type>
          </Meta>
        </Data>
      </Output>
      <SourceCode>
        <CodeSnippet Type="Java">//
return null;</CodeSnippet>
      </SourceCode>
    </Operation>
    <Operation IsStatic="true" Label="AnyTypeOut" Name="anyTypeOut">
      <Input/>
      <Output>
        <Data ID="4" Label="AnyType" ReferenceName="AnyType" ReferencePath="base" VariableName="AnyType4">
          <Meta>
            <Type>GeneralXynaObject</Type>
          </Meta>
        </Data>
      </Output>
      <SourceCode>
        <CodeSnippet Type="Java">//
return null;</CodeSnippet>
      </SourceCode>
    </Operation>
  </Service>
</DataType>
