<?xml version="1.0" encoding="UTF-8" standalone="no"?>
<!--
 * - - - - - - - - - - - - - - - - - - - - - - - - - -
 * Xyna 8.0 (Black Edition)
 * Xyna Development
 * - - - - - - - - - - - - - - - - - - - - - - - - - -
 * Copyright GIP AG 2018
 * (http://www.gip.com)
 * Hechtsheimer Str. 35-37
 * 55131 Mainz
 * - - - - - - - - - - - - - - - - - - - - - - - - - -
 * $Revision: 221703 $
 * $Date: 2018-04-06 15:46:47 +0200 (Fr, 06. Apr 2018) $
 --><ExceptionStore xmlns="http://www.gip.com/xyna/3.0/utils/message/storage/1.1" Name="ExceptionStore" Version="1.8">
  <ExceptionType BaseTypeName="XynaExceptionBase" BaseTypePath="core.exception" Code="DEVEL-00237" Label="Choice Exception" TypeName="ChoiceException" TypePath="xmcp.h5x.regression.PMON49">
    <Data Label="Data" VariableName="data">
      <Meta>
        <Type>String</Type>
      </Meta>
    </Data>
  </ExceptionType>
</ExceptionStore>
