<?xml version="1.0" encoding="UTF-8" standalone="no"?>
<!--
 * - - - - - - - - - - - - - - - - - - - - - - - - - -
 * Xyna 8.0 (Black Edition)
 * Xyna Development
 * - - - - - - - - - - - - - - - - - - - - - - - - - -
 * Copyright GIP AG 2018
 * (http://www.gip.com)
 * Hechtsheimer Str. 35-37
 * 55131 Mainz
 * - - - - - - - - - - - - - - - - - - - - - - - - - -
 * $Revision: 221703 $
 * $Date: 2018-04-06 15:46:47 +0200 (Fr, 06. Apr 2018) $
 --><Service xmlns="http://www.gip.com/xyna/xdev/xfractmod" ID="1" Label="Conditional Choice - Exception in Branch" TypeName="ConditionalChoiceExceptionInBranch" TypePath="xmcp.h5x.regression.PMON49" Version="1.8">
  <Meta>
    <FixedDetailOptions>hideDetailAreas,highDetailsMode</FixedDetailOptions>
  </Meta>
  <Operation ID="0" Label="Conditional Choice - Exception in Branch" Name="ConditionalChoiceExceptionInBranch">
    <Input/>
    <Output/>
    <Throws>
      <Exception Label="Choice Exception" ReferenceName="ChoiceException" ReferencePath="xmcp.h5x.regression.PMON49" VariableName="choiceException"/>
    </Throws>
    <Choice ID="6" TypeName="BaseChoiceTypeFormula" TypePath="server">
      <Case ID="2" Label="true" Premise="&quot;true&quot;">
        <Throw ExceptionID="11" ID="8" Label="Throw Choice Exception">
          <Source RefID="11">
            <Meta>
              <LinkType>Constant</LinkType>
            </Meta>
          </Source>
        </Throw>
        <Assign ID="4"/>
      </Case>
      <Case ID="3" Label="false">
        <Assign ID="5"/>
      </Case>
    </Choice>
    <Exception ID="11" Label="Choice Exception" ReferenceName="ChoiceException" ReferencePath="xmcp.h5x.regression.PMON49" VariableName="const_ChoiceException">
      <Target RefID="8"/>
      <Data Label="Data" VariableName="data">
        <Meta>
          <Type>String</Type>
        </Meta>
        <Value>Execption in True Case</Value>
      </Data>
    </Exception>
    <Assign ID="7"/>
  </Operation>
</Service>
