<?xml version="1.0" encoding="UTF-8" standalone="no"?>
<!--
 * - - - - - - - - - - - - - - - - - - - - - - - - - -
 * Xyna 8.0 (Black Edition)
 * Xyna Development
 * - - - - - - - - - - - - - - - - - - - - - - - - - -
 * Copyright GIP AG 2018
 * (http://www.gip.com)
 * Hechtsheimer Str. 35-37
 * 55131 Mainz
 * - - - - - - - - - - - - - - - - - - - - - - - - - -
 * $Revision: 221703 $
 * $Date: 2018-04-06 15:46:47 +0200 (Fr, 06. Apr 2018) $
 --><Service xmlns="http://www.gip.com/xyna/xdev/xfractmod" ID="1" Label="Conditional Choice - Exception in Condition" TypeName="ConditionalChoiceExceptionInCondition" TypePath="xmcp.h5x.regression.PMON49" Version="1.8">
  <Meta>
    <FixedDetailOptions>hideDetailAreas,highDetailsMode</FixedDetailOptions>
  </Meta>
  <Operation ID="0" Label="Conditional Choice - Exception in Condition" Name="ConditionalChoiceExceptionInCondition">
    <Input/>
    <Output/>
    <Mappings ID="18" Label="Create Null">
      <Target RefID="16"/>
      <Meta>
        <FixedDetailOptions>FillMode,openConfiguration,FlatMode</FixedDetailOptions>
      </Meta>
      <Output>
        <Data ID="17" Label="Text" ReferenceName="Text" ReferencePath="base" VariableName="text17"/>
        <Target RefID="16"/>
      </Output>
      <Mapping>%0%=null</Mapping>
    </Mappings>
    <Choice ID="6" TypeName="BaseChoiceTypeFormula" TypePath="server">
      <Source RefID="16"/>
      <Input>
        <Data Label="Text" ReferenceName="Text" ReferencePath="base"/>
        <Source RefID="16">
          <Meta>
            <LinkType>UserConnected</LinkType>
          </Meta>
        </Source>
      </Input>
      <Case ID="2" Label="true" Premise="%0%.text==&quot;Unexpected String&quot;">
        <Assign ID="4"/>
      </Case>
      <Case ID="3" Label="false">
        <Assign ID="5"/>
      </Case>
    </Choice>
    <Data ID="16" Label="Text" ReferenceName="Text" ReferencePath="base" VariableName="text">
      <Source RefID="18"/>
      <Target RefID="6"/>
    </Data>
    <Assign ID="7"/>
  </Operation>
</Service>
