<?xml version="1.0" encoding="UTF-8" standalone="no"?>
<!--
 * - - - - - - - - - - - - - - - - - - - - - - - - - -
 * Xyna 8.0 (Black Edition)
 * Xyna Development
 * - - - - - - - - - - - - - - - - - - - - - - - - - -
 * Copyright GIP AG 2018
 * (http://www.gip.com)
 * Hechtsheimer Str. 35-37
 * 55131 Mainz
 * - - - - - - - - - - - - - - - - - - - - - - - - - -
 * $Revision: $
 * $Date: $
 --><Service xmlns="http://www.gip.com/xyna/xdev/xfractmod" Label="Conditional Choice - boolean" TypeName="ConditionalChoiceBoolean" TypePath="xmcp.h5x.regression.PMON49" Version="1.8">
  <Meta>
    <FixedDetailOptions>hideDetailAreas,highDetailsMode</FixedDetailOptions>
  </Meta>
  <Operation ID="0" IsStatic="false" Label="Conditional Choice - boolean" Name="ConditionalChoiceBoolean">
    <Input>
      <Data ID="47" Label="Datatype with Boolean" ReferenceName="DatatypeWithBoolean" ReferencePath="xmcp.h5x.regression.PMON49" VariableName="datatypeWithBoolean47"/>
    </Input>
    <Output>
      <Data ID="40" Label="Text" ReferenceName="Text" ReferencePath="base" VariableName="text40"/>
    </Output>
    <Choice ID="6" TypeName="BaseChoiceTypeFormula" TypePath="server">
      <Source RefID="47"/>
      <Target RefID="31"/>
      <Input>
        <Data ID="41" Label="Datatype with Boolean" ReferenceName="DatatypeWithBoolean" ReferencePath="xmcp.h5x.regression.PMON49" VariableName="datatypeWithBoolean41"/>
        <Source RefID="47"/>
      </Input>
      <Case ID="7" Label="true" Premise="%0%.data">
        <Assign ID="11"/>
        <Mappings ID="24" Label="Return &quot;Condition was true&quot;">
          <Meta>
            <FixedDetailOptions>FillMode,openConfiguration,FlatMode</FixedDetailOptions>
          </Meta>
          <Output>
            <Data ID="25" Label="Text for true" ReferenceName="Text" ReferencePath="base" VariableName="text25"/>
            <Target RefID="20"/>
          </Output>
          <Mapping>%0%.text="Condition was true"</Mapping>
        </Mappings>
        <Assign ID="10">
          <Source RefID="20"/>
          <Target RefID="31"/>
          <Copy>
            <Source RefID="20"/>
            <Target RefID="31"/>
          </Copy>
        </Assign>
      </Case>
      <Case ID="8" Label="false">
        <Assign ID="14"/>
        <Mappings ID="29" Label="Return &quot;Condition was false&quot;">
          <Meta>
            <FixedDetailOptions>openConfiguration,FlatMode</FixedDetailOptions>
          </Meta>
          <Output>
            <Data ID="27" Label="Text for false" ReferenceName="Text" ReferencePath="base" VariableName="text27"/>
            <Target RefID="30"/>
          </Output>
          <Mapping>%0%.text="Condition was false"</Mapping>
        </Mappings>
        <Assign ID="13">
          <Source RefID="30"/>
          <Target RefID="31"/>
          <Copy>
            <Source RefID="30"/>
            <Target RefID="31"/>
          </Copy>
        </Assign>
      </Case>
    </Choice>
    <Data ID="20" Label="Text" ReferenceName="Text" ReferencePath="base" VariableName="text">
      <Source RefID="24"/>
      <Target RefID="10"/>
    </Data>
    <Data ID="30" Label="Text" ReferenceName="Text" ReferencePath="base" VariableName="text30">
      <Source RefID="29"/>
      <Target RefID="13"/>
    </Data>
    <Data ID="31" Label="Text" ReferenceName="Text" ReferencePath="base" VariableName="text31">
      <Source RefID="13"/>
      <Source RefID="6"/>
      <Source RefID="10"/>
      <Target RefID="1"/>
    </Data>
    <Assign ID="1">
      <Source RefID="31"/>
      <Target RefID="40"/>
      <Copy>
        <Source RefID="31"/>
        <Target RefID="40"/>
      </Copy>
    </Assign>
  </Operation>
</Service>
