<?xml version="1.0" encoding="UTF-8" standalone="no"?>
<!--
 * - - - - - - - - - - - - - - - - - - - - - - - - - -
 * Xyna 8.0 (Black Edition)
 * Xyna Development
 * - - - - - - - - - - - - - - - - - - - - - - - - - -
 * Copyright GIP AG 2018
 * (http://www.gip.com)
 * Hechtsheimer Str. 35-37
 * 55131 Mainz
 * - - - - - - - - - - - - - - - - - - - - - - - - - -
 * $Revision: 221703 $
 * $Date: 2018-04-06 15:46:47 +0200 (Fr, 06. Apr 2018) $
 --><Service xmlns="http://www.gip.com/xyna/xdev/xfractmod" ID="1" Label="Conditional Branching - Text" TypeName="ConditionalBranchingText" TypePath="xmcp.h5x.regression.PMON49" Version="1.8">
  <Meta>
    <FixedDetailOptions>hideDetailAreas,highDetailsMode</FixedDetailOptions>
  </Meta>
  <Operation ID="0" Label="Conditional Branching - Text" Name="ConditionalBranchingText">
    <Input>
      <Data ID="37" Label="Text" ReferenceName="Text" ReferencePath="base" VariableName="text37">
        <Target RefID="16"/>
      </Data>
    </Input>
    <Output>
      <Data ID="45" Label="Text" ReferenceName="Text" ReferencePath="base" VariableName="text45">
        <Source RefID="18"/>
      </Data>
    </Output>
    <Choice ID="16" TypeName="BaseChoiceTypeFormula" TypePath="server">
      <Source RefID="37"/>
      <Target RefID="44"/>
      <Meta>
        <OuterConditionPart>%0%.text?</OuterConditionPart>
      </Meta>
      <Input>
        <Data ID="31" Label="Text" ReferenceName="Text" ReferencePath="base" VariableName="text31"/>
        <Source RefID="37"/>
      </Input>
      <Case ID="20" Premise="%0%.text==&quot;Expected String&quot;">
        <Meta>
          <FixedDetailOptions>openCase</FixedDetailOptions>
        </Meta>
        <Mappings ID="40" Label="Return &quot;Condition was true&quot;">
          <Target RefID="39"/>
          <Output>
            <Data ID="46" Label="Text for true" ReferenceName="Text" ReferencePath="base" VariableName="text"/>
            <Target RefID="39"/>
          </Output>
          <Mapping>%0%.text="Condition was true"</Mapping>
        </Mappings>
        <Assign ID="28">
          <Source RefID="39"/>
          <Target RefID="44"/>
          <Copy>
            <Source RefID="39"/>
            <Target RefID="44"/>
          </Copy>
        </Assign>
      </Case>
      <Case ID="5" IsDefault="true" Label="default">
        <Meta>
          <FixedDetailOptions>openCase</FixedDetailOptions>
        </Meta>
        <Mappings ID="43" Label="Return &quot;Condition was false&quot;">
          <Target RefID="42"/>
          <Output>
            <Data ID="41" Label="Text for false" ReferenceName="Text" ReferencePath="base" VariableName="text41"/>
            <Target RefID="42"/>
          </Output>
          <Mapping>%0%.text="Condition was false"</Mapping>
        </Mappings>
        <Assign ID="17">
          <Source RefID="42"/>
          <Target RefID="44"/>
          <Copy>
            <Source RefID="42"/>
            <Target RefID="44"/>
          </Copy>
        </Assign>
      </Case>
    </Choice>
    <Data ID="39" Label="Text for true" ReferenceName="Text" ReferencePath="base" VariableName="text39">
      <Source RefID="40"/>
      <Target RefID="28"/>
    </Data>
    <Data ID="42" Label="Text for false" ReferenceName="Text" ReferencePath="base" VariableName="text42">
      <Source RefID="43"/>
      <Target RefID="17"/>
    </Data>
    <Data ID="44" Label="Text" ReferenceName="Text" ReferencePath="base" VariableName="text44">
      <Source RefID="16"/>
      <Source RefID="28"/>
      <Source RefID="17"/>
      <Target RefID="18"/>
    </Data>
    <Assign ID="18">
      <Source RefID="44"/>
      <Target RefID="45"/>
      <Copy>
        <Source RefID="44">
          <Meta>
            <LinkType>UserConnected</LinkType>
          </Meta>
        </Source>
        <Target RefID="45"/>
      </Copy>
    </Assign>
  </Operation>
</Service>
