<?xml version="1.0" encoding="UTF-8" standalone="no"?>
<!--
 * - - - - - - - - - - - - - - - - - - - - - - - - - -
 * Xyna 8.0 (Black Edition)
 * Xyna Development
 * - - - - - - - - - - - - - - - - - - - - - - - - - -
 * Copyright GIP AG 2018
 * (http://www.gip.com)
 * Hechtsheimer Str. 35-37
 * 55131 Mainz
 * - - - - - - - - - - - - - - - - - - - - - - - - - -
 * $Revision: 221703 $
 * $Date: 2018-04-06 15:46:47 +0200 (Fr, 06. Apr 2018) $
 --><Service xmlns="http://www.gip.com/xyna/xdev/xfractmod" ID="1" Label="Conditional Branching - Exception in Condition" TypeName="ConditionalBranchingExceptionInCondition" TypePath="xmcp.h5x.regression.PMON49" Version="1.8">
  <Meta>
    <FixedDetailOptions>hideDetailAreas,highDetailsMode</FixedDetailOptions>
  </Meta>
  <Operation ID="0" Label="Conditional Branching - Exception in Condition" Name="ConditionalBranchingExceptionInCondition">
    <Input/>
    <Output/>
    <Mappings ID="38" Label="Mapping">
      <Target RefID="36"/>
      <Meta>
        <FixedDetailOptions>FillMode,openConfiguration,FlatMode</FixedDetailOptions>
        <FixedWidth>242</FixedWidth>
        <FixedHeight>32</FixedHeight>
      </Meta>
      <Output>
        <Data ID="37" Label="Text" ReferenceName="Text" ReferencePath="base" VariableName="text37"/>
        <Target RefID="36"/>
      </Output>
      <Mapping>%0%=null</Mapping>
    </Mappings>
    <Choice ID="16" TypeName="BaseChoiceTypeFormula" TypePath="server">
      <Source RefID="36"/>
      <Meta>
        <OuterConditionPart>%0%.text?</OuterConditionPart>
      </Meta>
      <Input>
        <Data ID="31" Label="Text" ReferenceName="Text" ReferencePath="base" VariableName="text31"/>
        <Source RefID="36"/>
      </Input>
      <Case ID="20" Premise="%0%.text==&quot;Expected String&quot;">
        <Meta>
          <FixedDetailOptions>openCase</FixedDetailOptions>
        </Meta>
        <Assign ID="28"/>
      </Case>
      <Case ID="5" IsDefault="true" Label="default">
        <Meta>
          <FixedDetailOptions>openCase</FixedDetailOptions>
        </Meta>
        <Assign ID="17"/>
      </Case>
    </Choice>
    <Data ID="36" Label="Text" ReferenceName="Text" ReferencePath="base" VariableName="text">
      <Source RefID="38"/>
      <Target RefID="16"/>
    </Data>
    <Assign ID="18"/>
  </Operation>
</Service>
