<?xml version="1.0" encoding="UTF-8" standalone="no"?>
<!--
 * - - - - - - - - - - - - - - - - - - - - - - - - - -
 * Xyna 8.0 (Black Edition)
 * Xyna Development
 * - - - - - - - - - - - - - - - - - - - - - - - - - -
 * Copyright GIP AG 2018
 * (http://www.gip.com)
 * Hechtsheimer Str. 35-37
 * 55131 Mainz
 * - - - - - - - - - - - - - - - - - - - - - - - - - -
 * $Revision: 221703 $
 * $Date: 2018-04-06 15:46:47 +0200 (Fr, 06. Apr 2018) $
 --><Service xmlns="http://www.gip.com/xyna/xdev/xfractmod" ID="1" Label="Conditional Branching - merged Cases" TypeName="ConditionalBranchingMergedCases" TypePath="xmcp.h5x.regression.PMON49" Version="1.8">
  <Meta>
    <FixedDetailOptions>hideDetailAreas,highDetailsMode</FixedDetailOptions>
  </Meta>
  <Operation ID="0" Label="Conditional Branching - merged Cases" Name="ConditionalBranchingMergedCases">
    <Input>
      <Data ID="19" Label="Text" ReferenceName="Text" ReferencePath="base" VariableName="text">
        <Target RefID="16"/>
      </Data>
    </Input>
    <Output>
      <Data ID="30" Label="Text" ReferenceName="Text" ReferencePath="base" VariableName="text30">
        <Source RefID="18"/>
      </Data>
    </Output>
    <Choice ID="16" TypeName="BaseChoiceTypeFormula" TypePath="server">
      <Source RefID="19"/>
      <Target RefID="33"/>
      <Meta>
        <OuterConditionPart>%0%.text?</OuterConditionPart>
      </Meta>
      <Input>
        <Data ID="31" Label="Text" ReferenceName="Text" ReferencePath="base" VariableName="text31"/>
        <Source RefID="19"/>
      </Input>
      <Case Alias="20" ID="32" Premise="%0%.text==&quot;Expected String 2&quot;"/>
      <Case ID="20" Premise="%0%.text==&quot;Expected String&quot;">
        <Mappings ID="23" Label="Return &quot;Condition was true&quot;">
          <Target RefID="22"/>
          <Meta>
            <FixedDetailOptions>openConfiguration</FixedDetailOptions>
          </Meta>
          <Output>
            <Data ID="21" Label="Text for true" ReferenceName="Text" ReferencePath="base" VariableName="text21"/>
            <Target RefID="22"/>
          </Output>
          <Mapping>%0%.text="Condition was true"</Mapping>
        </Mappings>
        <Assign ID="28">
          <Source RefID="22"/>
          <Target RefID="33"/>
          <Copy>
            <Source RefID="22"/>
            <Target RefID="33"/>
          </Copy>
        </Assign>
      </Case>
      <Case ID="5" IsDefault="true" Label="default">
        <Meta>
          <FixedDetailOptions>openCase</FixedDetailOptions>
        </Meta>
        <Mappings ID="26" Label="Return &quot;Condition was false&quot;">
          <Target RefID="25"/>
          <Meta>
            <FixedDetailOptions>openConfiguration</FixedDetailOptions>
          </Meta>
          <Output>
            <Data ID="24" Label="Text for false" ReferenceName="Text" ReferencePath="base" VariableName="text24"/>
            <Target RefID="25"/>
          </Output>
          <Mapping>%0%.text="Condition was false"</Mapping>
        </Mappings>
        <Assign ID="17">
          <Source RefID="25"/>
          <Target RefID="33"/>
          <Copy>
            <Source RefID="25"/>
            <Target RefID="33"/>
          </Copy>
        </Assign>
      </Case>
    </Choice>
    <Data ID="22" Label="Text for true" ReferenceName="Text" ReferencePath="base" VariableName="text22">
      <Source RefID="23"/>
      <Target RefID="28"/>
    </Data>
    <Data ID="25" Label="Text for false" ReferenceName="Text" ReferencePath="base" VariableName="text25">
      <Source RefID="26"/>
      <Target RefID="17"/>
    </Data>
    <Data ID="33" Label="Text" ReferenceName="Text" ReferencePath="base" VariableName="text33">
      <Source RefID="16"/>
      <Source RefID="28"/>
      <Source RefID="17"/>
      <Target RefID="18"/>
    </Data>
    <Assign ID="18">
      <Source RefID="33"/>
      <Target RefID="30"/>
      <Copy>
        <Source RefID="33">
          <Meta>
            <LinkType>UserConnected</LinkType>
          </Meta>
        </Source>
        <Target RefID="30"/>
      </Copy>
    </Assign>
  </Operation>
</Service>
