<?xml version="1.0" encoding="UTF-8" standalone="no"?>
<!--
 * - - - - - - - - - - - - - - - - - - - - - - - - - -
 * Xyna 8.0 (Black Edition)
 * Xyna Development
 * - - - - - - - - - - - - - - - - - - - - - - - - - -
 * Copyright GIP AG 2018
 * (http://www.gip.com)
 * Hechtsheimer Str. 35-37
 * 55131 Mainz
 * - - - - - - - - - - - - - - - - - - - - - - - - - -
 * $Revision: 221703 $
 * $Date: 2018-04-06 15:46:47 +0200 (Fr, 06. Apr 2018) $
 --><Service xmlns="http://www.gip.com/xyna/xdev/xfractmod" ID="64" Label="Conditional Choice - nested" TypeName="ConditionalChoiceNested" TypePath="xmcp.h5x.regression.PMON49" Version="1.8">
  <Meta>
    <FixedDetailOptions>hideDetailAreas,highDetailsMode</FixedDetailOptions>
  </Meta>
  <Operation ID="0" Label="Conditional Choice - nested" Name="ConditionalChoiceNested">
    <Input>
      <Data ID="49" Label="Text" ReferenceName="Text" ReferencePath="base" VariableName="text49">
        <Target RefID="61"/>
        <Target RefID="6"/>
      </Data>
    </Input>
    <Output>
      <Data ID="40" Label="Text" ReferenceName="Text" ReferencePath="base" VariableName="text40">
        <Source RefID="1"/>
      </Data>
    </Output>
    <Choice ID="6" TypeName="BaseChoiceTypeFormula" TypePath="server">
      <Source RefID="49"/>
      <Target RefID="31"/>
      <Input>
        <Data ID="50" Label="Text" ReferenceName="Text" ReferencePath="base" VariableName="text50"/>
        <Source RefID="49"/>
      </Input>
      <Case ID="7" Label="true" Premise="length(%0%.text)&gt;&quot;0&quot;">
        <Assign ID="11"/>
        <Choice ID="61" TypeName="BaseChoiceTypeFormula" TypePath="server">
          <Source RefID="49"/>
          <Target RefID="60"/>
          <Input>
            <Data ID="55" Label="Text" ReferenceName="Text" ReferencePath="base" VariableName="text55"/>
            <Source RefID="49"/>
          </Input>
          <Case ID="52" Label="true" Premise="%0%.text==&quot;Expected String&quot;">
            <Mappings ID="57" Label="Return &quot;Condition was true&quot;">
              <Target RefID="56"/>
              <Output>
                <Data ID="51" Label="Text for true" ReferenceName="Text" ReferencePath="base" VariableName="text51"/>
                <Target RefID="56"/>
              </Output>
              <Mapping>%0%.text="Input was as expected"</Mapping>
            </Mappings>
            <Assign ID="62">
              <Source RefID="56"/>
              <Target RefID="60"/>
              <Copy>
                <Source RefID="56"/>
                <Target RefID="60"/>
              </Copy>
            </Assign>
          </Case>
          <Case ID="54" Label="false">
            <Mappings ID="59" Label="Return &quot;Condition was false&quot;">
              <Target RefID="58"/>
              <Output>
                <Data ID="53" Label="Text for false" ReferenceName="Text" ReferencePath="base" VariableName="text53"/>
                <Target RefID="58"/>
              </Output>
              <Mapping>%0%.text="Input was unexpected"</Mapping>
            </Mappings>
            <Assign ID="63">
              <Source RefID="58"/>
              <Target RefID="60"/>
              <Copy>
                <Source RefID="58"/>
                <Target RefID="60"/>
              </Copy>
            </Assign>
          </Case>
        </Choice>
        <Assign ID="10">
          <Source RefID="60"/>
          <Target RefID="31"/>
          <Copy>
            <Source RefID="60"/>
            <Target RefID="31"/>
          </Copy>
        </Assign>
      </Case>
      <Case ID="8" Label="false">
        <Assign ID="14"/>
        <Mappings ID="29" Label="Return &quot;Condition was false&quot;">
          <Target RefID="30"/>
          <Meta>
            <FixedDetailOptions>openConfiguration,FlatMode</FixedDetailOptions>
          </Meta>
          <Output>
            <Data ID="27" Label="Text for false" ReferenceName="Text" ReferencePath="base" VariableName="text27"/>
            <Target RefID="30"/>
          </Output>
          <Mapping>%0%.text="Input was empty"</Mapping>
        </Mappings>
        <Assign ID="13">
          <Source RefID="30"/>
          <Target RefID="31"/>
          <Copy>
            <Source RefID="30"/>
            <Target RefID="31"/>
          </Copy>
        </Assign>
      </Case>
    </Choice>
    <Data ID="30" Label="Text" ReferenceName="Text" ReferencePath="base" VariableName="text30">
      <Source RefID="29"/>
      <Target RefID="13"/>
    </Data>
    <Data ID="31" Label="Text" ReferenceName="Text" ReferencePath="base" VariableName="text31">
      <Source RefID="6"/>
      <Source RefID="10"/>
      <Source RefID="13"/>
      <Target RefID="1"/>
    </Data>
    <Data ID="56" Label="Text for true" ReferenceName="Text" ReferencePath="base" VariableName="text56">
      <Source RefID="57"/>
      <Target RefID="62"/>
    </Data>
    <Data ID="58" Label="Text for false" ReferenceName="Text" ReferencePath="base" VariableName="text58">
      <Source RefID="59"/>
      <Target RefID="63"/>
    </Data>
    <Data ID="60" Label="Text" ReferenceName="Text" ReferencePath="base" VariableName="text60">
      <Source RefID="61"/>
      <Source RefID="62"/>
      <Source RefID="63"/>
      <Target RefID="10"/>
    </Data>
    <Assign ID="1">
      <Source RefID="31"/>
      <Target RefID="40"/>
      <Copy>
        <Source RefID="31">
          <Meta>
            <LinkType>UserConnected</LinkType>
          </Meta>
        </Source>
        <Target RefID="40"/>
      </Copy>
    </Assign>
  </Operation>
</Service>
