<?xml version="1.0" encoding="UTF-8" standalone="no"?>
<!--
 * - - - - - - - - - - - - - - - - - - - - - - - - - -
 * Xyna 8.0 (Black Edition)
 * Xyna Development
 * - - - - - - - - - - - - - - - - - - - - - - - - - -
 * Copyright GIP AG 2018
 * (http://www.gip.com)
 * Hechtsheimer Str. 35-37
 * 55131 Mainz
 * - - - - - - - - - - - - - - - - - - - - - - - - - -
 * $Revision: 221703 $
 * $Date: 2018-04-06 15:46:47 +0200 (Fr, 06. Apr 2018) $
 --><Service xmlns="http://www.gip.com/xyna/xdev/xfractmod" ID="1" Label="Conditional Branching - User Output" TypeName="ConditionalBranchingUserOutput" TypePath="xmcp.h5x.regression.PMON49" Version="1.8">
  <Meta>
    <FixedDetailOptions>hideDetailAreas,highDetailsMode</FixedDetailOptions>
  </Meta>
  <Operation ID="0" Label="Conditional Branching - User Output" Name="ConditionalBranchingUserOutput">
    <Input>
      <Data ID="19" Label="Text" ReferenceName="Text" ReferencePath="base" VariableName="text">
        <Target RefID="16"/>
      </Data>
    </Input>
    <Output>
      <Data ID="35" Label="Count" ReferenceName="Count" ReferencePath="base" VariableName="count35">
        <Source RefID="18"/>
      </Data>
    </Output>
    <Choice ID="16" TypeName="BaseChoiceTypeFormula" TypePath="server">
      <Source RefID="19"/>
      <Target RefID="32"/>
      <Meta>
        <OuterConditionPart>%0%.text?</OuterConditionPart>
      </Meta>
      <Input>
        <Data ID="31" Label="Text" ReferenceName="Text" ReferencePath="base" VariableName="text31"/>
        <Source RefID="19"/>
      </Input>
      <Case ID="20" Premise="%0%.text==&quot;Expected String&quot;">
        <Meta>
          <FixedDetailOptions>openCase</FixedDetailOptions>
        </Meta>
        <Assign ID="28">
          <Source RefID="36"/>
          <Target RefID="32"/>
          <Copy>
            <Source RefID="36">
              <Meta>
                <LinkType>Constant</LinkType>
              </Meta>
            </Source>
            <Target RefID="32"/>
          </Copy>
        </Assign>
      </Case>
      <Case ID="5" IsDefault="true" Label="default">
        <Meta>
          <FixedDetailOptions>openCase</FixedDetailOptions>
        </Meta>
        <Assign ID="17">
          <Source RefID="37"/>
          <Target RefID="32"/>
          <Copy>
            <Source RefID="37">
              <Meta>
                <LinkType>Constant</LinkType>
              </Meta>
            </Source>
            <Target RefID="32"/>
          </Copy>
        </Assign>
      </Case>
    </Choice>
    <Data ID="32" Label="Count" ReferenceName="Count" ReferencePath="base" VariableName="count">
      <Source RefID="16"/>
      <Source RefID="28"/>
      <Source RefID="17"/>
      <Target RefID="18"/>
      <Meta>
        <UserOutput>true</UserOutput>
      </Meta>
    </Data>
    <Data ID="36" Label="Count" ReferenceName="Count" ReferencePath="base" VariableName="const_Count">
      <Target RefID="28"/>
      <Data Label="count" VariableName="count">
        <Meta>
          <Type>long</Type>
        </Meta>
        <Value>1</Value>
      </Data>
    </Data>
    <Data ID="37" Label="Count" ReferenceName="Count" ReferencePath="base" VariableName="count37">
      <Target RefID="17"/>
      <Data Label="count" VariableName="count">
        <Meta>
          <Type>long</Type>
        </Meta>
        <Value>0</Value>
      </Data>
    </Data>
    <Assign ID="18">
      <Source RefID="32"/>
      <Target RefID="35"/>
      <Copy>
        <Source RefID="32"/>
        <Target RefID="35"/>
      </Copy>
    </Assign>
  </Operation>
</Service>
