<?xml version="1.0" encoding="UTF-8" standalone="no"?>
<!--
 * - - - - - - - - - - - - - - - - - - - - - - - - - -
 * Xyna 8.0 (Black Edition)
 * Xyna Development
 * - - - - - - - - - - - - - - - - - - - - - - - - - -
 * Copyright GIP AG 2018
 * (http://www.gip.com)
 * Hechtsheimer Str. 35-37
 * 55131 Mainz
 * - - - - - - - - - - - - - - - - - - - - - - - - - -
 * $Revision: 221703 $
 * $Date: 2018-04-06 15:46:47 +0200 (Fr, 06. Apr 2018) $
 --><Service xmlns="http://www.gip.com/xyna/xdev/xfractmod" ID="1" Label="Type Choice" TypeName="TypeChoice" TypePath="xmcp.h5x.regression.PMON49" Version="1.8">
  <Meta>
    <FixedDetailOptions>hideDetailAreas,highDetailsMode,hScroll(2)</FixedDetailOptions>
  </Meta>
  <Operation ID="0" Label="Type Choice" Name="TypeChoice">
    <Input>
      <Data ID="12" Label="Super" ReferenceName="Super" ReferencePath="xmcp.h5x.regression.PMON49" VariableName="super12">
        <Target RefID="13"/>
        <Target RefID="7"/>
        <Target RefID="9"/>
        <Target RefID="11"/>
      </Data>
    </Input>
    <Output>
      <Data ID="26" Label="Text" ReferenceName="Text" ReferencePath="base" VariableName="text26">
        <Source RefID="27"/>
      </Data>
    </Output>
    <Choice ID="13" TypeName="BaseChoiceTypeSubclasses" TypePath="server">
      <Source RefID="12"/>
      <Target RefID="22"/>
      <Input>
        <Data ID="5" Label="Super" ReferenceName="Super" ReferencePath="xmcp.h5x.regression.PMON49" VariableName="super5"/>
        <Source RefID="12"/>
      </Input>
      <Case ID="2" Label="Sub 1" Premise="xmcp.h5x.regression.PMON49.Sub1">
        <Assign ID="7"/>
        <Mappings ID="15" Label="Build return value">
          <Target RefID="14"/>
          <Meta>
            <FixedDetailOptions>openConfiguration</FixedDetailOptions>
          </Meta>
          <Output>
            <Data Label="Text for true" ReferenceName="Text" ReferencePath="base" VariableName="text"/>
            <Target RefID="14"/>
          </Output>
          <Mapping>%0%.text="Type was Sub 1"</Mapping>
        </Mappings>
        <Assign ID="23">
          <Source RefID="14"/>
          <Target RefID="22"/>
          <Copy>
            <Source RefID="14"/>
            <Target RefID="22"/>
          </Copy>
        </Assign>
      </Case>
      <Case ID="3" Label="Sub 2" Premise="xmcp.h5x.regression.PMON49.Sub2">
        <Assign ID="11"/>
        <Mappings ID="18" Label="Build return value">
          <Target RefID="17"/>
          <Meta>
            <FixedDetailOptions>openConfiguration</FixedDetailOptions>
          </Meta>
          <Output>
            <Data ID="16" Label="Text for true" ReferenceName="Text" ReferencePath="base" VariableName="text16"/>
            <Target RefID="17"/>
          </Output>
          <Mapping>%0%.text="Type was Sub 2"</Mapping>
        </Mappings>
        <Assign ID="24">
          <Source RefID="17"/>
          <Target RefID="22"/>
          <Copy>
            <Source RefID="17"/>
            <Target RefID="22"/>
          </Copy>
        </Assign>
      </Case>
      <Case ID="4" Label="Super" Premise="xmcp.h5x.regression.PMON49.Super">
        <Assign ID="9"/>
        <Mappings ID="21" Label="Build return value">
          <Target RefID="20"/>
          <Meta>
            <FixedDetailOptions>openConfiguration</FixedDetailOptions>
          </Meta>
          <Output>
            <Data ID="19" Label="Text for true" ReferenceName="Text" ReferencePath="base" VariableName="text19"/>
            <Target RefID="20"/>
          </Output>
          <Mapping>%0%.text="Type was Super"</Mapping>
        </Mappings>
        <Assign ID="25">
          <Source RefID="20"/>
          <Target RefID="22"/>
          <Copy>
            <Source RefID="20"/>
            <Target RefID="22"/>
          </Copy>
        </Assign>
      </Case>
    </Choice>
    <Data ID="14" Label="Text for true" ReferenceName="Text" ReferencePath="base" VariableName="text14">
      <Source RefID="15"/>
      <Target RefID="23"/>
    </Data>
    <Data ID="17" Label="Text for true" ReferenceName="Text" ReferencePath="base" VariableName="text17">
      <Source RefID="18"/>
      <Target RefID="24"/>
    </Data>
    <Data ID="20" Label="Text for true" ReferenceName="Text" ReferencePath="base" VariableName="text20">
      <Source RefID="21"/>
      <Target RefID="25"/>
    </Data>
    <Data ID="22" Label="Text" ReferenceName="Text" ReferencePath="base" VariableName="text22">
      <Source RefID="13"/>
      <Source RefID="23"/>
      <Source RefID="24"/>
      <Source RefID="25"/>
      <Target RefID="27"/>
    </Data>
    <Assign ID="27">
      <Source RefID="22"/>
      <Target RefID="26"/>
      <Copy>
        <Source RefID="22"/>
        <Target RefID="26"/>
      </Copy>
    </Assign>
  </Operation>
</Service>
