<?xml version="1.0" encoding="UTF-8" standalone="no"?>
<!--
 * - - - - - - - - - - - - - - - - - - - - - - - - - -
 * Xyna 8.0 (Black Edition)
 * Xyna Development
 * - - - - - - - - - - - - - - - - - - - - - - - - - -
 * Copyright GIP AG 2018
 * (http://www.gip.com)
 * Hechtsheimer Str. 35-37
 * 55131 Mainz
 * - - - - - - - - - - - - - - - - - - - - - - - - - -
 * $Revision: 221703 $
 * $Date: 2018-04-06 15:46:47 +0200 (Fr, 06. Apr 2018) $
 --><Service xmlns="http://www.gip.com/xyna/xdev/xfractmod" ID="1" Label="Multiple Queries" TypeName="MultipleQueries" TypePath="xmcp.h5x.regression.PMON45" Version="1.8">
  <Meta>
    <FixedDetailOptions>highDetailsMode,showDetailAreas</FixedDetailOptions>
  </Meta>
  <Operation ID="0" Label="Multiple Queries" Name="MultipleQueries">
    <Input/>
    <Output/>
    <Throws>
      <Exception Label="XMOM Storable Access Exception" ReferenceName="XMOMStorableAccessException" ReferencePath="xnwh.persistence" VariableName="xMOMStorableAccessException"/>
    </Throws>
    <ServiceReference ID="4" Label="Persistence Services" ReferenceName="PersistenceServices.PersistenceServices" ReferencePath="xnwh.persistence">
      <Source RefID="5"/>
      <Source RefID="15"/>
      <Target RefID="5"/>
      <Target RefID="15"/>
    </ServiceReference>
    <Parallel>
      <Serial>
        <Mappings ID="7">
          <Target RefID="6"/>
          <Meta>
            <IsCondition>true</IsCondition>
          </Meta>
          <Output>
            <Data ID="8" Label="Filter condition" ReferenceName="FilterCondition" ReferencePath="xnwh.persistence" VariableName="filterCondition8"/>
            <Target RefID="6"/>
          </Output>
          <Mapping>%0%.formula=concat("(%0%.name==\"Test\")")</Mapping>
        </Mappings>
        <Function ID="5" Label="Query">
          <Source RefID="6"/>
          <Source RefID="9"/>
          <Source RefID="10"/>
          <Source RefID="4"/>
          <Target RefID="4"/>
          <Target RefID="22"/>
          <Meta>
            <QueryFilter>
              <Condition>%0%.name==\"Test\"</Condition>
            </QueryFilter>
            <FixedDetailOptions>openConfiguration</FixedDetailOptions>
          </Meta>
          <Invoke Operation="query" ServiceID="4">
            <Source RefID="9">
              <Meta>
                <LinkType>Constant</LinkType>
              </Meta>
            </Source>
            <Source RefID="6">
              <Meta>
                <LinkType>UserConnected</LinkType>
              </Meta>
            </Source>
            <Source RefID="10">
              <Meta>
                <LinkType>Constant</LinkType>
              </Meta>
            </Source>
          </Invoke>
          <Receive ServiceID="4">
            <Target RefID="22"/>
          </Receive>
        </Function>
      </Serial>
      <Serial>
        <Mappings ID="17">
          <Target RefID="16"/>
          <Meta>
            <IsCondition>true</IsCondition>
          </Meta>
          <Output>
            <Data ID="18" Label="Filter condition" ReferenceName="FilterCondition" ReferencePath="xnwh.persistence" VariableName="filterCondition18"/>
            <Target RefID="16"/>
          </Output>
          <Mapping>%0%.formula=concat("(%0%.name==\"Testing\")")</Mapping>
        </Mappings>
        <Function ID="15" Label="Query">
          <Source RefID="4"/>
          <Source RefID="16"/>
          <Source RefID="19"/>
          <Source RefID="20"/>
          <Target RefID="4"/>
          <Target RefID="23"/>
          <Meta>
            <QueryFilter>
              <Condition>%0%.name==\"Testing\"</Condition>
            </QueryFilter>
            <FixedDetailOptions>openConfiguration</FixedDetailOptions>
          </Meta>
          <Invoke Operation="query" ServiceID="4">
            <Source RefID="19">
              <Meta>
                <LinkType>Constant</LinkType>
              </Meta>
            </Source>
            <Source RefID="16">
              <Meta>
                <LinkType>UserConnected</LinkType>
              </Meta>
            </Source>
            <Source RefID="20">
              <Meta>
                <LinkType>Constant</LinkType>
              </Meta>
            </Source>
          </Invoke>
          <Receive ServiceID="4">
            <Target RefID="23"/>
          </Receive>
        </Function>
      </Serial>
    </Parallel>
    <Data ID="6" Label="Filter condition" ReferenceName="FilterCondition" ReferencePath="xnwh.persistence" VariableName="filterCondition">
      <Source RefID="7"/>
      <Target RefID="5"/>
    </Data>
    <Data ID="9" Label="Selection mask" ReferenceName="SelectionMask" ReferencePath="xnwh.persistence" VariableName="const_SelectionMask">
      <Target RefID="5"/>
      <Data Label="Root type" VariableName="rootType">
        <Meta>
          <Type>String</Type>
        </Meta>
        <Value>xmcp.h5x.regression.PMON45.Storable1</Value>
      </Data>
    </Data>
    <Data ID="10" Label="Query parameter" ReferenceName="QueryParameter" ReferencePath="xnwh.persistence" VariableName="const_QueryParameter">
      <Target RefID="5"/>
      <Data Label="Max objects" VariableName="maxObjects">
        <Meta>
          <Type>int</Type>
        </Meta>
        <Value>-1</Value>
      </Data>
      <Data Label="Query history" VariableName="queryHistory">
        <Meta>
          <Type>boolean</Type>
        </Meta>
        <Value>true</Value>
      </Data>
      <Data IsList="true" Label="Sort criterion" ReferenceName="SortCriterion" ReferencePath="xnwh.persistence" VariableName="sortCriterion">
        <Value>
          <Data Label="Sort criterion" ReferenceName="SortCriterion" ReferencePath="xnwh.persistence">
            <Data Label="Criterion" VariableName="criterion">
              <Meta>
                <Type>String</Type>
              </Meta>
              <Value>%0%.name</Value>
            </Data>
            <Data Label="Reverse" VariableName="reverse">
              <Meta>
                <Type>boolean</Type>
              </Meta>
              <Value>false</Value>
            </Data>
          </Data>
        </Value>
      </Data>
    </Data>
    <Data ID="16" Label="Filter condition" ReferenceName="FilterCondition" ReferencePath="xnwh.persistence" VariableName="filterCondition16">
      <Source RefID="17"/>
      <Target RefID="15"/>
    </Data>
    <Data ID="19" Label="Selection mask" ReferenceName="SelectionMask" ReferencePath="xnwh.persistence" VariableName="selectionMask">
      <Target RefID="15"/>
      <Data Label="Root type" VariableName="rootType">
        <Meta>
          <Type>String</Type>
        </Meta>
        <Value>xmcp.h5x.regression.PMON45.Storable2</Value>
      </Data>
    </Data>
    <Data ID="20" Label="Query parameter" ReferenceName="QueryParameter" ReferencePath="xnwh.persistence" VariableName="queryParameter">
      <Target RefID="15"/>
      <Data Label="Max objects" VariableName="maxObjects">
        <Meta>
          <Type>int</Type>
        </Meta>
        <Value>10</Value>
      </Data>
      <Data Label="Query history" VariableName="queryHistory">
        <Meta>
          <Type>boolean</Type>
        </Meta>
        <Value>false</Value>
      </Data>
      <Data IsList="true" Label="Sort criterion" ReferenceName="SortCriterion" ReferencePath="xnwh.persistence" VariableName="sortCriterion">
        <Value>
          <Data Label="Sort criterion" ReferenceName="SortCriterion" ReferencePath="xnwh.persistence">
            <Data Label="Criterion" VariableName="criterion">
              <Meta>
                <Type>String</Type>
              </Meta>
              <Value>%0%.name</Value>
            </Data>
            <Data Label="Reverse" VariableName="reverse">
              <Meta>
                <Type>boolean</Type>
              </Meta>
              <Value>true</Value>
            </Data>
          </Data>
        </Value>
      </Data>
    </Data>
    <Data ID="22" IsList="true" Label="Storable 1" ReferenceName="Storable1" ReferencePath="xmcp.h5x.regression.PMON45" VariableName="storable1">
      <Source RefID="5"/>
    </Data>
    <Data ID="23" IsList="true" Label="Storable 2" ReferenceName="Storable2" ReferencePath="xmcp.h5x.regression.PMON45" VariableName="storable2">
      <Source RefID="15"/>
    </Data>
    <Assign/>
  </Operation>
</Service>
