<?xml version="1.0" encoding="UTF-8" standalone="no"?>
<!--
 * - - - - - - - - - - - - - - - - - - - - - - - - - -
 * Xyna 8.0 (Black Edition)
 * Xyna Development
 * - - - - - - - - - - - - - - - - - - - - - - - - - -
 * Copyright GIP AG 2018
 * (http://www.gip.com)
 * Hechtsheimer Str. 35-37
 * 55131 Mainz
 * - - - - - - - - - - - - - - - - - - - - - - - - - -
 * $Revision$
 * $Date$
 --><Service xmlns="http://www.gip.com/xyna/xdev/xfractmod" Label="Query with dynamic Input" TypeName="QueryWithDynamicInput" TypePath="xmcp.h5x.regression.PMON45" Version="1.8">
  <Meta>
    <FixedDetailOptions>highDetailsMode,showDetailAreas</FixedDetailOptions>
  </Meta>
  <Operation ID="0" IsStatic="false" Label="Query with dynamic Input" Name="QueryWithDynamicInput">
    <Input/>
    <Output/>
    <Throws>
      <Exception ID="100" Label="XMOM Storable Access Exception" ReferenceName="XMOMStorableAccessException" ReferencePath="xnwh.persistence" VariableName="xMOMStorableAccessException100"/>
    </Throws>
    <ServiceReference ID="4" Label="Persistence Services" ReferenceName="PersistenceServices.PersistenceServices" ReferencePath="xnwh.persistence"/>
    <Mappings ID="17" Label="Mapping">
      <Meta>
        <FixedDetailOptions>FillMode,openConfiguration,FlatMode</FixedDetailOptions>
      </Meta>
      <Output>
        <Data ID="20" Label="PMON45 Data Type" ReferenceName="PMON45DataType" ReferencePath="xmcp.h5x.regression.PMON45" VariableName="pMON45DataType20"/>
        <Target RefID="16"/>
      </Output>
      <Mapping>%0%.age="10"</Mapping>
      <Mapping>%0%.name="Test"</Mapping>
    </Mappings>
    <Mappings ID="7" Label="">
      <Meta>
        <IsCondition>true</IsCondition>
      </Meta>
      <Input>
        <Data ID="19" Label="PMON45 Data Type" ReferenceName="PMON45DataType" ReferencePath="xmcp.h5x.regression.PMON45" VariableName="pMON45DataType19"/>
        <Source RefID="16">
          <Meta>
            <LinkType>UserConnected</LinkType>
          </Meta>
        </Source>
      </Input>
      <Output>
        <Data ID="8" Label="Filter condition" ReferenceName="FilterCondition" ReferencePath="xnwh.persistence" VariableName="filterCondition8"/>
        <Target RefID="6"/>
      </Output>
      <Mapping>%1%.formula=concat("(%0%.name==\"", replaceall(replaceall(%0%.name, "\\\\", "\\\\\\\\"), "\"", "\\\\\""), "\")")</Mapping>
    </Mappings>
    <Function ID="5" Label="Query">
      <Source RefID="4"/>
      <Source RefID="9"/>
      <Source RefID="6"/>
      <Source RefID="73"/>
      <Target RefID="4"/>
      <Target RefID="18"/>
      <Meta>
        <QueryFilter>
          <Condition>%0%.name==%1%.name</Condition>
        </QueryFilter>
      </Meta>
      <Invoke Operation="query" ServiceID="4">
        <Source RefID="9">
          <Meta>
            <LinkType>Constant</LinkType>
          </Meta>
        </Source>
        <Source RefID="6">
          <Meta>
            <LinkType>UserConnected</LinkType>
          </Meta>
        </Source>
        <Source RefID="73">
          <Meta>
            <LinkType>Constant</LinkType>
          </Meta>
        </Source>
      </Invoke>
      <Receive ServiceID="4">
        <Target RefID="18"/>
      </Receive>
    </Function>
    <Data ID="6" Label="Filter condition" ReferenceName="FilterCondition" ReferencePath="xnwh.persistence" VariableName="filterCondition">
      <Source RefID="7"/>
      <Target RefID="5"/>
    </Data>
    <Data ID="9" Label="Selection mask" ReferenceName="SelectionMask" ReferencePath="xnwh.persistence" VariableName="const_SelectionMask">
      <Target RefID="5"/>
      <Data Label="Root type" VariableName="rootType">
        <Meta>
          <Type>String</Type>
        </Meta>
        <Value>xmcp.h5x.regression.PMON45.Storable1</Value>
      </Data>
    </Data>
    <Data ID="16" Label="PMON45 Data Type" ReferenceName="PMON45DataType" ReferencePath="xmcp.h5x.regression.PMON45" VariableName="pMON45DataType16">
      <Source RefID="17"/>
      <Target RefID="7"/>
    </Data>
    <Data ID="18" IsList="true" Label="Storable 1" ReferenceName="Storable1" ReferencePath="xmcp.h5x.regression.PMON45" VariableName="storable1">
      <Source RefID="5"/>
    </Data>
    <Data ID="73" Label="Query parameter" ReferenceName="QueryParameter" ReferencePath="xnwh.persistence" VariableName="const_QueryParameter73">
      <Data VariableName="maxObjects">
        <Meta>
          <Type>int</Type>
        </Meta>
        <Value>-1</Value>
      </Data>
      <Data VariableName="queryHistory">
        <Meta>
          <Type>boolean</Type>
        </Meta>
        <Value>false</Value>
      </Data>
      <Data IsList="true" ReferenceName="SortCriterion" ReferencePath="xnwh.persistence" VariableName="sortCriterion">
        <Value>
          <Data ReferenceName="SortCriterion" ReferencePath="xnwh.persistence">
            <Data VariableName="criterion">
              <Meta>
                <Type>String</Type>
              </Meta>
              <Value>%0%.uniqueIdentifier</Value>
            </Data>
            <Data VariableName="reverse">
              <Meta>
                <Type>boolean</Type>
              </Meta>
              <Value>false</Value>
            </Data>
          </Data>
        </Value>
      </Data>
    </Data>
    <Assign/>
  </Operation>
</Service>
