<?xml version="1.0" encoding="UTF-8" standalone="no"?>
<!--
 * - - - - - - - - - - - - - - - - - - - - - - - - - -
 * Xyna 8.0 (Black Edition)
 * Xyna Development
 * - - - - - - - - - - - - - - - - - - - - - - - - - -
 * Copyright GIP AG 2018
 * (http://www.gip.com)
 * Hechtsheimer Str. 35-37
 * 55131 Mainz
 * - - - - - - - - - - - - - - - - - - - - - - - - - -
 * $Revision: 221703 $
 * $Date: 2018-04-06 15:46:47 +0200 (Fr, 06. Apr 2018) $
 --><Service xmlns="http://www.gip.com/xyna/xdev/xfractmod" ID="1" Label="Simple Query" TypeName="SimpleQuery" TypePath="xmcp.h5x.regression.PMON45" Version="1.8">
  <Meta>
    <FixedDetailOptions>highDetailsMode,showDetailAreas</FixedDetailOptions>
  </Meta>
  <Operation ID="0" Label="Simple Query" Name="SimpleQuery">
    <Input/>
    <Output/>
    <Throws>
      <Exception Label="XMOM Storable Access Exception" ReferenceName="XMOMStorableAccessException" ReferencePath="xnwh.persistence" VariableName="xMOMStorableAccessException"/>
    </Throws>
    <ServiceReference ID="4" Label="Persistence Services" ReferenceName="PersistenceServices.PersistenceServices" ReferencePath="xnwh.persistence">
      <Source RefID="5"/>
      <Target RefID="5"/>
    </ServiceReference>
    <Mappings ID="7">
      <Target RefID="6"/>
      <Meta>
        <IsCondition>true</IsCondition>
      </Meta>
      <Output>
        <Data ID="8" Label="Filter condition" ReferenceName="FilterCondition" ReferencePath="xnwh.persistence" VariableName="filterCondition8"/>
        <Target RefID="6"/>
      </Output>
      <Mapping>%0%.formula=concat("(%0%.name==\"Test\")")</Mapping>
    </Mappings>
    <Function ID="5" Label="Query">
      <Source RefID="4"/>
      <Source RefID="6"/>
      <Source RefID="9"/>
      <Source RefID="10"/>
      <Target RefID="4"/>
      <Target RefID="12"/>
      <Meta>
        <QueryFilter>
          <Condition>%0%.name==\"Test\"</Condition>
        </QueryFilter>
        <FixedDetailOptions>openConfiguration</FixedDetailOptions>
      </Meta>
      <Invoke Operation="query" ServiceID="4">
        <Source RefID="9">
          <Meta>
            <LinkType>Constant</LinkType>
          </Meta>
        </Source>
        <Source RefID="6">
          <Meta>
            <LinkType>UserConnected</LinkType>
          </Meta>
        </Source>
        <Source RefID="10">
          <Meta>
            <LinkType>Constant</LinkType>
          </Meta>
        </Source>
      </Invoke>
      <Receive ServiceID="4">
        <Target RefID="12"/>
      </Receive>
    </Function>
    <Data ID="6" Label="Filter condition" ReferenceName="FilterCondition" ReferencePath="xnwh.persistence" VariableName="filterCondition">
      <Source RefID="7"/>
      <Target RefID="5"/>
    </Data>
    <Data ID="9" Label="Selection mask" ReferenceName="SelectionMask" ReferencePath="xnwh.persistence" VariableName="const_SelectionMask">
      <Target RefID="5"/>
      <Data Label="Root type" VariableName="rootType">
        <Meta>
          <Type>String</Type>
        </Meta>
        <Value>xmcp.h5x.regression.PMON45.Storable1</Value>
      </Data>
    </Data>
    <Data ID="10" Label="Query parameter" ReferenceName="QueryParameter" ReferencePath="xnwh.persistence" VariableName="const_QueryParameter">
      <Target RefID="5"/>
      <Data Label="Max objects" VariableName="maxObjects">
        <Meta>
          <Type>int</Type>
        </Meta>
        <Value>-1</Value>
      </Data>
      <Data Label="Query history" VariableName="queryHistory">
        <Meta>
          <Type>boolean</Type>
        </Meta>
        <Value>false</Value>
      </Data>
      <Data IsList="true" Label="Sort criterion" ReferenceName="SortCriterion" ReferencePath="xnwh.persistence" VariableName="sortCriterion">
        <Value>
          <Data Label="Sort criterion" ReferenceName="SortCriterion" ReferencePath="xnwh.persistence">
            <Data Label="Criterion" VariableName="criterion">
              <Meta>
                <Type>String</Type>
              </Meta>
              <Value>%0%.name</Value>
            </Data>
            <Data Label="Reverse" VariableName="reverse">
              <Meta>
                <Type>boolean</Type>
              </Meta>
              <Value>false</Value>
            </Data>
          </Data>
        </Value>
      </Data>
    </Data>
    <Data ID="12" IsList="true" Label="Storable 1" ReferenceName="Storable1" ReferencePath="xmcp.h5x.regression.PMON45" VariableName="storable1">
      <Source RefID="5"/>
    </Data>
    <Assign/>
  </Operation>
</Service>
