<?xml version="1.0" encoding="UTF-8" standalone="no"?>
<!--
 * - - - - - - - - - - - - - - - - - - - - - - - - - -
 * Xyna 8.0 (Black Edition)
 * Xyna Development
 * - - - - - - - - - - - - - - - - - - - - - - - - - -
 * Copyright GIP AG 2018
 * (http://www.gip.com)
 * Hechtsheimer Str. 35-37
 * 55131 Mainz
 * - - - - - - - - - - - - - - - - - - - - - - - - - -
 * $Revision: 221703 $
 * $Date: 2018-04-06 15:46:47 +0200 (Fr, 06. Apr 2018) $
 --><Service xmlns="http://www.gip.com/xyna/xdev/xfractmod" ID="1" Label="Template empty" TypeName="TemplateEmpty" TypePath="xmcp.h5x.regression.PMON43" Version="1.8">
  <Meta>
    <FixedDetailOptions>hideDetailAreas,highDetailsMode</FixedDetailOptions>
  </Meta>
  <Operation ID="0" Label="Template empty" Name="TemplateEmpty">
    <Input/>
    <Output/>
    <Function ID="9" Label="Begin document">
      <Source RefID="8"/>
      <Source RefID="16"/>
      <Target RefID="8"/>
      <Target RefID="10"/>
      <Invoke Operation="start" ServiceID="8">
        <Source RefID="16">
          <Meta>
            <LinkType>Constant</LinkType>
          </Meta>
        </Source>
      </Invoke>
      <Receive ServiceID="8">
        <Target RefID="10"/>
      </Receive>
    </Function>
    <Mappings ID="4">
      <Target RefID="3"/>
      <Meta>
        <Documentation>Docu Template</Documentation>
        <FixedDetailOptions>openDocumentation</FixedDetailOptions>
        <IsTemplate>true</IsTemplate>
      </Meta>
      <Output>
        <Data ID="5" Label="Document part" ReferenceName="DocumentPart" ReferencePath="xact.templates" VariableName="documentPart"/>
        <Target RefID="3"/>
      </Output>
      <Mapping>%0%.text=concat("")</Mapping>
    </Mappings>
    <Data ID="3" Label="Document part" ReferenceName="DocumentPart" ReferencePath="xact.templates" VariableName="documentPart3">
      <Source RefID="4"/>
    </Data>
    <ServiceReference ID="8" Label="Template Management" ReferenceName="TemplateManagement.TemplateManagement" ReferencePath="xact.templates">
      <Source RefID="9"/>
      <Source RefID="14"/>
      <Target RefID="9"/>
      <Target RefID="14"/>
    </ServiceReference>
    <Data ID="10" Label="Document Context" ReferenceName="DocumentContext" ReferencePath="xact.templates" VariableName="documentContext">
      <Source RefID="9"/>
      <Target RefID="14"/>
    </Data>
    <Function ID="14" Label="End document">
      <Source RefID="8"/>
      <Source RefID="10"/>
      <Target RefID="8"/>
      <Target RefID="15"/>
      <Invoke Operation="stop" ServiceID="8">
        <Source RefID="10"/>
      </Invoke>
      <Receive ServiceID="8">
        <Target RefID="15"/>
      </Receive>
    </Function>
    <Data ID="15" Label="Document" ReferenceName="Document" ReferencePath="xact.templates" VariableName="document">
      <Source RefID="14"/>
    </Data>
    <Data ID="16" Label="Document type" ReferenceName="PlainText" ReferencePath="xact.templates" VariableName="const_PlainText">
      <Target RefID="9"/>
    </Data>
    <Assign ID="2"/>
  </Operation>
</Service>
