<?xml version="1.0" encoding="UTF-8" standalone="no"?>
<!--
 * - - - - - - - - - - - - - - - - - - - - - - - - - -
 * Xyna 8.0 (Black Edition)
 * Xyna Development
 * - - - - - - - - - - - - - - - - - - - - - - - - - -
 * Copyright GIP AG 2018
 * (http://www.gip.com)
 * Hechtsheimer Str. 35-37
 * 55131 Mainz
 * - - - - - - - - - - - - - - - - - - - - - - - - - -
 * $Revision: 221703 $
 * $Date: 2018-04-06 15:46:47 +0200 (Fr, 06. Apr 2018) $
 --><Service xmlns="http://www.gip.com/xyna/xdev/xfractmod" ID="1" Label="Template with complex Member" TypeName="TemplateWithComplexMember" TypePath="xmcp.h5x.regression.PMON43" Version="1.8">
  <Meta>
    <FixedDetailOptions>hideDetailAreas,highDetailsMode</FixedDetailOptions>
  </Meta>
  <Operation ID="0" Label="Template with complex Member" Name="TemplateWithComplexMember">
    <Input>
      <Data ID="22" Label="Datatype With Text" ReferenceName="DatatypeWithText" ReferencePath="xmcp.h5x.regression.datatypes" VariableName="datatypeWithText22">
        <Target RefID="4"/>
      </Data>
    </Input>
    <Output>
      <Data ID="20" Label="Document" ReferenceName="Document" ReferencePath="xact.templates" VariableName="document20">
        <Source RefID="2"/>
      </Data>
    </Output>
    <Function ID="12" Label="Begin document">
      <Source RefID="11"/>
      <Source RefID="14"/>
      <Target RefID="11"/>
      <Target RefID="13"/>
      <Invoke Operation="start" ServiceID="11">
        <Source RefID="14">
          <Meta>
            <LinkType>Constant</LinkType>
          </Meta>
        </Source>
      </Invoke>
      <Receive ServiceID="11">
        <Target RefID="13"/>
      </Receive>
    </Function>
    <Mappings ID="4">
      <Source RefID="22"/>
      <Target RefID="3"/>
      <Meta>
        <FixedDetailOptions>openDocumentation</FixedDetailOptions>
        <IsTemplate>true</IsTemplate>
        <Documentation>Docu Template</Documentation>
      </Meta>
      <Input>
        <Data Label="Datatype With Text" ReferenceName="DatatypeWithText" ReferencePath="xmcp.h5x.regression.datatypes" VariableName="datatypeWithText"/>
        <Source RefID="22"/>
      </Input>
      <Output>
        <Data ID="21" Label="Document part" ReferenceName="DocumentPart" ReferencePath="xact.templates" VariableName="documentPart"/>
        <Target RefID="3"/>
      </Output>
      <Mapping>%1%.text=concat("Before\n",%0%.data.text,"\nAfter")</Mapping>
    </Mappings>
    <Data ID="3" Label="Document part" ReferenceName="DocumentPart" ReferencePath="xact.templates" VariableName="documentPart3">
      <Source RefID="4"/>
    </Data>
    <ServiceReference ID="11" Label="Template Management" ReferenceName="TemplateManagement.TemplateManagement" ReferencePath="xact.templates">
      <Source RefID="12"/>
      <Source RefID="18"/>
      <Target RefID="12"/>
      <Target RefID="18"/>
    </ServiceReference>
    <Data ID="13" Label="Document Context" ReferenceName="DocumentContext" ReferencePath="xact.templates" VariableName="documentContext">
      <Source RefID="12"/>
      <Target RefID="18"/>
    </Data>
    <Data ID="14" Label="Document type" ReferenceName="PlainText" ReferencePath="xact.templates" VariableName="const_PlainText">
      <Target RefID="12"/>
    </Data>
    <Function ID="18" Label="End document">
      <Source RefID="11"/>
      <Source RefID="13"/>
      <Target RefID="11"/>
      <Target RefID="19"/>
      <Invoke Operation="stop" ServiceID="11">
        <Source RefID="13"/>
      </Invoke>
      <Receive ServiceID="11">
        <Target RefID="19"/>
      </Receive>
    </Function>
    <Data ID="19" Label="Document" ReferenceName="Document" ReferencePath="xact.templates" VariableName="document">
      <Source RefID="18"/>
      <Target RefID="2"/>
    </Data>
    <Assign ID="2">
      <Source RefID="19"/>
      <Target RefID="20"/>
      <Copy>
        <Source RefID="19"/>
        <Target RefID="20"/>
      </Copy>
    </Assign>
  </Operation>
</Service>
