<?xml version="1.0" encoding="UTF-8" standalone="no"?>
<!--
 * - - - - - - - - - - - - - - - - - - - - - - - - - -
 * Xyna 8.2 (Black Edition)
 * Xyna Development
 * - - - - - - - - - - - - - - - - - - - - - - - - - -
 * Copyright GIP AG 2021
 * (http://www.gip.com)
 * Hechtsheimer Str. 35-37
 * 55131 Mainz
 * - - - - - - - - - - - - - - - - - - - - - - - - - -
 * $Revision$
 * $Date$
 --><Service xmlns="http://www.gip.com/xyna/xdev/xfractmod" Label="Cleanup Capacities Workflow" TypeName="CleanupCapacitiesWorkflow" TypePath="xmcp.h5x.regression.cleanup" Version="1.8">
  <Operation ID="0" IsStatic="false" Label="Cleanup Capacities Workflow" Name="CleanupCapacitiesWorkflow">
    <Input/>
    <Output/>
    <ServiceReference ID="19" Label="Cleanup Service Group" ReferenceName="CleanupServiceGroup.CleanupServiceGroup" ReferencePath="xmcp.h5x.regression.cleanup"/>
    <Function ID="18" Label="Cleanup Capacities">
      <Source RefID="19"/>
      <Target RefID="19"/>
      <Invoke Operation="cleanupCapacities" ServiceID="19"/>
      <Receive ServiceID="19"/>
    </Function>
    <Assign ID="1"/>
  </Operation>
</Service>
