<?xml version="1.0" encoding="UTF-8" standalone="no"?>
<!--
 * - - - - - - - - - - - - - - - - - - - - - - - - - -
 * Xyna 8.2 (Black Edition)
 * Xyna Development
 * - - - - - - - - - - - - - - - - - - - - - - - - - -
 * Copyright GIP AG 2021
 * (http://www.gip.com)
 * Hechtsheimer Str. 35-37
 * 55131 Mainz
 * - - - - - - - - - - - - - - - - - - - - - - - - - -
 * $Revision$
 * $Date$
 --><DataType xmlns="http://www.gip.com/xyna/xdev/xfractmod" IsAbstract="false" Label="Cleanup Service Group" TypeName="CleanupServiceGroup" TypePath="xmcp.h5x.regression.cleanup" Version="1.8">
  <Meta>
    <IsServiceGroupOnly>true</IsServiceGroupOnly>
  </Meta>
  <Service Label="Cleanup Service Group" TypeName="CleanupServiceGroup">
    <Operation IsStatic="true" Label="Cleanup Capacities" Name="cleanupCapacities">
      <Input/>
      <Output/>
      <SourceCode>
        <CodeSnippet Type="Java">try{
  com.gip.xyna.xmcp.XynaMultiChannelPortal multiChannelPortal = (com.gip.xyna.xmcp.XynaMultiChannelPortal) com.gip.xyna.XynaFactory.getInstance().getXynaMultiChannelPortal();

  java.util.Collection&lt;com.gip.xyna.xprc.xsched.CapacityInformation&gt; capacities = multiChannelPortal.listCapacityInformation();

  for(com.gip.xyna.xprc.xsched.CapacityInformation capacity : capacities){
    multiChannelPortal.removeCapacity(capacity.getName());
  }
} catch(Exception e){
}</CodeSnippet>
      </SourceCode>
    </Operation>
  </Service>
</DataType>
