<?xml version="1.0" encoding="UTF-8" standalone="no"?>
<!--
 * - - - - - - - - - - - - - - - - - - - - - - - - - -
 * Xyna 8.0 (Black Edition)
 * Xyna Development
 * - - - - - - - - - - - - - - - - - - - - - - - - - -
 * Copyright GIP AG 2018
 * (http://www.gip.com)
 * Hechtsheimer Str. 35-37
 * 55131 Mainz
 * - - - - - - - - - - - - - - - - - - - - - - - - - -
 * $Revision$
 * $Date$
 --><DataType xmlns="http://www.gip.com/xyna/xdev/xfractmod" BaseTypeName="Storable" BaseTypePath="xnwh.persistence" IsAbstract="false" Label="Basic Storable" TypeName="BasicStorable" TypePath="typeresistantmappings" Version="1.8">
  <Meta>
    <IsServiceGroupOnly>false</IsServiceGroupOnly>
  </Meta>
  <Data Label="my id" VariableName="myId0">
    <Meta>
      <Persistence>
        <Type>UniqueIdentifier</Type>
      </Persistence>
      <Type>String</Type>
    </Meta>
  </Data>
  <Data Label="baaa" VariableName="baaa">
    <Meta>
      <Type>String</Type>
    </Meta>
  </Data>
</DataType>
