<?xml version="1.0" encoding="UTF-8" standalone="no"?>
<!--
 * - - - - - - - - - - - - - - - - - - - - - - - - - -
 * Xyna 8.2 (Black Edition)
 * Xyna Development
 * - - - - - - - - - - - - - - - - - - - - - - - - - -
 * Copyright GIP AG 2021
 * (http://www.gip.com)
 * Hechtsheimer Str. 35-37
 * 55131 Mainz
 * - - - - - - - - - - - - - - - - - - - - - - - - - -
 * $Revision$
 * $Date$
 --><Service xmlns="http://www.gip.com/xyna/xdev/xfractmod" Label="Functions - Basics" TypeName="FunctionsBasics" TypePath="typeresistantmappings" Version="1.8">
  <Operation ID="0" IsStatic="false" Label="Functions - Basics" Name="FunctionsBasics">
    <Input>
      <Data ID="10050" Label="Validation Mode" ReferenceName="ValidationMode" ReferencePath="typeresistantmappings" VariableName="validationMode10050"/>
    </Input>
    <Output/>
    <Throws>
      <Exception Label="" ReferenceName="TestResultValidationError" ReferencePath="typeresistantmappings" VariableName="testResultValidationError10772"/>
    </Throws>
    <ServiceReference ID="4075" Label="Regular Expression Utils" ReferenceName="RegularExpressionUtils.RegularExpressionUtils" ReferencePath="xint"/>
    <ServiceReference ID="29" Label="Template Management" ReferenceName="TemplateManagement.TemplateManagement" ReferencePath="xact.templates"/>
    <ServiceReference ID="3221" Label="Regular Expression Utils" ReferenceName="RegularExpressionUtils.RegularExpressionUtils" ReferencePath="xint"/>
    <ServiceReference ID="42" Label="Template Management" ReferenceName="TemplateManagement.TemplateManagement" ReferencePath="xact.templates"/>
    <Mappings ID="115" Label="Mapping">
      <Output>
        <Data ID="116" Label="Primitives" ReferenceName="Primitives" ReferencePath="typeresistantmappings" VariableName="primitives116">
          <Source RefID="115"/>
        </Data>
        <Target RefID="117"/>
      </Output>
      <Mapping>%0%.stringData="111"</Mapping>
      <Mapping>%0%.intData="222"</Mapping>
      <Mapping>%0%.integerData="333"</Mapping>
      <Mapping>%0%.longData="444"</Mapping>
      <Mapping>%0%.objLongData="555"</Mapping>
      <Mapping>%0%.doubleData="666"</Mapping>
      <Mapping>%0%.objDoubleData="777"</Mapping>
    </Mappings>
    <Function ID="28" Label="Begin document">
      <Source RefID="29"/>
      <Source RefID="57"/>
      <Target RefID="29"/>
      <Target RefID="31"/>
      <Invoke Operation="start" ServiceID="29">
        <Source RefID="57">
          <Meta>
            <LinkType>Constant</LinkType>
          </Meta>
        </Source>
      </Invoke>
      <Receive ServiceID="29">
        <Target RefID="31"/>
      </Receive>
    </Function>
    <Mappings ID="12" Label="">
      <Meta>
        <IsTemplate>true</IsTemplate>
      </Meta>
      <Input>
        <Data ID="394" Label="Primitives" ReferenceName="Primitives" ReferencePath="typeresistantmappings" VariableName="primitives394">
          <Source RefID="12"/>
        </Data>
        <Source RefID="117"/>
      </Input>
      <Input>
        <Data ID="443" Label="Primitives" ReferenceName="Primitives" ReferencePath="typeresistantmappings" VariableName="primitives443">
          <Source RefID="12"/>
        </Data>
        <Source RefID="117"/>
      </Input>
      <Input>
        <Data ID="492" Label="Primitives" ReferenceName="Primitives" ReferencePath="typeresistantmappings" VariableName="primitives492">
          <Source RefID="12"/>
        </Data>
        <Source RefID="117"/>
      </Input>
      <Input>
        <Data ID="541" Label="Primitives" ReferenceName="Primitives" ReferencePath="typeresistantmappings" VariableName="primitives541">
          <Source RefID="12"/>
        </Data>
        <Source RefID="117"/>
      </Input>
      <Input>
        <Data ID="700" Label="Primitives" ReferenceName="Primitives" ReferencePath="typeresistantmappings" VariableName="primitives700">
          <Source RefID="12"/>
        </Data>
        <Source RefID="117"/>
      </Input>
      <Input>
        <Data ID="898" Label="Primitives" ReferenceName="Primitives" ReferencePath="typeresistantmappings" VariableName="primitives898">
          <Source RefID="12"/>
        </Data>
        <Source RefID="117"/>
      </Input>
      <Output>
        <Data ID="13" Label="Document part" ReferenceName="DocumentPart" ReferencePath="xact.templates" VariableName="documentPart13"/>
        <Target RefID="885"/>
      </Output>
      <Mapping>%6%.text=concat("Just a bunch of functions", "\n", "identity? = ", %4%, "\n", "string + int = ", (%0%.stringData+%1%.intData), "!", "\n", "length of null Boolean = ", length(%2%.objBooleanData), "!", "\n", "length of bool + length of Long = ", (length(%3%.booleanData)+length(%3%.objLongData)), "!", "\n", "uppercase a constant 'baum' = ", touppercase("baum"), "!", "\n", "some constant contains int = ", contains("111333555", %3%.intData), " oder ", contains("111222333", %5%.intData))</Mapping>
    </Mappings>
    <Function ID="41" Label="End document">
      <Source RefID="42"/>
      <Source RefID="31"/>
      <Target RefID="42"/>
      <Target RefID="44"/>
      <Invoke Operation="stop" ServiceID="42">
        <Source RefID="31"/>
      </Invoke>
      <Receive ServiceID="42">
        <Target RefID="44"/>
      </Receive>
    </Function>
    <Mappings ID="1567" Label="Mapping">
      <Input>
        <Data ID="1861" Label="Document" ReferenceName="Document" ReferencePath="xact.templates" VariableName="document1861">
          <Source RefID="1567"/>
        </Data>
        <Source RefID="44">
          <Meta>
            <LinkType>UserConnected</LinkType>
          </Meta>
        </Source>
      </Input>
      <Output>
        <Data ID="1811" Label="Input" ReferenceName="Text" ReferencePath="base" VariableName="text1811">
          <Source RefID="1567"/>
        </Data>
        <Target RefID="1812"/>
      </Output>
      <Mapping>%1%.text=%0%.text</Mapping>
    </Mappings>
    <Function ID="3220" Label="Split">
      <Source RefID="3221"/>
      <Source RefID="3336"/>
      <Source RefID="1812"/>
      <Target RefID="3221"/>
      <Target RefID="3223"/>
      <Invoke Operation="split" ServiceID="3221">
        <Source RefID="3336">
          <Meta>
            <LinkType>Constant</LinkType>
          </Meta>
        </Source>
        <Source RefID="1812">
          <Meta>
            <LinkType>UserConnected</LinkType>
          </Meta>
        </Source>
      </Invoke>
      <Receive ServiceID="3221">
        <Target RefID="3223"/>
      </Receive>
    </Function>
    <Mappings ID="4243" Label="Mapping">
      <Input>
        <Data ID="4244" IsList="true" Label="Text" ReferenceName="Text" ReferencePath="base" VariableName="text4244">
          <Source RefID="4243"/>
        </Data>
        <Source RefID="3223"/>
      </Input>
      <Output>
        <Data ID="4245" Label="Input" ReferenceName="Text" ReferencePath="base" VariableName="text4245">
          <Source RefID="4243"/>
        </Data>
        <Target RefID="4246"/>
      </Output>
      <Mapping>%1%.text=%0%["1"].text</Mapping>
    </Mappings>
    <Function ID="4074" Label="Match Regular Expression">
      <Source RefID="4075"/>
      <Source RefID="10003"/>
      <Source RefID="4246"/>
      <Target RefID="4075"/>
      <Target RefID="4077"/>
      <Invoke Operation="matchRegularExpression" ServiceID="4075">
        <Source RefID="10003">
          <Meta>
            <LinkType>Constant</LinkType>
          </Meta>
        </Source>
        <Source RefID="4246">
          <Meta>
            <LinkType>UserConnected</LinkType>
          </Meta>
        </Source>
      </Invoke>
      <Receive ServiceID="4075">
        <Target RefID="4077"/>
      </Receive>
    </Function>
    <Choice ID="8340" TypeName="BaseChoiceTypeFormula" TypePath="server">
      <Source RefID="4077"/>
      <Input>
        <Data ID="8558" IsList="true" Label="Matched Groups" ReferenceName="Text" ReferencePath="base" VariableName="text8558">
          <Source RefID="8340"/>
        </Data>
        <Source RefID="4077">
          <Meta>
            <LinkType>UserConnected</LinkType>
          </Meta>
        </Source>
      </Input>
      <Case ID="8341" Label="true" Premise="length(%0%)&gt;&quot;0&quot;">
        <Assign ID="8344"/>
      </Case>
      <Case ID="8342" Label="false">
        <Throw ExceptionID="9956" ID="9955" Label="Throw Throw Test Result Validation Error">
          <Meta>
            <PreferedExceptionType>typeresistantmappings.TestResultValidationError</PreferedExceptionType>
          </Meta>
          <Source RefID="9956">
            <Meta>
              <LinkType>Constant</LinkType>
            </Meta>
          </Source>
        </Throw>
        <Assign ID="8346"/>
      </Case>
    </Choice>
    <Choice ID="3953" TypeName="BaseChoiceTypeFormula" TypePath="server">
      <Source RefID="3223"/>
      <Input>
        <Data ID="3992" IsList="true" Label="Parts" ReferenceName="Text" ReferencePath="base" VariableName="text3992">
          <Source RefID="3953"/>
        </Data>
        <Source RefID="3223">
          <Meta>
            <LinkType>UserConnected</LinkType>
          </Meta>
        </Source>
      </Input>
      <Case ID="3954" Label="true" Premise="%0%[&quot;2&quot;].text==&quot;string + int = 333.0!&quot;">
        <Assign ID="3957"/>
      </Case>
      <Case ID="3955" Label="false">
        <Throw ExceptionID="4785" ID="4648" Label="Throw Test Result Validation Error">
          <Meta>
            <PreferedExceptionType>typeresistantmappings.TestResultValidationError</PreferedExceptionType>
          </Meta>
          <Source RefID="4785">
            <Meta>
              <LinkType>Constant</LinkType>
            </Meta>
          </Source>
        </Throw>
        <Assign ID="3959"/>
      </Case>
    </Choice>
    <Choice ID="10207" TypeName="BaseChoiceTypeFormula" TypePath="server">
      <Source RefID="10050"/>
      <Input>
        <Data ID="10262" Label="Validation Mode" ReferenceName="ValidationMode" ReferencePath="typeresistantmappings" VariableName="validationMode10262">
          <Source RefID="10207"/>
        </Data>
        <Source RefID="10050"/>
      </Input>
      <Case ID="10208" Label="true" Premise="%0%.beforeTransformation">
        <Choice ID="5241" TypeName="BaseChoiceTypeFormula" TypePath="server">
          <Source RefID="3223"/>
          <Input>
            <Data ID="5248" IsList="true" Label="Parts" ReferenceName="Text" ReferencePath="base" VariableName="text5248"/>
            <Source RefID="3223">
              <Meta>
                <LinkType>UserConnected</LinkType>
              </Meta>
            </Source>
          </Input>
          <Case ID="5242" Label="true" Premise="%0%[&quot;3&quot;].text==&quot;length of null Boolean = -1!&quot;">
            <Assign ID="5245"/>
          </Case>
          <Case ID="5243" Label="false">
            <Throw ExceptionID="5250" ID="5249" Label="Throw Throw Test Result Validation Error">
              <Meta>
                <PreferedExceptionType>typeresistantmappings.TestResultValidationError</PreferedExceptionType>
              </Meta>
              <Source RefID="5250">
                <Meta>
                  <LinkType>Constant</LinkType>
                </Meta>
              </Source>
            </Throw>
            <Assign ID="5247"/>
          </Case>
        </Choice>
        <Assign ID="10211"/>
      </Case>
      <Case ID="10209" Label="false">
        <Choice ID="10433" TypeName="BaseChoiceTypeFormula" TypePath="server">
          <Source RefID="3223"/>
          <Input>
            <Data ID="10440" IsList="true" Label="Parts" ReferenceName="Text" ReferencePath="base" VariableName="text10440"/>
            <Source RefID="3223">
              <Meta>
                <LinkType>UserConnected</LinkType>
              </Meta>
            </Source>
          </Input>
          <Case ID="10434" Label="true" Premise="%0%[&quot;3&quot;].text==&quot;length of null Boolean = 5!&quot;">
            <Assign ID="10437"/>
          </Case>
          <Case ID="10435" Label="false">
            <Throw ExceptionID="10442" ID="10441" Label="Throw Throw Throw Test Result Validation Error">
              <Meta>
                <PreferedExceptionType>typeresistantmappings.TestResultValidationError</PreferedExceptionType>
              </Meta>
              <Source RefID="10442">
                <Meta>
                  <LinkType>Constant</LinkType>
                </Meta>
              </Source>
            </Throw>
            <Assign ID="10439"/>
          </Case>
        </Choice>
        <Assign ID="10213"/>
      </Case>
    </Choice>
    <Choice ID="10717" TypeName="BaseChoiceTypeFormula" TypePath="server">
      <Source RefID="3223"/>
      <Input>
        <Data ID="10724" IsList="true" Label="Parts" ReferenceName="Text" ReferencePath="base" VariableName="text10724"/>
        <Source RefID="3223">
          <Meta>
            <LinkType>UserConnected</LinkType>
          </Meta>
        </Source>
      </Input>
      <Case ID="10718" Label="true" Premise="%0%[&quot;4&quot;].text==&quot;length of bool + length of Long = 8!&quot;">
        <Assign ID="10721"/>
      </Case>
      <Case ID="10719" Label="false">
        <Throw ExceptionID="10726" ID="10725" Label="Throw Throw Throw Throw Test Result Validation Error">
          <Meta>
            <PreferedExceptionType>typeresistantmappings.TestResultValidationError</PreferedExceptionType>
          </Meta>
          <Source RefID="10726">
            <Meta>
              <LinkType>Constant</LinkType>
            </Meta>
          </Source>
        </Throw>
        <Assign ID="10723"/>
      </Case>
    </Choice>
    <Choice ID="5529" TypeName="BaseChoiceTypeFormula" TypePath="server">
      <Source RefID="3223"/>
      <Input>
        <Data ID="5536" IsList="true" Label="Parts" ReferenceName="Text" ReferencePath="base" VariableName="text5536"/>
        <Source RefID="3223">
          <Meta>
            <LinkType>UserConnected</LinkType>
          </Meta>
        </Source>
      </Input>
      <Case ID="5530" Label="true" Premise="%0%[&quot;5&quot;].text==&quot;uppercase a constant 'baum' = BAUM!&quot;">
        <Assign ID="5533"/>
      </Case>
      <Case ID="5531" Label="false">
        <Throw ExceptionID="7478" ID="7477" Label="Throw Throw Throw Throw Test Result Validation Error">
          <Meta>
            <PreferedExceptionType>typeresistantmappings.TestResultValidationError</PreferedExceptionType>
          </Meta>
          <Source RefID="7478">
            <Meta>
              <LinkType>Constant</LinkType>
            </Meta>
          </Source>
        </Throw>
        <Assign ID="5535"/>
      </Case>
    </Choice>
    <Choice ID="5744" TypeName="BaseChoiceTypeFormula" TypePath="server">
      <Source RefID="3223"/>
      <Input>
        <Data ID="5751" IsList="true" Label="Parts" ReferenceName="Text" ReferencePath="base" VariableName="text5751"/>
        <Source RefID="3223">
          <Meta>
            <LinkType>UserConnected</LinkType>
          </Meta>
        </Source>
      </Input>
      <Case ID="5745" Label="true" Premise="%0%[&quot;6&quot;].text==&quot;some constant contains int = false oder true&quot;">
        <Assign ID="5748"/>
      </Case>
      <Case ID="5746" Label="false">
        <Throw ExceptionID="7686" ID="7685" Label="Throw Throw Throw Throw Throw Test Result Validation Error">
          <Meta>
            <PreferedExceptionType>typeresistantmappings.TestResultValidationError</PreferedExceptionType>
          </Meta>
          <Source RefID="7686">
            <Meta>
              <LinkType>Constant</LinkType>
            </Meta>
          </Source>
        </Throw>
        <Assign ID="5750"/>
      </Case>
    </Choice>
    <Data ID="31" Label="Document Context" ReferenceName="DocumentContext" ReferencePath="xact.templates" VariableName="documentContext31">
      <Source RefID="28"/>
    </Data>
    <Data ID="44" Label="Document" ReferenceName="Document" ReferencePath="xact.templates" VariableName="document44">
      <Source RefID="41"/>
    </Data>
    <Data ID="57" Label="Plain text" ReferenceName="PlainText" ReferencePath="xact.templates" VariableName="const_PlainText57"/>
    <Data ID="117" Label="Primitives" ReferenceName="Primitives" ReferencePath="typeresistantmappings" VariableName="primitives117">
      <Source RefID="115"/>
    </Data>
    <Data ID="885" Label="Document part" ReferenceName="DocumentPart" ReferencePath="xact.templates" VariableName="documentPart885"/>
    <Data ID="1812" Label="Input" ReferenceName="Text" ReferencePath="base" VariableName="text1812">
      <Source RefID="1567"/>
    </Data>
    <Data ID="3223" IsList="true" Label="Parts" ReferenceName="Text" ReferencePath="base" VariableName="text3223">
      <Source RefID="3220"/>
    </Data>
    <Data ID="3336" Label="Regular Expression" ReferenceName="RegularExpression" ReferencePath="xint" VariableName="const_RegularExpression3336">
      <Data VariableName="expression">
        <Meta>
          <Type>String</Type>
        </Meta>
        <Value>[\n\r]+</Value>
      </Data>
    </Data>
    <Data ID="4077" IsList="true" Label="Matched Groups" ReferenceName="Text" ReferencePath="base" VariableName="text4077">
      <Source RefID="4074"/>
    </Data>
    <Data ID="4246" Label="Input" ReferenceName="Text" ReferencePath="base" VariableName="text4246">
      <Source RefID="4243"/>
    </Data>
    <Data ID="10003" Label="Regular Expression" ReferenceName="RegularExpression" ReferencePath="xint" VariableName="const_RegularExpression10003">
      <Data VariableName="expression">
        <Meta>
          <Type>String</Type>
        </Meta>
        <Value>identity\?\s+=\s+typeresistantmappings.Primitives@([0-9a-f]+)</Value>
      </Data>
    </Data>
    <Exception ID="4785" Label="Test Result Validation Error" ReferenceName="TestResultValidationError" ReferencePath="typeresistantmappings" VariableName="const_TestResultValidationError4785">
      <Target RefID="4648"/>
      <Data VariableName="reason0">
        <Meta>
          <Type>String</Type>
        </Meta>
        <Value>Function result could not be validated</Value>
      </Data>
    </Exception>
    <Exception ID="5250" ReferenceName="TestResultValidationError" ReferencePath="typeresistantmappings" VariableName="testResultValidationError5250">
      <Target RefID="5249"/>
      <Data VariableName="reason0">
        <Meta>
          <Type>String</Type>
        </Meta>
        <Value>Function result could not be validated</Value>
      </Data>
    </Exception>
    <Exception ID="7478" ReferenceName="TestResultValidationError" ReferencePath="typeresistantmappings" VariableName="testResultValidationError7478">
      <Target RefID="7477"/>
      <Data VariableName="reason0">
        <Meta>
          <Type>String</Type>
        </Meta>
        <Value>Function result could not be validated</Value>
      </Data>
    </Exception>
    <Exception ID="7686" ReferenceName="TestResultValidationError" ReferencePath="typeresistantmappings" VariableName="testResultValidationError7686">
      <Target RefID="7685"/>
      <Data VariableName="reason0">
        <Meta>
          <Type>String</Type>
        </Meta>
        <Value>Function result could not be validated</Value>
      </Data>
    </Exception>
    <Exception ID="9956" ReferenceName="TestResultValidationError" ReferencePath="typeresistantmappings" VariableName="testResultValidationError9956">
      <Target RefID="9955"/>
      <Data VariableName="reason0">
        <Meta>
          <Type>String</Type>
        </Meta>
        <Value>Function result could not be validated</Value>
      </Data>
    </Exception>
    <Exception ID="10442" ReferenceName="TestResultValidationError" ReferencePath="typeresistantmappings" VariableName="testResultValidationError10442">
      <Target RefID="10441"/>
      <Data VariableName="reason0">
        <Meta>
          <Type>String</Type>
        </Meta>
        <Value>Function result could not be validated</Value>
      </Data>
    </Exception>
    <Exception ID="10726" ReferenceName="TestResultValidationError" ReferencePath="typeresistantmappings" VariableName="testResultValidationError10726">
      <Target RefID="10725"/>
      <Data VariableName="reason0">
        <Meta>
          <Type>String</Type>
        </Meta>
        <Value>Function result could not be validated</Value>
      </Data>
    </Exception>
    <Assign ID="1"/>
  </Operation>
</Service>
