<?xml version="1.0" encoding="UTF-8" standalone="no"?>
<!--
 * - - - - - - - - - - - - - - - - - - - - - - - - - -
 * Xyna 8.2 (Black Edition)
 * Xyna Development
 * - - - - - - - - - - - - - - - - - - - - - - - - - -
 * Copyright GIP AG 2021
 * (http://www.gip.com)
 * Hechtsheimer Str. 35-37
 * 55131 Mainz
 * - - - - - - - - - - - - - - - - - - - - - - - - - -
 * $Revision$
 * $Date$
 --><Service xmlns="http://www.gip.com/xyna/xdev/xfractmod" Label="Functions - List Utils" TypeName="FunctionsListUtils" TypePath="typeresistantmappings" Version="1.8">
  <Operation ID="0" IsStatic="false" Label="Functions - List Utils" Name="FunctionsListUtils">
    <Input/>
    <Output/>
    <Throws>
      <Exception Label="Test Result Validation Error" ReferenceName="TestResultValidationError" ReferencePath="typeresistantmappings" VariableName="testResultValidationError566"/>
    </Throws>
    <Mappings ID="26" Label="Mapping">
      <Output>
        <Data ID="27" IsList="true" Label="Primitives" ReferenceName="Primitives" ReferencePath="typeresistantmappings" VariableName="primitives27">
          <Source RefID="26"/>
        </Data>
        <Target RefID="28"/>
      </Output>
      <Mapping>%0%["0"].stringData="erstes Element"</Mapping>
      <Mapping>%0%["1"].stringData="zweites Element"</Mapping>
      <Mapping>%0%["2"].stringData="drittes Element"</Mapping>
    </Mappings>
    <Mappings ID="102" Label="Mapping">
      <Input>
        <Data ID="103" IsList="true" Label="Primitives" ReferenceName="Primitives" ReferencePath="typeresistantmappings" VariableName="primitives103">
          <Source RefID="102"/>
        </Data>
        <Source RefID="28"/>
      </Input>
      <Input>
        <Data ID="104" Label="Primitives" ReferenceName="Primitives" ReferencePath="typeresistantmappings" VariableName="primitives104">
          <Source RefID="102"/>
        </Data>
        <Source RefID="91">
          <Meta>
            <LinkType>Constant</LinkType>
          </Meta>
        </Source>
      </Input>
      <Output>
        <Data ID="105" IsList="true" Label="Primitives" ReferenceName="Primitives" ReferencePath="typeresistantmappings" VariableName="primitives105">
          <Source RefID="102"/>
        </Data>
        <Target RefID="106"/>
      </Output>
      <Mapping>%2%=append(%0%, %1%)</Mapping>
    </Mappings>
    <Choice ID="247" TypeName="BaseChoiceTypeFormula" TypePath="server">
      <Source RefID="106"/>
      <Input>
        <Data ID="270" IsList="true" Label="Primitives" ReferenceName="Primitives" ReferencePath="typeresistantmappings" VariableName="primitives270">
          <Source RefID="247"/>
        </Data>
        <Source RefID="106">
          <Meta>
            <LinkType>UserConnected</LinkType>
          </Meta>
        </Source>
      </Input>
      <Input>
        <Data ID="307" IsList="true" Label="Primitives" ReferenceName="Primitives" ReferencePath="typeresistantmappings" VariableName="primitives307">
          <Source RefID="247"/>
        </Data>
        <Source RefID="106">
          <Meta>
            <LinkType>UserConnected</LinkType>
          </Meta>
        </Source>
      </Input>
      <Case ID="248" Label="true" Premise="length(%0%)==&quot;4&quot;&amp;&amp;%1%[&quot;3&quot;].stringData==&quot;viertes Element&quot;">
        <Assign ID="251"/>
      </Case>
      <Case ID="249" Label="false">
        <Throw ExceptionID="361" ID="344" Label="Throw Test Result Validation Error">
          <Meta>
            <PreferedExceptionType>typeresistantmappings.TestResultValidationError</PreferedExceptionType>
          </Meta>
          <Source RefID="361">
            <Meta>
              <LinkType>Constant</LinkType>
            </Meta>
          </Source>
        </Throw>
        <Assign ID="253"/>
      </Case>
    </Choice>
    <Mappings ID="177" Label="Mapping">
      <Input>
        <Data ID="178" IsList="true" Label="Primitives" ReferenceName="Primitives" ReferencePath="typeresistantmappings" VariableName="primitives178">
          <Source RefID="177"/>
        </Data>
        <Source RefID="106">
          <Meta>
            <LinkType>UserConnected</LinkType>
          </Meta>
        </Source>
      </Input>
      <Input>
        <Data ID="179" IsList="true" Label="Primitives" ReferenceName="Primitives" ReferencePath="typeresistantmappings" VariableName="primitives179">
          <Source RefID="177"/>
        </Data>
        <Source RefID="106">
          <Meta>
            <LinkType>UserConnected</LinkType>
          </Meta>
        </Source>
      </Input>
      <Output>
        <Data ID="180" IsList="true" Label="Primitives" ReferenceName="Primitives" ReferencePath="typeresistantmappings" VariableName="primitives180">
          <Source RefID="177"/>
        </Data>
        <Target RefID="181"/>
      </Output>
      <Mapping>%2%=concatlists(%0%, %1%)</Mapping>
    </Mappings>
    <Choice ID="396" TypeName="BaseChoiceTypeFormula" TypePath="server">
      <Source RefID="181"/>
      <Input>
        <Data ID="403" IsList="true" Label="Primitives" ReferenceName="Primitives" ReferencePath="typeresistantmappings" VariableName="primitives403"/>
        <Source RefID="181">
          <Meta>
            <LinkType>UserConnected</LinkType>
          </Meta>
        </Source>
      </Input>
      <Case ID="397" Label="true" Premise="length(%0%)==&quot;8&quot;">
        <Assign ID="400"/>
      </Case>
      <Case ID="398" Label="false">
        <Throw ExceptionID="406" ID="405" Label="Throw Throw Test Result Validation Error">
          <Meta>
            <PreferedExceptionType>typeresistantmappings.TestResultValidationError</PreferedExceptionType>
          </Meta>
          <Source RefID="406">
            <Meta>
              <LinkType>Constant</LinkType>
            </Meta>
          </Source>
        </Throw>
        <Assign ID="402"/>
      </Case>
    </Choice>
    <Choice ID="214" TypeName="BaseChoiceTypeFormula" TypePath="server">
      <Source RefID="181"/>
      <Input>
        <Data ID="225" IsList="true" Label="Primitives" ReferenceName="Primitives" ReferencePath="typeresistantmappings" VariableName="primitives225">
          <Source RefID="214"/>
        </Data>
        <Source RefID="181">
          <Meta>
            <LinkType>UserConnected</LinkType>
          </Meta>
        </Source>
      </Input>
      <Input>
        <Data ID="238" IsList="true" Label="Primitives" ReferenceName="Primitives" ReferencePath="typeresistantmappings" VariableName="primitives238">
          <Source RefID="214"/>
        </Data>
        <Source RefID="181">
          <Meta>
            <LinkType>UserConnected</LinkType>
          </Meta>
        </Source>
      </Input>
      <Case ID="215" Label="true" Premise="%0%[&quot;0&quot;].stringData==%1%[&quot;4&quot;].stringData">
        <Assign ID="218"/>
      </Case>
      <Case ID="216" Label="false">
        <Throw ExceptionID="379" ID="378" Label="Throw Throw Test Result Validation Error">
          <Meta>
            <PreferedExceptionType>typeresistantmappings.TestResultValidationError</PreferedExceptionType>
          </Meta>
          <Source RefID="379">
            <Meta>
              <LinkType>Constant</LinkType>
            </Meta>
          </Source>
        </Throw>
        <Assign ID="220"/>
      </Case>
    </Choice>
    <Data ID="28" IsList="true" Label="Primitives" ReferenceName="Primitives" ReferencePath="typeresistantmappings" VariableName="primitives28">
      <Source RefID="26"/>
    </Data>
    <Data ID="91" Label="Primitives" ReferenceName="Primitives" ReferencePath="typeresistantmappings" VariableName="const_Primitives91">
      <Data VariableName="stringData">
        <Meta>
          <Type>String</Type>
        </Meta>
        <Value>viertes Element</Value>
      </Data>
      <Data VariableName="intData">
        <Meta>
          <Type>int</Type>
        </Meta>
        <Value>0</Value>
      </Data>
      <Data VariableName="integerData">
        <Meta>
          <Type>Integer</Type>
        </Meta>
      </Data>
      <Data VariableName="longData">
        <Meta>
          <Type>long</Type>
        </Meta>
        <Value>0</Value>
      </Data>
      <Data VariableName="objLongData">
        <Meta>
          <Type>Long</Type>
        </Meta>
      </Data>
      <Data VariableName="doubleData">
        <Meta>
          <Type>double</Type>
        </Meta>
        <Value>0.0</Value>
      </Data>
      <Data VariableName="objDoubleData">
        <Meta>
          <Type>Double</Type>
        </Meta>
      </Data>
      <Data VariableName="booleanData">
        <Meta>
          <Type>boolean</Type>
        </Meta>
        <Value>false</Value>
      </Data>
      <Data VariableName="objBooleanData">
        <Meta>
          <Type>Boolean</Type>
        </Meta>
      </Data>
    </Data>
    <Data ID="106" IsList="true" Label="Primitives" ReferenceName="Primitives" ReferencePath="typeresistantmappings" VariableName="primitives106">
      <Source RefID="102"/>
    </Data>
    <Data ID="181" IsList="true" Label="Primitives" ReferenceName="Primitives" ReferencePath="typeresistantmappings" VariableName="primitives181">
      <Source RefID="177"/>
    </Data>
    <Exception ID="361" Label="Test Result Validation Error" ReferenceName="TestResultValidationError" ReferencePath="typeresistantmappings" VariableName="const_TestResultValidationError361">
      <Target RefID="344"/>
      <Data VariableName="reason0">
        <Meta>
          <Type>String</Type>
        </Meta>
        <Value>List Function result not as expected</Value>
      </Data>
    </Exception>
    <Exception ID="379" ReferenceName="TestResultValidationError" ReferencePath="typeresistantmappings" VariableName="testResultValidationError379">
      <Target RefID="378"/>
      <Data VariableName="reason0">
        <Meta>
          <Type>String</Type>
        </Meta>
        <Value>List Function result not as expected</Value>
      </Data>
    </Exception>
    <Exception ID="406" ReferenceName="TestResultValidationError" ReferencePath="typeresistantmappings" VariableName="testResultValidationError406">
      <Target RefID="405"/>
      <Data VariableName="reason0">
        <Meta>
          <Type>String</Type>
        </Meta>
        <Value>List Function result not as expected</Value>
      </Data>
    </Exception>
    <Assign ID="1"/>
  </Operation>
</Service>
