<?xml version="1.0" encoding="UTF-8" standalone="no"?>
<!--
 * - - - - - - - - - - - - - - - - - - - - - - - - - -
 * Xyna 8.2 (Black Edition)
 * Xyna Development
 * - - - - - - - - - - - - - - - - - - - - - - - - - -
 * Copyright GIP AG 2021
 * (http://www.gip.com)
 * Hechtsheimer Str. 35-37
 * 55131 Mainz
 * - - - - - - - - - - - - - - - - - - - - - - - - - -
 * $Revision$
 * $Date$
 --><Service xmlns="http://www.gip.com/xyna/xdev/xfractmod" Label="Functions - Cast" TypeName="FunctionsCast" TypePath="typeresistantmappings" Version="1.8">
  <Operation ID="0" IsStatic="false" Label="Functions - Cast" Name="FunctionsCast">
    <Input/>
    <Output/>
    <Mappings ID="431" Label="Mapping">
      <Output>
        <Data ID="432" Label="BaseType" ReferenceName="BaseType" ReferencePath="typeresistantmappings" VariableName="baseType432">
          <Source RefID="431"/>
        </Data>
        <Target RefID="433"/>
      </Output>
      <Mapping>%0%=new("typeresistantmappings.InitialB")</Mapping>
    </Mappings>
    <Choice ID="6" TypeName="BaseChoiceTypeSubclasses" TypePath="server">
      <Source RefID="433"/>
      <Target RefID="195"/>
      <Input>
        <Data ID="16" Label="BaseType" ReferenceName="BaseType" ReferencePath="typeresistantmappings" VariableName="baseType16">
          <Source RefID="6"/>
        </Data>
        <Source RefID="433"/>
      </Input>
      <Case ID="17" Label="BaseType" Premise="typeresistantmappings.BaseType">
        <Assign ID="23">
          <Source RefID="433"/>
          <Target RefID="155"/>
          <Copy>
            <Source RefID="433"/>
            <Target RefID="155"/>
          </Copy>
        </Assign>
        <Mappings ID="90" Label="Mapping">
          <Input>
            <Data ID="91" Label="BaseType" ReferenceName="BaseType" ReferencePath="typeresistantmappings" VariableName="baseType91">
              <Source RefID="90"/>
            </Data>
            <Source RefID="155">
              <Meta>
                <LinkType>UserConnected</LinkType>
              </Meta>
            </Source>
          </Input>
          <Output>
            <Data ID="92" Label="BaseType" ReferenceName="BaseType" ReferencePath="typeresistantmappings" VariableName="baseType92">
              <Source RefID="90"/>
            </Data>
            <Target RefID="154"/>
          </Output>
          <Mapping>%1%=%0%</Mapping>
        </Mappings>
        <Assign ID="22">
          <Source RefID="154"/>
          <Target RefID="195"/>
          <Copy>
            <Source RefID="154"/>
            <Target RefID="195"/>
          </Copy>
        </Assign>
        <Data ID="154" Label="BaseType" ReferenceName="BaseType" ReferencePath="typeresistantmappings" VariableName="baseType154">
          <Source RefID="90"/>
        </Data>
      </Case>
      <Case ID="18" Label="Initial B" Premise="typeresistantmappings.InitialB">
        <Assign ID="26">
          <Source RefID="433"/>
          <Target RefID="170"/>
          <Copy>
            <Source RefID="433"/>
            <Target RefID="170"/>
          </Copy>
        </Assign>
        <Mappings ID="166" Label="Mapping">
          <Input>
            <Data ID="167" Label="BaseType" ReferenceName="BaseType" ReferencePath="typeresistantmappings" VariableName="baseType167">
              <Source RefID="166"/>
            </Data>
            <Source RefID="170">
              <Meta>
                <LinkType>UserConnected</LinkType>
              </Meta>
            </Source>
          </Input>
          <Output>
            <Data ID="168" Label="BaseType" ReferenceName="BaseType" ReferencePath="typeresistantmappings" VariableName="baseType168">
              <Source RefID="166"/>
            </Data>
            <Target RefID="169"/>
          </Output>
          <Mapping>%1%#cast("typeresistantmappings.InitialB")=%0%</Mapping>
        </Mappings>
        <Assign ID="25">
          <Source RefID="169"/>
          <Target RefID="195"/>
          <Copy>
            <Source RefID="169"/>
            <Target RefID="195"/>
          </Copy>
        </Assign>
      </Case>
      <Case ID="19" Label="Interim Type" Premise="typeresistantmappings.InterimType">
        <Assign ID="29">
          <Source RefID="433"/>
          <Target RefID="183"/>
          <Copy>
            <Source RefID="433"/>
            <Target RefID="183"/>
          </Copy>
        </Assign>
        <Mappings ID="179" Label="Mapping">
          <Input>
            <Data ID="180" Label="BaseType" ReferenceName="BaseType" ReferencePath="typeresistantmappings" VariableName="baseType180">
              <Source RefID="179"/>
            </Data>
            <Source RefID="183">
              <Meta>
                <LinkType>UserConnected</LinkType>
              </Meta>
            </Source>
          </Input>
          <Output>
            <Data ID="181" Label="BaseType" ReferenceName="BaseType" ReferencePath="typeresistantmappings" VariableName="baseType181">
              <Source RefID="179"/>
            </Data>
            <Target RefID="182"/>
          </Output>
          <Mapping>%1%#cast("typeresistantmappings.InterimType")=%0%</Mapping>
        </Mappings>
        <Assign ID="28">
          <Source RefID="182"/>
          <Target RefID="195"/>
          <Copy>
            <Source RefID="182"/>
            <Target RefID="195"/>
          </Copy>
        </Assign>
      </Case>
      <Case ID="20" Label="Initial A" Premise="typeresistantmappings.InitialA">
        <Assign ID="32">
          <Source RefID="433"/>
          <Target RefID="194"/>
          <Copy>
            <Source RefID="433"/>
            <Target RefID="194"/>
          </Copy>
        </Assign>
        <Mappings ID="190" Label="Mapping">
          <Input>
            <Data ID="191" Label="BaseType" ReferenceName="BaseType" ReferencePath="typeresistantmappings" VariableName="baseType191">
              <Source RefID="190"/>
            </Data>
            <Source RefID="194">
              <Meta>
                <LinkType>UserConnected</LinkType>
              </Meta>
            </Source>
          </Input>
          <Output>
            <Data ID="192" Label="BaseType" ReferenceName="BaseType" ReferencePath="typeresistantmappings" VariableName="baseType192">
              <Source RefID="190"/>
            </Data>
            <Target RefID="193"/>
          </Output>
          <Mapping>%1%#cast("typeresistantmappings.InitialA")=%0%</Mapping>
        </Mappings>
        <Assign ID="31">
          <Source RefID="193"/>
          <Target RefID="195"/>
          <Copy>
            <Source RefID="193"/>
            <Target RefID="195"/>
          </Copy>
        </Assign>
      </Case>
    </Choice>
    <Mappings ID="241" Label="Mapping">
      <Output>
        <Data ID="242" Label="Initial A" ReferenceName="InitialA" ReferencePath="typeresistantmappings" VariableName="initialA242">
          <Source RefID="241"/>
        </Data>
        <Target RefID="243"/>
      </Output>
      <Mapping>%0%.a="a"</Mapping>
      <Mapping>%0%.ab="ab"</Mapping>
    </Mappings>
    <Mappings ID="313" Label="implicit downcast">
      <Input>
        <Data ID="314" Label="Initial A" ReferenceName="InitialA" ReferencePath="typeresistantmappings" VariableName="initialA314">
          <Source RefID="313"/>
        </Data>
        <Source RefID="243"/>
      </Input>
      <Output>
        <Data ID="315" Label="BaseType" ReferenceName="BaseType" ReferencePath="typeresistantmappings" VariableName="baseType315">
          <Source RefID="313"/>
        </Data>
        <Target RefID="367"/>
      </Output>
      <Mapping>%1%#cast("typeresistantmappings.InitialA")=%0%</Mapping>
    </Mappings>
    <Mappings ID="395" Label="implicit upcast">
      <Input>
        <Data ID="396" Label="BaseType" ReferenceName="BaseType" ReferencePath="typeresistantmappings" VariableName="baseType396">
          <Source RefID="395"/>
        </Data>
        <Source RefID="367">
          <Meta>
            <LinkType>UserConnected</LinkType>
          </Meta>
        </Source>
      </Input>
      <Output>
        <Data ID="397" Label="Initial A" ReferenceName="InitialA" ReferencePath="typeresistantmappings" VariableName="initialA397">
          <Source RefID="395"/>
        </Data>
        <Target RefID="398"/>
      </Output>
      <Mapping>%1%=%0%</Mapping>
    </Mappings>
    <Data ID="155" Label="BaseType" ReferenceName="BaseType" ReferencePath="typeresistantmappings" VariableName="baseType155"/>
    <Data ID="169" Label="BaseType" ReferenceName="BaseType" ReferencePath="typeresistantmappings" VariableName="baseType169">
      <Source RefID="166"/>
    </Data>
    <Data ID="170" Label="Initial B" ReferenceName="InitialB" ReferencePath="typeresistantmappings" VariableName="initialB170"/>
    <Data ID="182" Label="BaseType" ReferenceName="BaseType" ReferencePath="typeresistantmappings" VariableName="baseType182">
      <Source RefID="179"/>
    </Data>
    <Data ID="183" Label="Interim Type" ReferenceName="InterimType" ReferencePath="typeresistantmappings" VariableName="interimType183"/>
    <Data ID="193" Label="BaseType" ReferenceName="BaseType" ReferencePath="typeresistantmappings" VariableName="baseType193">
      <Source RefID="190"/>
    </Data>
    <Data ID="194" Label="Initial A" ReferenceName="InitialA" ReferencePath="typeresistantmappings" VariableName="initialA194"/>
    <Data ID="195" Label="BaseType" ReferenceName="BaseType" ReferencePath="typeresistantmappings" VariableName="baseType195">
      <Source RefID="6"/>
    </Data>
    <Data ID="243" Label="Initial A" ReferenceName="InitialA" ReferencePath="typeresistantmappings" VariableName="initialA243">
      <Source RefID="241"/>
    </Data>
    <Data ID="367" Label="BaseType" ReferenceName="BaseType" ReferencePath="typeresistantmappings" VariableName="baseType367">
      <Source RefID="313"/>
    </Data>
    <Data ID="398" Label="Initial A" ReferenceName="InitialA" ReferencePath="typeresistantmappings" VariableName="initialA398">
      <Source RefID="395"/>
    </Data>
    <Data ID="433" Label="BaseType" ReferenceName="BaseType" ReferencePath="typeresistantmappings" VariableName="baseType433">
      <Source RefID="431"/>
    </Data>
    <Assign ID="1"/>
  </Operation>
</Service>
