<?xml version="1.0" encoding="UTF-8" standalone="no"?>
<!--
 * - - - - - - - - - - - - - - - - - - - - - - - - - -
 * Xyna 8.2 (Black Edition)
 * Xyna Development
 * - - - - - - - - - - - - - - - - - - - - - - - - - -
 * Copyright GIP AG 2021
 * (http://www.gip.com)
 * Hechtsheimer Str. 35-37
 * 55131 Mainz
 * - - - - - - - - - - - - - - - - - - - - - - - - - -
 * $Revision$
 * $Date$
 --><DataType xmlns="http://www.gip.com/xyna/xdev/xfractmod" IsAbstract="false" Label="Instanze Method Type" TypeName="InstanzeMethodType" TypePath="typeresistantmappings" Version="1.8">
  <Meta>
    <IsServiceGroupOnly>false</IsServiceGroupOnly>
    <Documentation>baum</Documentation>
  </Meta>
  <Service Label="Instanze Method Type" TypeName="InstanzeMethodType">
    <Operation IsStatic="false" Label="some service" Name="someService">
      <Input>
        <Data Label="long val" VariableName="longval">
          <Meta>
            <Type>long</Type>
          </Meta>
        </Data>
        <Data Label="double val" VariableName="doubleval">
          <Meta>
            <Type>Double</Type>
          </Meta>
        </Data>
        <Data Label="do Add" VariableName="doAdd">
          <Meta>
            <Type>boolean</Type>
          </Meta>
        </Data>
      </Input>
      <Output>
        <Data Label="result" VariableName="result">
          <Meta>
            <Type>Long</Type>
          </Meta>
        </Data>
      </Output>
      <SourceCode>
        <CodeSnippet Type="Java">if (doAdd) {
  return longval + doubleval.longValue();
} else {
  return longval - doubleval.longValue();
}</CodeSnippet>
      </SourceCode>
    </Operation>
    <Operation IsStatic="false" Label="return komplex" Name="returnKomplex">
      <Input/>
      <Output>
        <Data ID="8" Label="Nested List Type" ReferenceName="NestedListType" ReferencePath="typeresistantmappings" VariableName="nestedListType8"/>
      </Output>
      <SourceCode>
        <CodeSnippet Type="Java">return new NestedListType();</CodeSnippet>
      </SourceCode>
    </Operation>
  </Service>
</DataType>
