<?xml version="1.0" encoding="UTF-8" standalone="no"?>
<!--
 * - - - - - - - - - - - - - - - - - - - - - - - - - -
 * Xyna 8.2 (Black Edition)
 * Xyna Development
 * - - - - - - - - - - - - - - - - - - - - - - - - - -
 * Copyright GIP AG 2021
 * (http://www.gip.com)
 * Hechtsheimer Str. 35-37
 * 55131 Mainz
 * - - - - - - - - - - - - - - - - - - - - - - - - - -
 * $Revision$
 * $Date$
 --><Service xmlns="http://www.gip.com/xyna/xdev/xfractmod" Label="List Access - Function Result Index" TypeName="ListAccessFunctionResultIndex" TypePath="typeresistantmappings" Version="1.8">
  <Operation ID="0" IsStatic="false" Label="List Access - Function Result Index" Name="ListAccessFunctionResultIndex">
    <Input>
      <Data ID="1286" Label="Validation Mode" ReferenceName="ValidationMode" ReferencePath="typeresistantmappings" VariableName="validationMode1286"/>
    </Input>
    <Output/>
    <Throws>
      <Exception Label="Test Result Validation Error" ReferenceName="TestResultValidationError" ReferencePath="typeresistantmappings" VariableName="testResultValidationError1817"/>
    </Throws>
    <Mappings ID="755" Label="Mapping">
      <Output>
        <Data ID="756" Label="Primitives" ReferenceName="Primitives" ReferencePath="typeresistantmappings" VariableName="primitives756">
          <Source RefID="755"/>
        </Data>
        <Target RefID="757"/>
      </Output>
      <Output>
        <Data ID="1128" Label="Instanze Method Type" ReferenceName="InstanzeMethodType" ReferencePath="typeresistantmappings" VariableName="instanzeMethodType1128">
          <Source RefID="755"/>
        </Data>
        <Target RefID="1129"/>
      </Output>
      <Mapping>%0%.stringData="0000"</Mapping>
      <Mapping>%0%.intData="1"</Mapping>
      <Mapping>%0%.integerData="1"</Mapping>
      <Mapping>%0%.longData="2"</Mapping>
      <Mapping>%0%.objLongData="2"</Mapping>
      <Mapping>%0%.doubleData="3"</Mapping>
      <Mapping>%0%.objDoubleData="4"</Mapping>
      <Mapping>%0%.booleanData="true"</Mapping>
      <Mapping>%0%.objBooleanData="true"</Mapping>
    </Mappings>
    <Mappings ID="79" Label="Mapping">
      <Input>
        <Data ID="80" Label="Primitives" ReferenceName="Primitives" ReferencePath="typeresistantmappings" VariableName="primitives80">
          <Source RefID="79"/>
        </Data>
        <Source RefID="757"/>
      </Input>
      <Input>
        <Data ID="178" Label="Instanze Method Type" ReferenceName="InstanzeMethodType" ReferencePath="typeresistantmappings" VariableName="instanzeMethodType178">
          <Source RefID="79"/>
        </Data>
        <Source RefID="1129"/>
      </Input>
      <Output>
        <Data ID="81" Label="List Type" ReferenceName="ListType" ReferencePath="typeresistantmappings" VariableName="listType81">
          <Source RefID="79"/>
        </Data>
        <Target RefID="82"/>
      </Output>
      <Mapping>%2%.complexList[%1%.someService((%0%.longData+"10"), %0%.doubleData, "false")]=%0%</Mapping>
      <Mapping>%2%.stringList[%1%.someService(%0%.longData, %0%.doubleData, "true")]=%0%.objDoubleData</Mapping>
    </Mappings>
    <Choice ID="1309" TypeName="BaseChoiceTypeFormula" TypePath="server">
      <Source RefID="1286"/>
      <Input>
        <Data ID="1332" Label="Validation Mode" ReferenceName="ValidationMode" ReferencePath="typeresistantmappings" VariableName="validationMode1332">
          <Source RefID="1309"/>
        </Data>
        <Source RefID="1286"/>
      </Input>
      <Case ID="1310" Label="true" Premise="%0%.beforeTransformation">
        <Choice ID="400" TypeName="BaseChoiceTypeFormula" TypePath="server">
          <Source RefID="82"/>
          <Input>
            <Data ID="415" Label="List Type" ReferenceName="ListType" ReferencePath="typeresistantmappings" VariableName="listType415">
              <Source RefID="400"/>
            </Data>
            <Source RefID="82"/>
          </Input>
          <Case ID="401" Label="true" Premise="length(%0%.stringList)==&quot;6&quot;&amp;&amp;%0%.stringList[&quot;5&quot;]==&quot;4.0&quot;">
            <Assign ID="404"/>
          </Case>
          <Case ID="402" Label="false">
            <Throw ExceptionID="477" ID="460" Label="Throw Test Result Validation Error">
              <Meta>
                <PreferedExceptionType>typeresistantmappings.TestResultValidationError</PreferedExceptionType>
              </Meta>
              <Source RefID="477">
                <Meta>
                  <LinkType>Constant</LinkType>
                </Meta>
              </Source>
            </Throw>
            <Assign ID="406"/>
          </Case>
        </Choice>
        <Assign ID="1313"/>
      </Case>
      <Case ID="1311" Label="false">
        <Choice ID="1391" TypeName="BaseChoiceTypeFormula" TypePath="server">
          <Source RefID="82"/>
          <Input>
            <Data ID="1398" Label="List Type" ReferenceName="ListType" ReferencePath="typeresistantmappings" VariableName="listType1398"/>
            <Source RefID="82"/>
          </Input>
          <Case ID="1392" Label="true" Premise="length(%0%.stringList)==&quot;6&quot;&amp;&amp;%0%.stringList[&quot;5&quot;]==&quot;4&quot;">
            <Assign ID="1395"/>
          </Case>
          <Case ID="1393" Label="false">
            <Throw ExceptionID="1400" ID="1399" Label="Throw Throw Test Result Validation Error">
              <Meta>
                <PreferedExceptionType>typeresistantmappings.TestResultValidationError</PreferedExceptionType>
              </Meta>
              <Source RefID="1400">
                <Meta>
                  <LinkType>Constant</LinkType>
                </Meta>
              </Source>
            </Throw>
            <Assign ID="1397"/>
          </Case>
        </Choice>
        <Assign ID="1315"/>
      </Case>
    </Choice>
    <Choice ID="494" TypeName="BaseChoiceTypeFormula" TypePath="server">
      <Source RefID="82"/>
      <Input>
        <Data ID="501" Label="List Type" ReferenceName="ListType" ReferencePath="typeresistantmappings" VariableName="listType501"/>
        <Source RefID="82"/>
      </Input>
      <Case ID="495" Label="true" Premise="length(%0%.complexList)==&quot;10&quot;&amp;&amp;%0%.complexList[&quot;9&quot;]!=null">
        <Assign ID="498"/>
      </Case>
      <Case ID="496" Label="false">
        <Throw ExceptionID="503" ID="502" Label="Throw Throw Test Result Validation Error">
          <Meta>
            <PreferedExceptionType>typeresistantmappings.TestResultValidationError</PreferedExceptionType>
          </Meta>
          <Source RefID="503">
            <Meta>
              <LinkType>Constant</LinkType>
            </Meta>
          </Source>
        </Throw>
        <Assign ID="500"/>
      </Case>
    </Choice>
    <Mappings ID="232" Label="Mapping">
      <Input>
        <Data ID="233" Label="Primitives" ReferenceName="Primitives" ReferencePath="typeresistantmappings" VariableName="primitives233">
          <Source RefID="232"/>
        </Data>
        <Source RefID="757"/>
      </Input>
      <Output>
        <Data ID="234" Label="List Type" ReferenceName="ListType" ReferencePath="typeresistantmappings" VariableName="listType234">
          <Source RefID="232"/>
        </Data>
        <Target RefID="235"/>
      </Output>
      <Mapping>%1%.complexList[length(%0%.stringData)]=%0%</Mapping>
      <Mapping>%1%.stringList[length(%0%.integerData)]=%0%.objDoubleData</Mapping>
    </Mappings>
    <Choice ID="1461" TypeName="BaseChoiceTypeFormula" TypePath="server">
      <Source RefID="1286"/>
      <Input>
        <Data ID="1543" Label="Validation Mode" ReferenceName="ValidationMode" ReferencePath="typeresistantmappings" VariableName="validationMode1543">
          <Source RefID="1461"/>
        </Data>
        <Source RefID="1286"/>
      </Input>
      <Case ID="1462" Label="true" Premise="%0%.beforeTransformation">
        <Choice ID="600" TypeName="BaseChoiceTypeFormula" TypePath="server">
          <Source RefID="235"/>
          <Input>
            <Data ID="607" Label="List Type" ReferenceName="ListType" ReferencePath="typeresistantmappings" VariableName="listType607"/>
            <Source RefID="235">
              <Meta>
                <LinkType>UserConnected</LinkType>
              </Meta>
            </Source>
          </Input>
          <Input>
            <Data ID="664" Label="List Type" ReferenceName="ListType" ReferencePath="typeresistantmappings" VariableName="listType664">
              <Source RefID="600"/>
            </Data>
            <Source RefID="235">
              <Meta>
                <LinkType>UserConnected</LinkType>
              </Meta>
            </Source>
          </Input>
          <Case ID="601" Label="true" Premise="length(%1%.stringList)==&quot;2&quot;&amp;&amp;%0%.stringList[&quot;1&quot;]==&quot;4.0&quot;">
            <Assign ID="604"/>
          </Case>
          <Case ID="602" Label="false">
            <Throw ExceptionID="609" ID="608" Label="Throw Throw Test Result Validation Error">
              <Meta>
                <PreferedExceptionType>typeresistantmappings.TestResultValidationError</PreferedExceptionType>
              </Meta>
              <Source RefID="609">
                <Meta>
                  <LinkType>Constant</LinkType>
                </Meta>
              </Source>
            </Throw>
            <Assign ID="606"/>
          </Case>
        </Choice>
        <Assign ID="1465"/>
      </Case>
      <Case ID="1463" Label="false">
        <Choice ID="1500" TypeName="BaseChoiceTypeFormula" TypePath="server">
          <Source RefID="235"/>
          <Input>
            <Data ID="1507" Label="List Type" ReferenceName="ListType" ReferencePath="typeresistantmappings" VariableName="listType1507"/>
            <Source RefID="235">
              <Meta>
                <LinkType>UserConnected</LinkType>
              </Meta>
            </Source>
          </Input>
          <Input>
            <Data ID="1508" Label="List Type" ReferenceName="ListType" ReferencePath="typeresistantmappings" VariableName="listType1508"/>
            <Source RefID="235">
              <Meta>
                <LinkType>UserConnected</LinkType>
              </Meta>
            </Source>
          </Input>
          <Case ID="1501" Label="true" Premise="length(%1%.stringList)==&quot;2&quot;&amp;&amp;%0%.stringList[&quot;1&quot;]==&quot;4&quot;">
            <Assign ID="1504"/>
          </Case>
          <Case ID="1502" Label="false">
            <Throw ExceptionID="1510" ID="1509" Label="Throw Throw Throw Test Result Validation Error">
              <Meta>
                <PreferedExceptionType>typeresistantmappings.TestResultValidationError</PreferedExceptionType>
              </Meta>
              <Source RefID="1510">
                <Meta>
                  <LinkType>Constant</LinkType>
                </Meta>
              </Source>
            </Throw>
            <Assign ID="1506"/>
          </Case>
        </Choice>
        <Assign ID="1467"/>
      </Case>
    </Choice>
    <Choice ID="1614" TypeName="BaseChoiceTypeFormula" TypePath="server">
      <Source RefID="1286"/>
      <Input>
        <Data ID="1711" Label="Validation Mode" ReferenceName="ValidationMode" ReferencePath="typeresistantmappings" VariableName="validationMode1711">
          <Source RefID="1614"/>
        </Data>
        <Source RefID="1286"/>
      </Input>
      <Case ID="1615" Label="true" Premise="%0%.beforeTransformation">
        <Choice ID="626" TypeName="BaseChoiceTypeFormula" TypePath="server">
          <Source RefID="235"/>
          <Input>
            <Data ID="633" Label="List Type" ReferenceName="ListType" ReferencePath="typeresistantmappings" VariableName="listType633"/>
            <Source RefID="235">
              <Meta>
                <LinkType>UserConnected</LinkType>
              </Meta>
            </Source>
          </Input>
          <Case ID="627" Label="true" Premise="length(%0%.complexList)==&quot;5&quot;&amp;&amp;%0%.complexList[&quot;4&quot;]!=null">
            <Assign ID="630"/>
          </Case>
          <Case ID="628" Label="false">
            <Throw ExceptionID="635" ID="634" Label="Throw Throw Throw Test Result Validation Error">
              <Meta>
                <PreferedExceptionType>typeresistantmappings.TestResultValidationError</PreferedExceptionType>
              </Meta>
              <Source RefID="635">
                <Meta>
                  <LinkType>Constant</LinkType>
                </Meta>
              </Source>
            </Throw>
            <Assign ID="632"/>
          </Case>
        </Choice>
        <Assign ID="1618"/>
      </Case>
      <Case ID="1616" Label="false">
        <Choice ID="1653" TypeName="BaseChoiceTypeFormula" TypePath="server">
          <Source RefID="235"/>
          <Input>
            <Data ID="1660" Label="List Type" ReferenceName="ListType" ReferencePath="typeresistantmappings" VariableName="listType1660"/>
            <Source RefID="235">
              <Meta>
                <LinkType>UserConnected</LinkType>
              </Meta>
            </Source>
          </Input>
          <Case ID="1654" Label="true" Premise="length(%0%.complexList)==&quot;4&quot;&amp;&amp;%0%.complexList[&quot;3&quot;]!=null">
            <Assign ID="1657"/>
          </Case>
          <Case ID="1655" Label="false">
            <Throw ExceptionID="1662" ID="1661" Label="Throw Throw Throw Throw Test Result Validation Error">
              <Meta>
                <PreferedExceptionType>typeresistantmappings.TestResultValidationError</PreferedExceptionType>
              </Meta>
              <Source RefID="1662">
                <Meta>
                  <LinkType>Constant</LinkType>
                </Meta>
              </Source>
            </Throw>
            <Assign ID="1659"/>
          </Case>
        </Choice>
        <Assign ID="1620"/>
      </Case>
    </Choice>
    <Data ID="82" Label="List Type" ReferenceName="ListType" ReferencePath="typeresistantmappings" VariableName="listType82">
      <Source RefID="79"/>
    </Data>
    <Data ID="235" Label="List Type" ReferenceName="ListType" ReferencePath="typeresistantmappings" VariableName="listType235">
      <Source RefID="232"/>
    </Data>
    <Data ID="757" Label="Primitives" ReferenceName="Primitives" ReferencePath="typeresistantmappings" VariableName="primitives757">
      <Source RefID="755"/>
    </Data>
    <Data ID="1129" Label="Instanze Method Type" ReferenceName="InstanzeMethodType" ReferencePath="typeresistantmappings" VariableName="instanzeMethodType1129">
      <Source RefID="755"/>
    </Data>
    <Exception ID="477" Label="Test Result Validation Error" ReferenceName="TestResultValidationError" ReferencePath="typeresistantmappings" VariableName="const_TestResultValidationError477">
      <Target RefID="460"/>
      <Data VariableName="reason0">
        <Meta>
          <Type>String</Type>
        </Meta>
        <Value>List access could not be validated</Value>
      </Data>
    </Exception>
    <Exception ID="503" ReferenceName="TestResultValidationError" ReferencePath="typeresistantmappings" VariableName="testResultValidationError503">
      <Target RefID="502"/>
      <Data VariableName="reason0">
        <Meta>
          <Type>String</Type>
        </Meta>
        <Value>List access could not be validated</Value>
      </Data>
    </Exception>
    <Exception ID="609" ReferenceName="TestResultValidationError" ReferencePath="typeresistantmappings" VariableName="testResultValidationError609">
      <Target RefID="608"/>
      <Data VariableName="reason0">
        <Meta>
          <Type>String</Type>
        </Meta>
        <Value>List access could not be validated</Value>
      </Data>
    </Exception>
    <Exception ID="635" ReferenceName="TestResultValidationError" ReferencePath="typeresistantmappings" VariableName="testResultValidationError635">
      <Target RefID="634"/>
      <Data VariableName="reason0">
        <Meta>
          <Type>String</Type>
        </Meta>
        <Value>List access could not be validated</Value>
      </Data>
    </Exception>
    <Exception ID="1400" ReferenceName="TestResultValidationError" ReferencePath="typeresistantmappings" VariableName="testResultValidationError1400">
      <Target RefID="1399"/>
      <Data VariableName="reason0">
        <Meta>
          <Type>String</Type>
        </Meta>
        <Value>List access could not be validated</Value>
      </Data>
    </Exception>
    <Exception ID="1510" ReferenceName="TestResultValidationError" ReferencePath="typeresistantmappings" VariableName="testResultValidationError1510">
      <Target RefID="1509"/>
      <Data VariableName="reason0">
        <Meta>
          <Type>String</Type>
        </Meta>
        <Value>List access could not be validated</Value>
      </Data>
    </Exception>
    <Exception ID="1662" ReferenceName="TestResultValidationError" ReferencePath="typeresistantmappings" VariableName="testResultValidationError1662">
      <Target RefID="1661"/>
      <Data VariableName="reason0">
        <Meta>
          <Type>String</Type>
        </Meta>
        <Value>List access could not be validated</Value>
      </Data>
    </Exception>
    <Assign ID="1"/>
  </Operation>
</Service>
