<?xml version="1.0" encoding="UTF-8" standalone="no"?>
<!--
 * - - - - - - - - - - - - - - - - - - - - - - - - - -
 * Xyna 8.2 (Black Edition)
 * Xyna Development
 * - - - - - - - - - - - - - - - - - - - - - - - - - -
 * Copyright GIP AG 2021
 * (http://www.gip.com)
 * Hechtsheimer Str. 35-37
 * 55131 Mainz
 * - - - - - - - - - - - - - - - - - - - - - - - - - -
 * $Revision$
 * $Date$
 --><Service xmlns="http://www.gip.com/xyna/xdev/xfractmod" Label="List Access - Nested Complex Index" TypeName="ListAccessNestedComplexIndex" TypePath="typeresistantmappings" Version="1.8">
  <Operation ID="0" IsStatic="false" Label="List Access - Nested Complex Index" Name="ListAccessNestedComplexIndex">
    <Input/>
    <Output/>
    <Throws>
      <Exception Label="Test Result Validation Error" ReferenceName="TestResultValidationError" ReferencePath="typeresistantmappings" VariableName="testResultValidationError2039"/>
    </Throws>
    <ServiceReference ID="131" Label="Template Management" ReferenceName="TemplateManagement.TemplateManagement" ReferencePath="xact.templates"/>
    <ServiceReference ID="884" Label="Template Management" ReferenceName="TemplateManagement.TemplateManagement" ReferencePath="xact.templates"/>
    <ServiceReference ID="118" Label="Template Management" ReferenceName="TemplateManagement.TemplateManagement" ReferencePath="xact.templates"/>
    <ServiceReference ID="956" Label="Template Management" ReferenceName="TemplateManagement.TemplateManagement" ReferencePath="xact.templates"/>
    <Mappings ID="508" Label="Mapping">
      <Output>
        <Data ID="509" IsList="true" Label="Nested List Type" ReferenceName="NestedListType" ReferencePath="typeresistantmappings" VariableName="nestedListType509">
          <Source RefID="508"/>
        </Data>
        <Target RefID="510"/>
      </Output>
      <Mapping>%0%["3"].iniList["6"]=new("typeresistantmappings.InstanzeMethodType")</Mapping>
    </Mappings>
    <Function ID="117" Label="Begin document">
      <Source RefID="118"/>
      <Source RefID="146"/>
      <Target RefID="118"/>
      <Target RefID="120"/>
      <Invoke Operation="start" ServiceID="118">
        <Source RefID="146">
          <Meta>
            <LinkType>Constant</LinkType>
          </Meta>
        </Source>
      </Invoke>
      <Receive ServiceID="118">
        <Target RefID="120"/>
      </Receive>
    </Function>
    <Mappings ID="109" Label="">
      <Meta>
        <IsTemplate>true</IsTemplate>
      </Meta>
      <Input>
        <Data ID="571" IsList="true" Label="Nested List Type" ReferenceName="NestedListType" ReferencePath="typeresistantmappings" VariableName="nestedListType571">
          <Source RefID="109"/>
        </Data>
        <Source RefID="510"/>
      </Input>
      <Output>
        <Data ID="110" Label="Document part" ReferenceName="DocumentPart" ReferencePath="xact.templates" VariableName="documentPart110"/>
        <Target RefID="111"/>
      </Output>
      <Mapping>%1%.text=concat("Executed inside Mapping: ", %0%[("1"+"2")].iniList[("2"*"3")].someService("1", "1", "true"), "\n", "")</Mapping>
    </Mappings>
    <Mappings ID="697" Label="Mapping">
      <Output>
        <Data ID="698" Label="Primitives" ReferenceName="Primitives" ReferencePath="typeresistantmappings" VariableName="primitives698">
          <Source RefID="697"/>
        </Data>
        <Target RefID="699"/>
      </Output>
      <Mapping>%0%.doubleData="3"</Mapping>
      <Mapping>%0%.stringData="6"</Mapping>
    </Mappings>
    <Choice ID="159" TypeName="BaseChoiceTypeFormula" TypePath="server">
      <Source RefID="510"/>
      <Source RefID="699"/>
      <Input>
        <Data ID="608" IsList="true" Label="Nested List Type" ReferenceName="NestedListType" ReferencePath="typeresistantmappings" VariableName="nestedListType608">
          <Source RefID="159"/>
        </Data>
        <Source RefID="510"/>
      </Input>
      <Input>
        <Data ID="796" Label="Primitives" ReferenceName="Primitives" ReferencePath="typeresistantmappings" VariableName="primitives796">
          <Source RefID="159"/>
        </Data>
        <Source RefID="699"/>
      </Input>
      <Input>
        <Data ID="833" Label="Primitives" ReferenceName="Primitives" ReferencePath="typeresistantmappings" VariableName="primitives833">
          <Source RefID="159"/>
        </Data>
        <Source RefID="699"/>
      </Input>
      <Case ID="160" Label="true" Premise="%0%[%1%.doubleData].iniList[%2%.stringData].someService(&quot;5&quot;,&quot;2&quot;,&quot;false&quot;)&gt;&quot;4&quot;">
        <Mappings ID="349" Label="">
          <Meta>
            <IsTemplate>true</IsTemplate>
          </Meta>
          <Output>
            <Data ID="350" Label="Document part" ReferenceName="DocumentPart" ReferencePath="xact.templates" VariableName="documentPart350"/>
            <Target RefID="351"/>
          </Output>
          <Mapping>%0%.text=concat("Evaluation: true")</Mapping>
        </Mappings>
        <Assign ID="163"/>
        <Data ID="351" Label="Document part" ReferenceName="DocumentPart" ReferencePath="xact.templates" VariableName="documentPart351"/>
      </Case>
      <Case ID="161" Label="false">
        <Mappings ID="364" Label="">
          <Meta>
            <IsTemplate>true</IsTemplate>
          </Meta>
          <Output>
            <Data ID="365" Label="Document part" ReferenceName="DocumentPart" ReferencePath="xact.templates" VariableName="documentPart365"/>
            <Target RefID="366"/>
          </Output>
          <Mapping>%0%.text=concat("Evaluation: false")</Mapping>
        </Mappings>
        <Assign ID="165"/>
        <Data ID="366" Label="Document part" ReferenceName="DocumentPart" ReferencePath="xact.templates" VariableName="documentPart366"/>
      </Case>
    </Choice>
    <Function ID="130" Label="End document">
      <Source RefID="131"/>
      <Source RefID="120"/>
      <Target RefID="131"/>
      <Target RefID="336"/>
      <Invoke Operation="stop" ServiceID="131">
        <Source RefID="120"/>
      </Invoke>
      <Receive ServiceID="131">
        <Target RefID="336"/>
      </Receive>
    </Function>
    <Function ID="883" Label="Begin document">
      <Source RefID="884"/>
      <Source RefID="999"/>
      <Target RefID="884"/>
      <Target RefID="886"/>
      <Invoke Operation="start" ServiceID="884">
        <Source RefID="999">
          <Meta>
            <LinkType>Constant</LinkType>
          </Meta>
        </Source>
      </Invoke>
      <Receive ServiceID="884">
        <Target RefID="886"/>
      </Receive>
    </Function>
    <Mappings ID="919" Label="">
      <Meta>
        <IsTemplate>true</IsTemplate>
      </Meta>
      <Output>
        <Data ID="920" Label="Document part" ReferenceName="DocumentPart" ReferencePath="xact.templates" VariableName="documentPart920"/>
        <Target RefID="921"/>
      </Output>
      <Mapping>%0%.text=concat("Executed inside Mapping: 2", "\n", "Evaluation: false")</Mapping>
    </Mappings>
    <Function ID="955" Label="End document">
      <Source RefID="956"/>
      <Source RefID="886"/>
      <Target RefID="956"/>
      <Target RefID="958"/>
      <Invoke Operation="stop" ServiceID="956">
        <Source RefID="886"/>
      </Invoke>
      <Receive ServiceID="956">
        <Target RefID="958"/>
      </Receive>
    </Function>
    <Choice ID="1565" TypeName="BaseChoiceTypeFormula" TypePath="server">
      <Source RefID="958"/>
      <Input>
        <Data ID="1612" Label="Document" ReferenceName="Document" ReferencePath="xact.templates" VariableName="document1612">
          <Source RefID="1565"/>
        </Data>
        <Source RefID="958">
          <Meta>
            <LinkType>UserConnected</LinkType>
          </Meta>
        </Source>
      </Input>
      <Input>
        <Data ID="1713" Label="Document" ReferenceName="Document" ReferencePath="xact.templates" VariableName="document1713">
          <Source RefID="1565"/>
        </Data>
        <Source RefID="958">
          <Meta>
            <LinkType>UserConnected</LinkType>
          </Meta>
        </Source>
      </Input>
      <Case ID="1566" Label="true" Premise="%0%.text==%1%.text">
        <Assign ID="1569"/>
      </Case>
      <Case ID="1567" Label="false">
        <Throw ExceptionID="1943" ID="1894" Label="Throw Test Result Validation Error">
          <Meta>
            <PreferedExceptionType>typeresistantmappings.TestResultValidationError</PreferedExceptionType>
          </Meta>
          <Source RefID="1943">
            <Meta>
              <LinkType>Constant</LinkType>
            </Meta>
          </Source>
        </Throw>
        <Assign ID="1571"/>
      </Case>
    </Choice>
    <Data ID="111" Label="Document part" ReferenceName="DocumentPart" ReferencePath="xact.templates" VariableName="documentPart111"/>
    <Data ID="120" Label="Document Context" ReferenceName="DocumentContext" ReferencePath="xact.templates" VariableName="documentContext120">
      <Source RefID="117"/>
    </Data>
    <Data ID="146" Label="Plain text" ReferenceName="PlainText" ReferencePath="xact.templates" VariableName="const_PlainText146"/>
    <Data ID="336" Label="Document" ReferenceName="Document" ReferencePath="xact.templates" VariableName="document336">
      <Source RefID="130"/>
    </Data>
    <Data ID="510" IsList="true" Label="Nested List Type" ReferenceName="NestedListType" ReferencePath="typeresistantmappings" VariableName="nestedListType510">
      <Source RefID="508"/>
    </Data>
    <Data ID="699" Label="Primitives" ReferenceName="Primitives" ReferencePath="typeresistantmappings" VariableName="primitives699">
      <Source RefID="697"/>
    </Data>
    <Data ID="886" Label="Document Context" ReferenceName="DocumentContext" ReferencePath="xact.templates" VariableName="documentContext886">
      <Source RefID="883"/>
    </Data>
    <Data ID="921" Label="Document part" ReferenceName="DocumentPart" ReferencePath="xact.templates" VariableName="documentPart921"/>
    <Data ID="958" Label="Document" ReferenceName="Document" ReferencePath="xact.templates" VariableName="document958">
      <Source RefID="955"/>
    </Data>
    <Data ID="999" Label="Plain text" ReferenceName="PlainText" ReferencePath="xact.templates" VariableName="const_PlainText999"/>
    <Exception ID="1943" Label="Test Result Validation Error" ReferenceName="TestResultValidationError" ReferencePath="typeresistantmappings" VariableName="const_TestResultValidationError1943">
      <Target RefID="1894"/>
      <Data VariableName="reason0">
        <Meta>
          <Type>String</Type>
        </Meta>
        <Value>Created protocol could not be validated</Value>
      </Data>
    </Exception>
    <Assign ID="1"/>
  </Operation>
</Service>
