<?xml version="1.0" encoding="UTF-8" standalone="no"?>
<!--
 * - - - - - - - - - - - - - - - - - - - - - - - - - -
 * Xyna 8.2 (Black Edition)
 * Xyna Development
 * - - - - - - - - - - - - - - - - - - - - - - - - - -
 * Copyright GIP AG 2021
 * (http://www.gip.com)
 * Hechtsheimer Str. 35-37
 * 55131 Mainz
 * - - - - - - - - - - - - - - - - - - - - - - - - - -
 * $Revision$
 * $Date$
 --><Service xmlns="http://www.gip.com/xyna/xdev/xfractmod" Label="List Access - Simple Additions" TypeName="ListAccessSimpleAdditions" TypePath="typeresistantmappings" Version="1.8">
  <Operation ID="0" IsStatic="false" Label="List Access - Simple Additions" Name="ListAccessSimpleAdditions">
    <Input/>
    <Output/>
    <Throws>
      <Exception Label="Test Result Validation Error" ReferenceName="TestResultValidationError" ReferencePath="typeresistantmappings" VariableName="testResultValidationError1351"/>
    </Throws>
    <Mappings ID="587" Label="Mapping">
      <Output>
        <Data ID="588" Label="Primitives" ReferenceName="Primitives" ReferencePath="typeresistantmappings" VariableName="primitives588">
          <Source RefID="587"/>
        </Data>
        <Target RefID="589"/>
      </Output>
      <Mapping>%0%.stringData="0000000000000"</Mapping>
      <Mapping>%0%.intData="1"</Mapping>
      <Mapping>%0%.integerData="1"</Mapping>
      <Mapping>%0%.longData="2"</Mapping>
      <Mapping>%0%.objLongData="2"</Mapping>
      <Mapping>%0%.doubleData="3"</Mapping>
      <Mapping>%0%.objDoubleData="3"</Mapping>
      <Mapping>%0%.booleanData="true"</Mapping>
      <Mapping>%0%.objBooleanData="true"</Mapping>
    </Mappings>
    <Mappings ID="28" Label="Mapping">
      <Input>
        <Data ID="1138" Label="Primitives" ReferenceName="Primitives" ReferencePath="typeresistantmappings" VariableName="primitives1138">
          <Source RefID="28"/>
        </Data>
        <Source RefID="589"/>
      </Input>
      <Output>
        <Data ID="29" Label="List Type" ReferenceName="ListType" ReferencePath="typeresistantmappings" VariableName="listType29">
          <Source RefID="28"/>
        </Data>
        <Target RefID="30"/>
      </Output>
      <Mapping>%1%.complexList[("1"+"3")]=%0%</Mapping>
    </Mappings>
    <Choice ID="252" TypeName="BaseChoiceTypeFormula" TypePath="server">
      <Source RefID="30"/>
      <Input>
        <Data ID="267" Label="List Type" ReferenceName="ListType" ReferencePath="typeresistantmappings" VariableName="listType267">
          <Source RefID="252"/>
        </Data>
        <Source RefID="30"/>
      </Input>
      <Input>
        <Data ID="288" Label="List Type" ReferenceName="ListType" ReferencePath="typeresistantmappings" VariableName="listType288">
          <Source RefID="252"/>
        </Data>
        <Source RefID="30"/>
      </Input>
      <Case ID="253" Label="true" Premise="length(%0%.complexList)==&quot;5&quot;&amp;&amp;%1%.complexList[&quot;4&quot;]!=null">
        <Assign ID="256"/>
      </Case>
      <Case ID="254" Label="false">
        <Throw ExceptionID="326" ID="309" Label="Throw Test Result Validation Error">
          <Meta>
            <PreferedExceptionType>typeresistantmappings.TestResultValidationError</PreferedExceptionType>
          </Meta>
          <Source RefID="326">
            <Meta>
              <LinkType>Constant</LinkType>
            </Meta>
          </Source>
        </Throw>
        <Assign ID="258"/>
      </Case>
    </Choice>
    <Mappings ID="147" Label="Mapping">
      <Input>
        <Data ID="148" Label="Primitives" ReferenceName="Primitives" ReferencePath="typeresistantmappings" VariableName="primitives148">
          <Source RefID="147"/>
        </Data>
        <Source RefID="589"/>
      </Input>
      <Output>
        <Data ID="150" Label="List Type" ReferenceName="ListType" ReferencePath="typeresistantmappings" VariableName="listType150">
          <Source RefID="147"/>
        </Data>
        <Target RefID="151"/>
      </Output>
      <Mapping>%1%.complexList[(%0%.integerData-%0%.intData)]=%0%</Mapping>
    </Mappings>
    <Choice ID="407" TypeName="BaseChoiceTypeFormula" TypePath="server">
      <Source RefID="151"/>
      <Input>
        <Data ID="414" Label="List Type" ReferenceName="ListType" ReferencePath="typeresistantmappings" VariableName="listType414"/>
        <Source RefID="151">
          <Meta>
            <LinkType>UserConnected</LinkType>
          </Meta>
        </Source>
      </Input>
      <Input>
        <Data ID="415" Label="List Type" ReferenceName="ListType" ReferencePath="typeresistantmappings" VariableName="listType415"/>
        <Source RefID="151">
          <Meta>
            <LinkType>UserConnected</LinkType>
          </Meta>
        </Source>
      </Input>
      <Case ID="408" Label="true" Premise="length(%0%.complexList)==&quot;1&quot;&amp;&amp;%1%.complexList[&quot;0&quot;]!=null">
        <Assign ID="411"/>
      </Case>
      <Case ID="409" Label="false">
        <Throw ExceptionID="417" ID="416" Label="Throw Throw Test Result Validation Error">
          <Meta>
            <PreferedExceptionType>typeresistantmappings.TestResultValidationError</PreferedExceptionType>
          </Meta>
          <Source RefID="417">
            <Meta>
              <LinkType>Constant</LinkType>
            </Meta>
          </Source>
        </Throw>
        <Assign ID="413"/>
      </Case>
    </Choice>
    <Mappings ID="168" Label="Mapping">
      <Input>
        <Data ID="169" Label="Primitives" ReferenceName="Primitives" ReferencePath="typeresistantmappings" VariableName="primitives169">
          <Source RefID="168"/>
        </Data>
        <Source RefID="589"/>
      </Input>
      <Output>
        <Data ID="171" Label="List Type" ReferenceName="ListType" ReferencePath="typeresistantmappings" VariableName="listType171">
          <Source RefID="168"/>
        </Data>
        <Target RefID="172"/>
      </Output>
      <Mapping>%1%.complexList[((%0%.doubleData+%0%.objDoubleData)-%0%.intData)]=%0%</Mapping>
    </Mappings>
    <Choice ID="506" TypeName="BaseChoiceTypeFormula" TypePath="server">
      <Source RefID="172"/>
      <Input>
        <Data ID="513" Label="List Type" ReferenceName="ListType" ReferencePath="typeresistantmappings" VariableName="listType513"/>
        <Source RefID="172">
          <Meta>
            <LinkType>UserConnected</LinkType>
          </Meta>
        </Source>
      </Input>
      <Input>
        <Data ID="514" Label="List Type" ReferenceName="ListType" ReferencePath="typeresistantmappings" VariableName="listType514"/>
        <Source RefID="172">
          <Meta>
            <LinkType>UserConnected</LinkType>
          </Meta>
        </Source>
      </Input>
      <Case ID="507" Label="true" Premise="length(%0%.complexList)==&quot;6&quot;&amp;&amp;%1%.complexList[&quot;5&quot;]!=null">
        <Assign ID="510"/>
      </Case>
      <Case ID="508" Label="false">
        <Throw ExceptionID="516" ID="515" Label="Throw Throw Test Result Validation Error">
          <Meta>
            <PreferedExceptionType>typeresistantmappings.TestResultValidationError</PreferedExceptionType>
          </Meta>
          <Source RefID="516">
            <Meta>
              <LinkType>Constant</LinkType>
            </Meta>
          </Source>
        </Throw>
        <Assign ID="512"/>
      </Case>
    </Choice>
    <Data ID="30" Label="List Type" ReferenceName="ListType" ReferencePath="typeresistantmappings" VariableName="listType30">
      <Source RefID="28"/>
    </Data>
    <Data ID="151" Label="List Type" ReferenceName="ListType" ReferencePath="typeresistantmappings" VariableName="listType151">
      <Source RefID="147"/>
    </Data>
    <Data ID="172" Label="List Type" ReferenceName="ListType" ReferencePath="typeresistantmappings" VariableName="listType172">
      <Source RefID="168"/>
    </Data>
    <Data ID="589" Label="Primitives" ReferenceName="Primitives" ReferencePath="typeresistantmappings" VariableName="primitives589">
      <Source RefID="587"/>
    </Data>
    <Exception ID="326" Label="Test Result Validation Error" ReferenceName="TestResultValidationError" ReferencePath="typeresistantmappings" VariableName="const_TestResultValidationError326">
      <Target RefID="309"/>
      <Data VariableName="reason0">
        <Meta>
          <Type>String</Type>
        </Meta>
        <Value>List Access failed</Value>
      </Data>
    </Exception>
    <Exception ID="417" ReferenceName="TestResultValidationError" ReferencePath="typeresistantmappings" VariableName="testResultValidationError417">
      <Target RefID="416"/>
      <Data VariableName="reason0">
        <Meta>
          <Type>String</Type>
        </Meta>
        <Value>List Access failed</Value>
      </Data>
    </Exception>
    <Exception ID="516" ReferenceName="TestResultValidationError" ReferencePath="typeresistantmappings" VariableName="testResultValidationError516">
      <Target RefID="515"/>
      <Data VariableName="reason0">
        <Meta>
          <Type>String</Type>
        </Meta>
        <Value>List Access failed</Value>
      </Data>
    </Exception>
    <Assign ID="1"/>
  </Operation>
</Service>
