<?xml version="1.0" encoding="UTF-8" standalone="no"?>
<!--
 * - - - - - - - - - - - - - - - - - - - - - - - - - -
 * Xyna 8.2 (Black Edition)
 * Xyna Development
 * - - - - - - - - - - - - - - - - - - - - - - - - - -
 * Copyright GIP AG 2021
 * (http://www.gip.com)
 * Hechtsheimer Str. 35-37
 * 55131 Mainz
 * - - - - - - - - - - - - - - - - - - - - - - - - - -
 * $Revision$
 * $Date$
 --><Service xmlns="http://www.gip.com/xyna/xdev/xfractmod" Label="List Access - Nested List" TypeName="ListAccessNestedList" TypePath="typeresistantmappings" Version="1.8">
  <Operation ID="0" IsStatic="false" Label="List Access - Nested List" Name="ListAccessNestedList">
    <Input/>
    <Output/>
    <Throws>
      <Exception Label="Test Result Validation Error" ReferenceName="TestResultValidationError" ReferencePath="typeresistantmappings" VariableName="testResultValidationError1329"/>
    </Throws>
    <Mappings ID="317" Label="Mapping">
      <Output>
        <Data ID="318" Label="List Type" ReferenceName="ListType" ReferencePath="typeresistantmappings" VariableName="listType318">
          <Source RefID="317"/>
        </Data>
        <Target RefID="319"/>
      </Output>
      <Mapping>%0%.stringList["0"]="3"</Mapping>
      <Mapping>%0%.longList["0"]="7"</Mapping>
      <Mapping>%0%.complexList["0"].stringData="1"</Mapping>
      <Mapping>%0%.complexList["0"].intData="1"</Mapping>
      <Mapping>%0%.complexList["0"].integerData="1"</Mapping>
      <Mapping>%0%.complexList["0"].longData="1"</Mapping>
      <Mapping>%0%.complexList["0"].objLongData="1"</Mapping>
      <Mapping>%0%.complexList["0"].doubleData="1"</Mapping>
      <Mapping>%0%.complexList["0"].objDoubleData="1"</Mapping>
      <Mapping>%0%.complexList["0"].booleanData="true"</Mapping>
      <Mapping>%0%.complexList["0"].objBooleanData="true"</Mapping>
    </Mappings>
    <Mappings ID="78" Label="Mapping">
      <Input>
        <Data ID="79" Label="List Type" ReferenceName="ListType" ReferencePath="typeresistantmappings" VariableName="listType79">
          <Source RefID="78"/>
        </Data>
        <Source RefID="319"/>
      </Input>
      <Output>
        <Data ID="80" IsList="true" Label="List Type" ReferenceName="ListType" ReferencePath="typeresistantmappings" VariableName="listType80">
          <Source RefID="78"/>
        </Data>
        <Target RefID="81"/>
      </Output>
      <Mapping>%1%["0"]=%0%</Mapping>
    </Mappings>
    <Mappings ID="127" Label="Mapping">
      <Input>
        <Data ID="128" IsList="true" Label="List Type" ReferenceName="ListType" ReferencePath="typeresistantmappings" VariableName="listType128">
          <Source RefID="127"/>
        </Data>
        <Source RefID="81"/>
      </Input>
      <Output>
        <Data ID="129" Label="List Type" ReferenceName="ListType" ReferencePath="typeresistantmappings" VariableName="listType129">
          <Source RefID="127"/>
        </Data>
        <Target RefID="130"/>
      </Output>
      <Mapping>%1%.stringList[%0%["0"].complexList["0"].intData]=%0%["0"].longList["0"]</Mapping>
    </Mappings>
    <Choice ID="156" TypeName="BaseChoiceTypeFormula" TypePath="server">
      <Source RefID="130"/>
      <Input>
        <Data ID="171" Label="List Type" ReferenceName="ListType" ReferencePath="typeresistantmappings" VariableName="listType171">
          <Source RefID="156"/>
        </Data>
        <Source RefID="130">
          <Meta>
            <LinkType>UserConnected</LinkType>
          </Meta>
        </Source>
      </Input>
      <Input>
        <Data ID="192" Label="List Type" ReferenceName="ListType" ReferencePath="typeresistantmappings" VariableName="listType192">
          <Source RefID="156"/>
        </Data>
        <Source RefID="130">
          <Meta>
            <LinkType>UserConnected</LinkType>
          </Meta>
        </Source>
      </Input>
      <Case ID="157" Label="true" Premise="length(%0%.stringList)==&quot;2&quot;&amp;&amp;%1%.stringList[&quot;1&quot;]==&quot;7&quot;">
        <Assign ID="160"/>
      </Case>
      <Case ID="158" Label="false">
        <Throw ExceptionID="246" ID="229" Label="Throw Test Result Validation Error">
          <Meta>
            <PreferedExceptionType>typeresistantmappings.TestResultValidationError</PreferedExceptionType>
          </Meta>
          <Source RefID="246">
            <Meta>
              <LinkType>Constant</LinkType>
            </Meta>
          </Source>
        </Throw>
        <Assign ID="162"/>
      </Case>
    </Choice>
    <Data ID="81" IsList="true" Label="List Type" ReferenceName="ListType" ReferencePath="typeresistantmappings" VariableName="listType81">
      <Source RefID="78"/>
    </Data>
    <Data ID="130" Label="List Type" ReferenceName="ListType" ReferencePath="typeresistantmappings" VariableName="listType130">
      <Source RefID="127"/>
    </Data>
    <Data ID="319" Label="List Type" ReferenceName="ListType" ReferencePath="typeresistantmappings" VariableName="listType319">
      <Source RefID="317"/>
    </Data>
    <Exception ID="246" Label="Test Result Validation Error" ReferenceName="TestResultValidationError" ReferencePath="typeresistantmappings" VariableName="const_TestResultValidationError246">
      <Target RefID="229"/>
      <Data VariableName="reason0">
        <Meta>
          <Type>String</Type>
        </Meta>
        <Value>Unexpected list values</Value>
      </Data>
    </Exception>
    <Assign ID="1"/>
  </Operation>
</Service>
