<?xml version="1.0" encoding="UTF-8" standalone="no"?>
<!--
 * - - - - - - - - - - - - - - - - - - - - - - - - - -
 * Xyna 8.0 (Black Edition)
 * Xyna Development
 * - - - - - - - - - - - - - - - - - - - - - - - - - -
 * Copyright GIP AG 2018
 * (http://www.gip.com)
 * Hechtsheimer Str. 35-37
 * 55131 Mainz
 * - - - - - - - - - - - - - - - - - - - - - - - - - -
 * $Revision: 221703 $
 * $Date: 2018-04-06 15:46:47 +0200 (Fr, 06. Apr 2018) $
 --><DataType xmlns="http://www.gip.com/xyna/xdev/xfractmod" Label="List Type" TypeName="ListType" TypePath="typeresistantmappings" Version="1.8">
  <Data IsList="true" Label="string list" VariableName="stringList">
    <Meta>
      <Type>String</Type>
    </Meta>
  </Data>
  <Data IsList="true" Label="long list" VariableName="longList">
    <Meta>
      <Type>Long</Type>
    </Meta>
  </Data>
  <Data IsList="true" Label="complex list" ReferenceName="Primitives" ReferencePath="typeresistantmappings" VariableName="complexList"/>
</DataType>
