<?xml version="1.0" encoding="UTF-8" standalone="no"?>
<!--
 * - - - - - - - - - - - - - - - - - - - - - - - - - -
 * Xyna 8.2 (Black Edition)
 * Xyna Development
 * - - - - - - - - - - - - - - - - - - - - - - - - - -
 * Copyright GIP AG 2021
 * (http://www.gip.com)
 * Hechtsheimer Str. 35-37
 * 55131 Mainz
 * - - - - - - - - - - - - - - - - - - - - - - - - - -
 * $Revision$
 * $Date$
 --><DataType xmlns="http://www.gip.com/xyna/xdev/xfractmod" IsAbstract="false" Label="Nested List Type" TypeName="NestedListType" TypePath="typeresistantmappings" Version="1.8">
  <Meta>
    <IsServiceGroupOnly>false</IsServiceGroupOnly>
  </Meta>
  <Data IsList="true" Label="ini list" ReferenceName="InstanzeMethodType" ReferencePath="typeresistantmappings" VariableName="iniList"/>
  <Data Label="desc" VariableName="desc">
    <Meta>
      <Type>String</Type>
    </Meta>
  </Data>
</DataType>
