<?xml version="1.0" encoding="UTF-8" standalone="no"?>
<!--
 * - - - - - - - - - - - - - - - - - - - - - - - - - -
 * Xyna 8.2 (Black Edition)
 * Xyna Development
 * - - - - - - - - - - - - - - - - - - - - - - - - - -
 * Copyright GIP AG 2021
 * (http://www.gip.com)
 * Hechtsheimer Str. 35-37
 * 55131 Mainz
 * - - - - - - - - - - - - - - - - - - - - - - - - - -
 * $Revision$
 * $Date$
 --><Service xmlns="http://www.gip.com/xyna/xdev/xfractmod" Label="Operators - Basics" TypeName="OperatorsBasics" TypePath="typeresistantmappings" Version="1.8">
  <Operation ID="0" IsStatic="false" Label="Operators - Basics" Name="OperatorsBasics">
    <Input/>
    <Output/>
    <Mappings ID="53" Label="Mapping">
      <Output>
        <Data ID="54" Label="Primitives" ReferenceName="Primitives" ReferencePath="typeresistantmappings" VariableName="primitives54">
          <Source RefID="53"/>
        </Data>
        <Target RefID="55"/>
      </Output>
      <Mapping>%0%.stringData="111"</Mapping>
      <Mapping>%0%.intData="222"</Mapping>
      <Mapping>%0%.integerData="333"</Mapping>
      <Mapping>%0%.longData="444"</Mapping>
      <Mapping>%0%.objLongData="555"</Mapping>
      <Mapping>%0%.doubleData="666"</Mapping>
      <Mapping>%0%.objDoubleData="777"</Mapping>
      <Mapping>%0%.booleanData="false"</Mapping>
      <Mapping>%0%.objBooleanData="true"</Mapping>
    </Mappings>
    <Mappings ID="22" Label="Mapping">
      <Input>
        <Data ID="180" Label="Primitives" ReferenceName="Primitives" ReferencePath="typeresistantmappings" VariableName="primitives180">
          <Source RefID="22"/>
        </Data>
        <Source RefID="55"/>
      </Input>
      <Output>
        <Data ID="23" Label="Primitives" ReferenceName="Primitives" ReferencePath="typeresistantmappings" VariableName="primitives23">
          <Source RefID="22"/>
        </Data>
        <Target RefID="24"/>
      </Output>
      <Mapping>%1%.booleanData=(%0%.longData&gt;"600")||(%0%.doubleData&gt;"600")</Mapping>
      <Mapping>%1%.objBooleanData=(%0%.stringData=="111")&amp;&amp;(%0%.objLongData&lt;"600")</Mapping>
    </Mappings>
    <Data ID="24" Label="Primitives" ReferenceName="Primitives" ReferencePath="typeresistantmappings" VariableName="primitives24">
      <Source RefID="22"/>
    </Data>
    <Data ID="55" Label="Primitives" ReferenceName="Primitives" ReferencePath="typeresistantmappings" VariableName="primitives55">
      <Source RefID="53"/>
    </Data>
    <Assign ID="1"/>
  </Operation>
</Service>
