<?xml version="1.0" encoding="UTF-8" standalone="no"?>
<!--
 * - - - - - - - - - - - - - - - - - - - - - - - - - -
 * Xyna 8.2 (Black Edition)
 * Xyna Development
 * - - - - - - - - - - - - - - - - - - - - - - - - - -
 * Copyright GIP AG 2021
 * (http://www.gip.com)
 * Hechtsheimer Str. 35-37
 * 55131 Mainz
 * - - - - - - - - - - - - - - - - - - - - - - - - - -
 * $Revision$
 * $Date$
 --><Service xmlns="http://www.gip.com/xyna/xdev/xfractmod" Label="Operators - Assignments - Exceptions" TypeName="OperatorsAssignmentsExceptions" TypePath="typeresistantmappings" Version="1.8">
  <Operation ID="0" IsStatic="false" Label="Operators - Assignments - Exceptions" Name="OperatorsAssignmentsExceptions">
    <Input/>
    <Output/>
    <Throws>
      <Exception Label="Test Result Validation Error" ReferenceName="TestResultValidationError" ReferencePath="typeresistantmappings" VariableName="testResultValidationError422"/>
    </Throws>
    <Mappings ID="77" Label="Mapping">
      <Output>
        <Exception ID="78" Label="Exception Type" ReferenceName="ExceptionType" ReferencePath="typeresistantmappings" VariableName="exceptionType78">
          <Source RefID="77"/>
        </Exception>
        <Target RefID="79"/>
      </Output>
      <Mapping>%0%.baseVar="base value"</Mapping>
      <Mapping>%0%.data="more data"</Mapping>
    </Mappings>
    <Mappings ID="120" Label="Mapping">
      <Input>
        <Exception ID="121" Label="Exception Type" ReferenceName="ExceptionType" ReferencePath="typeresistantmappings" VariableName="exceptionType121">
          <Source RefID="120"/>
        </Exception>
        <Source RefID="79"/>
      </Input>
      <Output>
        <Exception ID="122" Label="Abstract Base Exception" ReferenceName="AbstractBaseException" ReferencePath="typeresistantmappings" VariableName="abstractBaseException122">
          <Source RefID="120"/>
        </Exception>
        <Target RefID="123"/>
      </Output>
      <Mapping>%1%=%0%</Mapping>
    </Mappings>
    <Mappings ID="175" Label="Mapping">
      <Input>
        <Exception ID="176" Label="Abstract Base Exception" ReferenceName="AbstractBaseException" ReferencePath="typeresistantmappings" VariableName="abstractBaseException176">
          <Source RefID="175"/>
        </Exception>
        <Source RefID="123">
          <Meta>
            <LinkType>UserConnected</LinkType>
          </Meta>
        </Source>
      </Input>
      <Output>
        <Exception ID="177" Label="Exception Type" ReferenceName="ExceptionType" ReferencePath="typeresistantmappings" VariableName="exceptionType177">
          <Source RefID="175"/>
        </Exception>
        <Target RefID="178"/>
      </Output>
      <Mapping>%1%=%0%</Mapping>
    </Mappings>
    <Mappings ID="248" Label="Mapping">
      <Input>
        <Exception ID="249" Label="Exception Type" ReferenceName="ExceptionType" ReferencePath="typeresistantmappings" VariableName="exceptionType249">
          <Source RefID="248"/>
        </Exception>
        <Source RefID="178">
          <Meta>
            <LinkType>UserConnected</LinkType>
          </Meta>
        </Source>
      </Input>
      <Output>
        <Exception ID="250" Label="Exception Type" ReferenceName="ExceptionType" ReferencePath="typeresistantmappings" VariableName="exceptionType250">
          <Source RefID="248"/>
        </Exception>
        <Target RefID="251"/>
      </Output>
      <Mapping>%1%=%0%</Mapping>
      <Mapping>%1%.data="Data"</Mapping>
    </Mappings>
    <Choice ID="308" TypeName="BaseChoiceTypeFormula" TypePath="server">
      <Source RefID="251"/>
      <Input>
        <Exception ID="323" Label="Exception Type" ReferenceName="ExceptionType" ReferencePath="typeresistantmappings" VariableName="exceptionType323">
          <Source RefID="308"/>
        </Exception>
        <Source RefID="251">
          <Meta>
            <LinkType>UserConnected</LinkType>
          </Meta>
        </Source>
      </Input>
      <Input>
        <Exception ID="352" Label="Exception Type" ReferenceName="ExceptionType" ReferencePath="typeresistantmappings" VariableName="exceptionType352">
          <Source RefID="308"/>
        </Exception>
        <Source RefID="251">
          <Meta>
            <LinkType>UserConnected</LinkType>
          </Meta>
        </Source>
      </Input>
      <Case ID="309" Label="true" Premise="%0%.baseVar==&quot;base value&quot;&amp;&amp;%1%.data==&quot;Data&quot;">
        <Assign ID="312"/>
      </Case>
      <Case ID="310" Label="false">
        <Throw ExceptionID="406" ID="389" Label="Throw Test Result Validation Error">
          <Meta>
            <PreferedExceptionType>typeresistantmappings.TestResultValidationError</PreferedExceptionType>
          </Meta>
          <Source RefID="406">
            <Meta>
              <LinkType>Constant</LinkType>
            </Meta>
          </Source>
        </Throw>
        <Assign ID="314"/>
      </Case>
    </Choice>
    <Exception ID="79" Label="Exception Type" ReferenceName="ExceptionType" ReferencePath="typeresistantmappings" VariableName="exceptionType79"/>
    <Exception ID="123" Label="Abstract Base Exception" ReferenceName="AbstractBaseException" ReferencePath="typeresistantmappings" VariableName="abstractBaseException123"/>
    <Exception ID="178" Label="Exception Type" ReferenceName="ExceptionType" ReferencePath="typeresistantmappings" VariableName="exceptionType178"/>
    <Exception ID="251" Label="Exception Type" ReferenceName="ExceptionType" ReferencePath="typeresistantmappings" VariableName="exceptionType251"/>
    <Exception ID="406" Label="Test Result Validation Error" ReferenceName="TestResultValidationError" ReferencePath="typeresistantmappings" VariableName="const_TestResultValidationError406">
      <Target RefID="389"/>
      <Data VariableName="reason0">
        <Meta>
          <Type>String</Type>
        </Meta>
        <Value>Unexpected value</Value>
      </Data>
    </Exception>
    <Assign ID="1"/>
  </Operation>
</Service>
