<?xml version="1.0" encoding="UTF-8" standalone="no"?>
<!--
 * - - - - - - - - - - - - - - - - - - - - - - - - - -
 * Xyna 8.2 (Black Edition)
 * Xyna Development
 * - - - - - - - - - - - - - - - - - - - - - - - - - -
 * Copyright GIP AG 2021
 * (http://www.gip.com)
 * Hechtsheimer Str. 35-37
 * 55131 Mainz
 * - - - - - - - - - - - - - - - - - - - - - - - - - -
 * $Revision$
 * $Date$
 --><DataType xmlns="http://www.gip.com/xyna/xdev/xfractmod" IsAbstract="false" Label="Primitives" TypeName="Primitives" TypePath="typeresistantmappings" Version="1.8">
  <Meta>
    <IsServiceGroupOnly>false</IsServiceGroupOnly>
  </Meta>
  <Data Label="String Data" VariableName="stringData">
    <Meta>
      <Type>String</Type>
    </Meta>
  </Data>
  <Data Label="int Data" VariableName="intData">
    <Meta>
      <Type>int</Type>
    </Meta>
  </Data>
  <Data Label="Integer Data" VariableName="integerData">
    <Meta>
      <Type>Integer</Type>
    </Meta>
  </Data>
  <Data Label="long Data" VariableName="longData">
    <Meta>
      <Type>long</Type>
    </Meta>
  </Data>
  <Data Label="obj Long Data" VariableName="objLongData">
    <Meta>
      <Type>Long</Type>
    </Meta>
  </Data>
  <Data Label="double Data" VariableName="doubleData">
    <Meta>
      <Type>double</Type>
    </Meta>
  </Data>
  <Data Label="obj Double Data" VariableName="objDoubleData">
    <Meta>
      <Type>Double</Type>
    </Meta>
  </Data>
  <Data Label="boolean Data" VariableName="booleanData">
    <Meta>
      <Type>boolean</Type>
    </Meta>
  </Data>
  <Data Label="obj Boolean Data" VariableName="objBooleanData">
    <Meta>
      <Type>Boolean</Type>
    </Meta>
  </Data>
</DataType>
