<?xml version="1.0" encoding="UTF-8" standalone="no"?>
<!--
 * - - - - - - - - - - - - - - - - - - - - - - - - - -
 * Xyna 8.2 (Black Edition)
 * Xyna Development
 * - - - - - - - - - - - - - - - - - - - - - - - - - -
 * Copyright GIP AG 2021
 * (http://www.gip.com)
 * Hechtsheimer Str. 35-37
 * 55131 Mainz
 * - - - - - - - - - - - - - - - - - - - - - - - - - -
 * $Revision$
 * $Date$
 --><ExceptionStore xmlns="http://www.gip.com/xyna/3.0/utils/message/storage/1.1" Name="ExceptionStore" Version="1.8">
  <ExceptionType BaseTypeName="XynaExceptionBase" BaseTypePath="core.exception" Code="DEVEL-00000" IsAbstract="false" Label="Test Result Validation Error" TypeName="TestResultValidationError" TypePath="typeresistantmappings">
    <Data Label="reason" VariableName="reason0">
      <Meta>
        <Type>String</Type>
      </Meta>
    </Data>
    <MessageText Language="DE">%0%</MessageText>
    <MessageText Language="EN">%0%</MessageText>
  </ExceptionType>
</ExceptionStore>
