<?xml version="1.0" encoding="UTF-8" standalone="no"?>
<!--
 * - - - - - - - - - - - - - - - - - - - - - - - - - -
 * Xyna 8.2 (Black Edition)
 * Xyna Development
 * - - - - - - - - - - - - - - - - - - - - - - - - - -
 * Copyright GIP AG 2021
 * (http://www.gip.com)
 * Hechtsheimer Str. 35-37
 * 55131 Mainz
 * - - - - - - - - - - - - - - - - - - - - - - - - - -
 * $Revision$
 * $Date$
 --><Service xmlns="http://www.gip.com/xyna/xdev/xfractmod" Label="XMOMPersistence - Basics" TypeName="XMOMPersistenceBasics" TypePath="typeresistantmappings" Version="1.8">
  <Operation ID="0" IsStatic="false" Label="XMOMPersistence - Basics" Name="XMOMPersistenceBasics">
    <Input/>
    <Output/>
    <Throws>
      <Exception Label="Test Result Validation Error" ReferenceName="TestResultValidationError" ReferencePath="typeresistantmappings" VariableName="testResultValidationError4280"/>
      <Exception Label="XMOM Storable Access Exception" ReferenceName="XMOMStorableAccessException" ReferencePath="xnwh.persistence" VariableName="xMOMStorableAccessException4281"/>
    </Throws>
    <ServiceReference ID="55" Label="Store" ReferenceName="Store" ReferencePath="xnwh.persistence"/>
    <ServiceReference ID="158" Label="Persistence Services" ReferenceName="PersistenceServices.PersistenceServices" ReferencePath="xnwh.persistence"/>
    <ServiceReference ID="102" Label="Delete" ReferenceName="Delete" ReferencePath="xnwh.persistence"/>
    <ServiceReference ID="1186" Label="Persistence Services" ReferenceName="PersistenceServices.PersistenceServices" ReferencePath="xnwh.persistence"/>
    <ServiceReference ID="481" Label="Persistence Services" ReferenceName="PersistenceServices.PersistenceServices" ReferencePath="xnwh.persistence"/>
    <Mappings ID="18" Label="Mapping">
      <Output>
        <Data ID="19" Label="Basic Storable" ReferenceName="BasicStorable" ReferencePath="typeresistantmappings" VariableName="justAStorable19">
          <Source RefID="18"/>
        </Data>
        <Target RefID="20"/>
      </Output>
      <Mapping>%0%.myId0="123"</Mapping>
      <Mapping>%0%.baaa="456"</Mapping>
    </Mappings>
    <Function ID="101" Label="Delete">
      <Source RefID="102"/>
      <Source RefID="20"/>
      <Source RefID="129"/>
      <Target RefID="102"/>
      <Invoke Operation="Delete" ServiceID="102">
        <Source RefID="20"/>
        <Source RefID="129">
          <Meta>
            <LinkType>Constant</LinkType>
          </Meta>
        </Source>
      </Invoke>
      <Receive ServiceID="102"/>
    </Function>
    <Function ID="54" Label="Store">
      <Source RefID="55"/>
      <Source RefID="20"/>
      <Source RefID="79"/>
      <Target RefID="55"/>
      <Target RefID="57"/>
      <Invoke Operation="Store" ServiceID="55">
        <Source RefID="20"/>
        <Source RefID="79">
          <Meta>
            <LinkType>Constant</LinkType>
          </Meta>
        </Source>
      </Invoke>
      <Receive ServiceID="55">
        <Target RefID="57"/>
      </Receive>
    </Function>
    <Mappings ID="155" Label="">
      <Meta>
        <IsCondition>true</IsCondition>
      </Meta>
      <Output>
        <Data ID="161" Label="Filter condition" ReferenceName="FilterCondition" ReferencePath="xnwh.persistence" VariableName="filterCondition161">
          <Source RefID="155"/>
        </Data>
        <Target RefID="162"/>
      </Output>
    </Mappings>
    <Function ID="157" Label="Query">
      <Source RefID="158"/>
      <Source RefID="307"/>
      <Source RefID="162"/>
      <Source RefID="164"/>
      <Target RefID="158"/>
      <Target RefID="308"/>
      <Invoke Operation="query" ServiceID="158">
        <Source RefID="307">
          <Meta>
            <LinkType>Constant</LinkType>
          </Meta>
        </Source>
        <Source RefID="162">
          <Meta>
            <LinkType>UserConnected</LinkType>
          </Meta>
        </Source>
        <Source RefID="164">
          <Meta>
            <LinkType>Constant</LinkType>
          </Meta>
        </Source>
      </Invoke>
      <Receive ServiceID="158">
        <Target RefID="308"/>
      </Receive>
    </Function>
    <Choice ID="2753" TypeName="BaseChoiceTypeFormula" TypePath="server">
      <Source RefID="308"/>
      <Input>
        <Data ID="3119" IsList="true" Label="Basic Storable" ReferenceName="BasicStorable" ReferencePath="typeresistantmappings" VariableName="basicStorable3119">
          <Source RefID="2753"/>
        </Data>
        <Source RefID="308"/>
      </Input>
      <Case ID="2754" Label="true" Premise="length(%0%)&gt;&quot;0&quot;">
        <Assign ID="2757"/>
      </Case>
      <Case ID="2755" Label="false">
        <Throw ExceptionID="3437" ID="2874" Label="Throw Test Result Validation Error">
          <Meta>
            <PreferedExceptionType>typeresistantmappings.TestResultValidationError</PreferedExceptionType>
          </Meta>
          <Source RefID="3437">
            <Meta>
              <LinkType>Constant</LinkType>
            </Meta>
          </Source>
        </Throw>
        <Assign ID="2759"/>
      </Case>
    </Choice>
    <Mappings ID="475" Label="">
      <Meta>
        <IsCondition>true</IsCondition>
      </Meta>
      <Output>
        <Data ID="487" Label="Filter condition" ReferenceName="FilterCondition" ReferencePath="xnwh.persistence" VariableName="filterCondition487">
          <Source RefID="475"/>
        </Data>
        <Target RefID="488"/>
      </Output>
      <Mapping>%0%.formula=concat("(%0%.myId0==\"123\"&amp;&amp;%0%.baaa==\"456\")")</Mapping>
    </Mappings>
    <Function ID="480" Label="Query">
      <Source RefID="481"/>
      <Source RefID="498"/>
      <Source RefID="488"/>
      <Source RefID="497"/>
      <Target RefID="481"/>
      <Target RefID="499"/>
      <Meta>
        <QueryFilter>
          <Condition>%0%.myId0==\"123\"&amp;&amp;%0%.baaa==\"456\"</Condition>
        </QueryFilter>
      </Meta>
      <Invoke Operation="query" ServiceID="481">
        <Source RefID="498">
          <Meta>
            <LinkType>Constant</LinkType>
          </Meta>
        </Source>
        <Source RefID="488">
          <Meta>
            <LinkType>UserConnected</LinkType>
          </Meta>
        </Source>
        <Source RefID="497">
          <Meta>
            <LinkType>Constant</LinkType>
          </Meta>
        </Source>
      </Invoke>
      <Receive ServiceID="481">
        <Target RefID="499"/>
      </Receive>
    </Function>
    <Choice ID="3692" TypeName="BaseChoiceTypeFormula" TypePath="server">
      <Source RefID="499"/>
      <Input>
        <Data ID="3699" IsList="true" Label="Basic Storable" ReferenceName="BasicStorable" ReferencePath="typeresistantmappings" VariableName="basicStorable3699"/>
        <Source RefID="499">
          <Meta>
            <LinkType>UserConnected</LinkType>
          </Meta>
        </Source>
      </Input>
      <Case ID="3693" Label="true" Premise="length(%0%)&gt;&quot;0&quot;">
        <Assign ID="3696"/>
      </Case>
      <Case ID="3694" Label="false">
        <Throw ExceptionID="3701" ID="3700" Label="Throw Throw Throw Test Result Validation Error">
          <Meta>
            <PreferedExceptionType>typeresistantmappings.TestResultValidationError</PreferedExceptionType>
          </Meta>
          <Source RefID="3701">
            <Meta>
              <LinkType>Constant</LinkType>
            </Meta>
          </Source>
        </Throw>
        <Assign ID="3698"/>
      </Case>
    </Choice>
    <Mappings ID="1177" Label="">
      <Meta>
        <IsCondition>true</IsCondition>
      </Meta>
      <Output>
        <Data ID="1195" Label="Filter condition" ReferenceName="FilterCondition" ReferencePath="xnwh.persistence" VariableName="filterCondition1195">
          <Source RefID="1177"/>
        </Data>
        <Target RefID="1196"/>
      </Output>
      <Mapping>%0%.formula=concat("(%0%.myId0==\"123\"&amp;&amp;%0%.baaa==\"456\") &amp;&amp; (%0%.myId0&gt;\"100\") &amp;&amp; (%0%.baaa!=\"baum\"||%0%.baaa!=\"wald\")")</Mapping>
    </Mappings>
    <Function ID="1185" Label="Query">
      <Source RefID="1186"/>
      <Source RefID="1213"/>
      <Source RefID="1196"/>
      <Source RefID="1212"/>
      <Target RefID="1186"/>
      <Target RefID="1214"/>
      <Meta>
        <QueryFilter>
          <Condition>%0%.myId0==\"123\"&amp;&amp;%0%.baaa==\"456\"</Condition>
          <Condition>%0%.myId0&gt;\"100\"</Condition>
          <Condition>%0%.baaa!=\"baum\"||%0%.baaa!=\"wald\"</Condition>
        </QueryFilter>
      </Meta>
      <Invoke Operation="query" ServiceID="1186">
        <Source RefID="1213">
          <Meta>
            <LinkType>Constant</LinkType>
          </Meta>
        </Source>
        <Source RefID="1196">
          <Meta>
            <LinkType>UserConnected</LinkType>
          </Meta>
        </Source>
        <Source RefID="1212">
          <Meta>
            <LinkType>Constant</LinkType>
          </Meta>
        </Source>
      </Invoke>
      <Receive ServiceID="1186">
        <Target RefID="1214"/>
      </Receive>
    </Function>
    <Choice ID="3560" TypeName="BaseChoiceTypeFormula" TypePath="server">
      <Source RefID="1214"/>
      <Input>
        <Data ID="3567" IsList="true" Label="Basic Storable" ReferenceName="BasicStorable" ReferencePath="typeresistantmappings" VariableName="basicStorable3567"/>
        <Source RefID="1214">
          <Meta>
            <LinkType>UserConnected</LinkType>
          </Meta>
        </Source>
      </Input>
      <Case ID="3561" Label="true" Premise="length(%0%)&gt;&quot;0&quot;">
        <Assign ID="3564"/>
      </Case>
      <Case ID="3562" Label="false">
        <Throw ExceptionID="3569" ID="3568" Label="Throw Throw Test Result Validation Error">
          <Meta>
            <PreferedExceptionType>typeresistantmappings.TestResultValidationError</PreferedExceptionType>
          </Meta>
          <Source RefID="3569">
            <Meta>
              <LinkType>Constant</LinkType>
            </Meta>
          </Source>
        </Throw>
        <Assign ID="3566"/>
      </Case>
    </Choice>
    <Data ID="20" Label="Basic Storable" ReferenceName="BasicStorable" ReferencePath="typeresistantmappings" VariableName="justAStorable20">
      <Source RefID="18"/>
    </Data>
    <Data ID="57" Label="Storable" ReferenceName="Storable" ReferencePath="xnwh.persistence" VariableName="storable57">
      <Source RefID="6"/>
      <Source RefID="54"/>
    </Data>
    <Data ID="79" Label="Store parameter" ReferenceName="StoreParameter" ReferencePath="xnwh.persistence" VariableName="const_StoreParameter79">
      <Data VariableName="historizePreviousObject">
        <Meta>
          <Type>boolean</Type>
        </Meta>
        <Value>false</Value>
      </Data>
      <Data VariableName="keepMetaFieldData">
        <Meta>
          <Type>boolean</Type>
        </Meta>
        <Value>false</Value>
      </Data>
      <Data VariableName="forceRecursiveStore">
        <Meta>
          <Type>boolean</Type>
        </Meta>
        <Value>false</Value>
      </Data>
    </Data>
    <Data ID="129" Label="Delete parameter" ReferenceName="DeleteParameter" ReferencePath="xnwh.persistence" VariableName="const_DeleteParameter129">
      <Data VariableName="includingHistory">
        <Meta>
          <Type>boolean</Type>
        </Meta>
        <Value>false</Value>
      </Data>
      <Data ReferenceName="ReferenceHandling" ReferencePath="xnwh.persistence" VariableName="referenceHandling">
        <Data VariableName="backward">
          <Meta>
            <Type>String</Type>
          </Meta>
          <Value>delete</Value>
        </Data>
        <Data VariableName="forward">
          <Meta>
            <Type>String</Type>
          </Meta>
          <Value/>
        </Data>
      </Data>
    </Data>
    <Data ID="162" Label="Filter condition" ReferenceName="FilterCondition" ReferencePath="xnwh.persistence" VariableName="filterCondition162">
      <Source RefID="155"/>
      <Target RefID="159"/>
    </Data>
    <Data ID="164" Label="Query parameter" ReferenceName="QueryParameter" ReferencePath="xnwh.persistence" VariableName="const_QueryParameter164">
      <Data VariableName="maxObjects">
        <Meta>
          <Type>int</Type>
        </Meta>
        <Value>-1</Value>
      </Data>
      <Data VariableName="queryHistory">
        <Meta>
          <Type>boolean</Type>
        </Meta>
        <Value>false</Value>
      </Data>
      <Data IsList="true" ReferenceName="SortCriterion" ReferencePath="xnwh.persistence" VariableName="sortCriterion"/>
    </Data>
    <Data ID="307" Label="Selection mask" ReferenceName="SelectionMask" ReferencePath="xnwh.persistence" VariableName="const_SelectionMask307">
      <Data VariableName="rootType">
        <Meta>
          <Type>String</Type>
        </Meta>
        <Value>typeresistantmappings.BasicStorable</Value>
      </Data>
      <Data IsList="true" VariableName="columns">
        <Meta>
          <Type>String</Type>
        </Meta>
      </Data>
    </Data>
    <Data ID="308" IsList="true" Label="JustAStorable" ReferenceName="BasicStorable" ReferencePath="typeresistantmappings" VariableName="justAStorable308"/>
    <Data ID="488" Label="Filter condition" ReferenceName="FilterCondition" ReferencePath="xnwh.persistence" VariableName="filterCondition488">
      <Source RefID="475"/>
      <Target RefID="482"/>
    </Data>
    <Data ID="497" Label="Query parameter" ReferenceName="QueryParameter" ReferencePath="xnwh.persistence" VariableName="const_QueryParameter497">
      <Data VariableName="maxObjects">
        <Meta>
          <Type>int</Type>
        </Meta>
        <Value>-1</Value>
      </Data>
      <Data VariableName="queryHistory">
        <Meta>
          <Type>boolean</Type>
        </Meta>
        <Value>false</Value>
      </Data>
      <Data IsList="true" ReferenceName="SortCriterion" ReferencePath="xnwh.persistence" VariableName="sortCriterion"/>
    </Data>
    <Data ID="498" Label="Selection mask" ReferenceName="SelectionMask" ReferencePath="xnwh.persistence" VariableName="const_SelectionMask498">
      <Data VariableName="rootType">
        <Meta>
          <Type>String</Type>
        </Meta>
        <Value>typeresistantmappings.BasicStorable</Value>
      </Data>
      <Data IsList="true" VariableName="columns">
        <Meta>
          <Type>String</Type>
        </Meta>
      </Data>
    </Data>
    <Data ID="499" IsList="true" Label="JustAStorable" ReferenceName="BasicStorable" ReferencePath="typeresistantmappings" VariableName="justAStorable499"/>
    <Data ID="1196" Label="Filter condition" ReferenceName="FilterCondition" ReferencePath="xnwh.persistence" VariableName="filterCondition1196">
      <Source RefID="1177"/>
      <Target RefID="1187"/>
    </Data>
    <Data ID="1212" Label="Query parameter" ReferenceName="QueryParameter" ReferencePath="xnwh.persistence" VariableName="const_QueryParameter1212">
      <Data VariableName="maxObjects">
        <Meta>
          <Type>int</Type>
        </Meta>
        <Value>-1</Value>
      </Data>
      <Data VariableName="queryHistory">
        <Meta>
          <Type>boolean</Type>
        </Meta>
        <Value>false</Value>
      </Data>
      <Data IsList="true" ReferenceName="SortCriterion" ReferencePath="xnwh.persistence" VariableName="sortCriterion"/>
    </Data>
    <Data ID="1213" Label="Selection mask" ReferenceName="SelectionMask" ReferencePath="xnwh.persistence" VariableName="const_SelectionMask1213">
      <Data VariableName="rootType">
        <Meta>
          <Type>String</Type>
        </Meta>
        <Value>typeresistantmappings.BasicStorable</Value>
      </Data>
      <Data IsList="true" VariableName="columns">
        <Meta>
          <Type>String</Type>
        </Meta>
      </Data>
    </Data>
    <Data ID="1214" IsList="true" Label="JustAStorable" ReferenceName="BasicStorable" ReferencePath="typeresistantmappings" VariableName="justAStorable1214"/>
    <Exception ID="3437" Label="Test Result Validation Error" ReferenceName="TestResultValidationError" ReferencePath="typeresistantmappings" VariableName="const_TestResultValidationError3437">
      <Target RefID="2874"/>
      <Data VariableName="reason0">
        <Meta>
          <Type>String</Type>
        </Meta>
        <Value>Missing expected Storable result</Value>
      </Data>
    </Exception>
    <Exception ID="3569" ReferenceName="TestResultValidationError" ReferencePath="typeresistantmappings" VariableName="testResultValidationError3569">
      <Target RefID="3568"/>
      <Data VariableName="reason0">
        <Meta>
          <Type>String</Type>
        </Meta>
        <Value>Missing expected Storable result</Value>
      </Data>
    </Exception>
    <Exception ID="3701" ReferenceName="TestResultValidationError" ReferencePath="typeresistantmappings" VariableName="testResultValidationError3701">
      <Target RefID="3700"/>
      <Data VariableName="reason0">
        <Meta>
          <Type>String</Type>
        </Meta>
        <Value>Missing expected Storable result</Value>
      </Data>
    </Exception>
    <Assign ID="1"/>
  </Operation>
</Service>
