<?xml version="1.0" encoding="UTF-8" standalone="no"?>
<!--
 * - - - - - - - - - - - - - - - - - - - - - - - - - -
 * Xyna 8.2 (Black Edition)
 * Xyna Development
 * - - - - - - - - - - - - - - - - - - - - - - - - - -
 * Copyright GIP AG 2021
 * (http://www.gip.com)
 * Hechtsheimer Str. 35-37
 * 55131 Mainz
 * - - - - - - - - - - - - - - - - - - - - - - - - - -
 * $Revision$
 * $Date$
 --><Service xmlns="http://www.gip.com/xyna/xdev/xfractmod" Label="List_Exc_Usr_Output" TypeName="List_Exc_Usr_Output" TypePath="xmcp.h5x.regression.remotecalls" Version="1.8">
  <Operation ID="0" IsStatic="false" Label="List_Exc_Usr_Output" Name="List_Exc_Usr_Output">
    <Input/>
    <Output>
      <Exception ID="18" IsList="true" Label="Modelled Exception" ReferenceName="ModelledException" ReferencePath="xmcp.h5x.regression" VariableName="modelledException18"/>
    </Output>
    <Mappings ID="39" Label="Mapping">
      <Output>
        <Exception ID="48" IsList="true" Label="Modelled Exception" ReferenceName="ModelledException" ReferencePath="xmcp.h5x.regression" VariableName="modelledException48">
          <Source RefID="39"/>
        </Exception>
        <Target RefID="49"/>
      </Output>
      <Mapping>%0%["0"].data="value"</Mapping>
    </Mappings>
    <Exception ID="49" IsList="true" Label="Modelled Exception" ReferenceName="ModelledException" ReferencePath="xmcp.h5x.regression" VariableName="modelledException49"/>
    <Assign ID="1">
      <Source RefID="49"/>
      <Target RefID="18"/>
      <Copy>
        <Source RefID="49"/>
        <Target RefID="18"/>
      </Copy>
    </Assign>
  </Operation>
</Service>
