<?xml version="1.0" encoding="UTF-8" standalone="no"?>
<!--
 * - - - - - - - - - - - - - - - - - - - - - - - - - -
 * Xyna 8.2 (Black Edition)
 * Xyna Development
 * - - - - - - - - - - - - - - - - - - - - - - - - - -
 * Copyright GIP AG 2021
 * (http://www.gip.com)
 * Hechtsheimer Str. 35-37
 * 55131 Mainz
 * - - - - - - - - - - - - - - - - - - - - - - - - - -
 * $Revision$
 * $Date$
 --><Service xmlns="http://www.gip.com/xyna/xdev/xfractmod" Label="List_Exc_Res_Output_Null" TypeName="List_Exc_Res_Output_Null" TypePath="xmcp.h5x.regression.remotecalls" Version="1.8">
  <Operation ID="0" IsStatic="false" Label="List_Exc_Res_Output_Null" Name="List_Exc_Res_Output_Null">
    <Input/>
    <Output>
      <Exception ID="22" IsList="true" Label="Invalid Date String Exception" ReferenceName="InvalidDateStringException" ReferencePath="base.date" VariableName="invalidDateStringException22"/>
    </Output>
    <Mappings ID="43" Label="Mapping">
      <Output>
        <Exception ID="52" IsList="true" Label="Invalid Date String Exception" ReferenceName="InvalidDateStringException" ReferencePath="base.date" VariableName="invalidDateStringException52">
          <Source RefID="43"/>
        </Exception>
        <Target RefID="53"/>
      </Output>
      <Mapping>%0%=null</Mapping>
    </Mappings>
    <Exception ID="53" IsList="true" Label="Invalid Date String Exception" ReferenceName="InvalidDateStringException" ReferencePath="base.date" VariableName="invalidDateStringException53"/>
    <Assign ID="1">
      <Source RefID="53"/>
      <Target RefID="22"/>
      <Copy>
        <Source RefID="53"/>
        <Target RefID="22"/>
      </Copy>
    </Assign>
  </Operation>
</Service>
