<?xml version="1.0" encoding="UTF-8" standalone="no"?>
<!--
 * - - - - - - - - - - - - - - - - - - - - - - - - - -
 * Xyna 8.2 (Black Edition)
 * Xyna Development
 * - - - - - - - - - - - - - - - - - - - - - - - - - -
 * Copyright GIP AG 2021
 * (http://www.gip.com)
 * Hechtsheimer Str. 35-37
 * 55131 Mainz
 * - - - - - - - - - - - - - - - - - - - - - - - - - -
 * $Revision$
 * $Date$
 --><Service xmlns="http://www.gip.com/xyna/xdev/xfractmod" Label="List_Dat_Res_Output_Null" TypeName="List_Dat_Res_Output_Null" TypePath="xmcp.h5x.regression.remotecalls" Version="1.8">
  <Operation ID="0" IsStatic="false" Label="List_Dat_Res_Output_Null" Name="List_Dat_Res_Output_Null">
    <Input/>
    <Output>
      <Data ID="18" IsList="true" Label="Veto" ReferenceName="Veto" ReferencePath="xprc.xsched" VariableName="veto18"/>
    </Output>
    <Mappings ID="43" Label="Mapping">
      <Output>
        <Data ID="52" IsList="true" Label="Veto" ReferenceName="Veto" ReferencePath="xprc.xsched" VariableName="veto52">
          <Source RefID="43"/>
        </Data>
        <Target RefID="53"/>
      </Output>
      <Mapping>%0%=null</Mapping>
    </Mappings>
    <Data ID="53" IsList="true" Label="Veto" ReferenceName="Veto" ReferencePath="xprc.xsched" VariableName="veto53">
      <Source RefID="43"/>
    </Data>
    <Assign ID="1">
      <Source RefID="53"/>
      <Target RefID="18"/>
      <Copy>
        <Source RefID="53"/>
        <Target RefID="18"/>
      </Copy>
    </Assign>
  </Operation>
</Service>
