<?xml version="1.0" encoding="UTF-8" standalone="no"?>
<!--
 * - - - - - - - - - - - - - - - - - - - - - - - - - -
 * Xyna 8.2 (Black Edition)
 * Xyna Development
 * - - - - - - - - - - - - - - - - - - - - - - - - - -
 * Copyright GIP AG 2021
 * (http://www.gip.com)
 * Hechtsheimer Str. 35-37
 * 55131 Mainz
 * - - - - - - - - - - - - - - - - - - - - - - - - - -
 * $Revision$
 * $Date$
 --><Service xmlns="http://www.gip.com/xyna/xdev/xfractmod" Label="List_Dat_Res_Output" TypeName="List_Dat_Res_Output" TypePath="xmcp.h5x.regression.remotecalls" Version="1.8">
  <Operation ID="0" IsStatic="false" Label="List_Dat_Res_Output" Name="List_Dat_Res_Output">
    <Input/>
    <Output>
      <Data ID="18" IsList="true" Label="Veto" ReferenceName="Veto" ReferencePath="xprc.xsched" VariableName="veto18"/>
    </Output>
    <Mappings ID="39" Label="Mapping">
      <Output>
        <Data ID="48" IsList="true" Label="Veto" ReferenceName="Veto" ReferencePath="xprc.xsched" VariableName="veto48">
          <Source RefID="39"/>
        </Data>
        <Target RefID="49"/>
      </Output>
      <Mapping>%0%["0"].vetoName="value"</Mapping>
    </Mappings>
    <Data ID="49" IsList="true" Label="Veto" ReferenceName="Veto" ReferencePath="xprc.xsched" VariableName="veto49">
      <Source RefID="39"/>
    </Data>
    <Assign ID="1">
      <Source RefID="49"/>
      <Target RefID="18"/>
      <Copy>
        <Source RefID="49"/>
        <Target RefID="18"/>
      </Copy>
    </Assign>
  </Operation>
</Service>
