<?xml version="1.0" encoding="UTF-8" standalone="no"?>
<!--
 * - - - - - - - - - - - - - - - - - - - - - - - - - -
 * Xyna 8.2 (Black Edition)
 * Xyna Development
 * - - - - - - - - - - - - - - - - - - - - - - - - - -
 * Copyright GIP AG 2021
 * (http://www.gip.com)
 * Hechtsheimer Str. 35-37
 * 55131 Mainz
 * - - - - - - - - - - - - - - - - - - - - - - - - - -
 * $Revision$
 * $Date$
 --><Service xmlns="http://www.gip.com/xyna/xdev/xfractmod" Label="Sing_Exc_Res_Output_Null" TypeName="Sing_Exc_Res_Output_Null" TypePath="xmcp.h5x.regression.remotecalls" Version="1.8">
  <Operation ID="0" IsStatic="false" Label="Sing_Exc_Res_Output_Null" Name="Sing_Exc_Res_Output_Null">
    <Input/>
    <Output>
      <Exception ID="49" Label="Invalid Date String Exception" ReferenceName="InvalidDateStringException" ReferencePath="base.date" VariableName="invalidDateStringException49"/>
    </Output>
    <Mappings ID="31" Label="Mapping">
      <Output>
        <Exception ID="18" Label="Invalid Date String Exception" ReferenceName="InvalidDateStringException" ReferencePath="base.date" VariableName="invalidDateStringException18"/>
        <Target RefID="40"/>
      </Output>
      <Mapping>%0%=null</Mapping>
    </Mappings>
    <Exception ID="40" Label="Invalid Date String Exception" ReferenceName="InvalidDateStringException" ReferencePath="base.date" VariableName="invalidDateStringException40"/>
    <Assign ID="1">
      <Source RefID="40"/>
      <Target RefID="49"/>
      <Copy>
        <Source RefID="40"/>
        <Target RefID="49"/>
      </Copy>
    </Assign>
  </Operation>
</Service>
