<?xml version="1.0" encoding="UTF-8" standalone="no"?>
<!--
 * - - - - - - - - - - - - - - - - - - - - - - - - - -
 * Xyna 8.2 (Black Edition)
 * Xyna Development
 * - - - - - - - - - - - - - - - - - - - - - - - - - -
 * Copyright GIP AG 2021
 * (http://www.gip.com)
 * Hechtsheimer Str. 35-37
 * 55131 Mainz
 * - - - - - - - - - - - - - - - - - - - - - - - - - -
 * $Revision$
 * $Date$
 --><Service xmlns="http://www.gip.com/xyna/xdev/xfractmod" Label="Sing_Exc_Usr_Output_Null" TypeName="Sing_Exc_Usr_Output_Null" TypePath="xmcp.h5x.regression.remotecalls" Version="1.8">
  <Operation ID="0" IsStatic="false" Label="Sing_Exc_Usr_Output_Null" Name="Sing_Exc_Usr_Output_Null">
    <Input/>
    <Output>
      <Exception ID="18" Label="Modelled Exception" ReferenceName="ModelledException" ReferencePath="xmcp.h5x.regression" VariableName="modelledException18"/>
    </Output>
    <Mappings ID="31" Label="Mapping">
      <Output>
        <Exception ID="40" Label="Modelled Exception" ReferenceName="ModelledException" ReferencePath="xmcp.h5x.regression" VariableName="modelledException40">
          <Source RefID="31"/>
        </Exception>
        <Target RefID="41"/>
      </Output>
      <Mapping>%0%=null</Mapping>
    </Mappings>
    <Exception ID="41" Label="Modelled Exception" ReferenceName="ModelledException" ReferencePath="xmcp.h5x.regression" VariableName="modelledException41"/>
    <Assign ID="1">
      <Source RefID="41"/>
      <Target RefID="18"/>
      <Copy>
        <Source RefID="41"/>
        <Target RefID="18"/>
      </Copy>
    </Assign>
  </Operation>
</Service>
