<?xml version="1.0" encoding="UTF-8" standalone="no"?>
<!--
 * - - - - - - - - - - - - - - - - - - - - - - - - - -
 * Xyna 8.2 (Black Edition)
 * Xyna Development
 * - - - - - - - - - - - - - - - - - - - - - - - - - -
 * Copyright GIP AG 2021
 * (http://www.gip.com)
 * Hechtsheimer Str. 35-37
 * 55131 Mainz
 * - - - - - - - - - - - - - - - - - - - - - - - - - -
 * $Revision$
 * $Date$
 --><Service xmlns="http://www.gip.com/xyna/xdev/xfractmod" Label="Sing_Dat_Usr_Output" TypeName="Sing_Dat_Usr_Output" TypePath="xmcp.h5x.regression.remotecalls" Version="1.8">
  <Operation ID="0" IsStatic="false" Label="Sing_Dat_Usr_Output" Name="Sing_Dat_Usr_Output">
    <Input/>
    <Output>
      <Data ID="18" Label="Text" ReferenceName="Text" ReferencePath="base" VariableName="text18"/>
    </Output>
    <Mappings ID="31" Label="Mapping">
      <Output>
        <Data ID="40" Label="Text" ReferenceName="Text" ReferencePath="base" VariableName="text40">
          <Source RefID="31"/>
        </Data>
        <Target RefID="41"/>
      </Output>
      <Mapping>%0%.text="value"</Mapping>
    </Mappings>
    <Data ID="41" Label="Text" ReferenceName="Text" ReferencePath="base" VariableName="text41">
      <Source RefID="31"/>
    </Data>
    <Assign ID="1">
      <Source RefID="41"/>
      <Target RefID="18"/>
      <Copy>
        <Source RefID="41"/>
        <Target RefID="18"/>
      </Copy>
    </Assign>
  </Operation>
</Service>
