<?xml version="1.0" encoding="UTF-8" standalone="no"?>
<!--
 * - - - - - - - - - - - - - - - - - - - - - - - - - -
 * Xyna 8.2 (Black Edition)
 * Xyna Development
 * - - - - - - - - - - - - - - - - - - - - - - - - - -
 * Copyright GIP AG 2021
 * (http://www.gip.com)
 * Hechtsheimer Str. 35-37
 * 55131 Mainz
 * - - - - - - - - - - - - - - - - - - - - - - - - - -
 * $Revision$
 * $Date$
 --><Service xmlns="http://www.gip.com/xyna/xdev/xfractmod" Label="Sing_Exc_Res_Output" TypeName="Sing_Exc_Res_Output" TypePath="xmcp.h5x.regression.remotecalls" Version="1.8">
  <Operation ID="0" IsStatic="false" Label="Sing_Exc_Res_Output" Name="Sing_Exc_Res_Output">
    <Input/>
    <Output>
      <Exception ID="27" Label="Invalid Date String Exception" ReferenceName="InvalidDateStringException" ReferencePath="base.date" VariableName="invalidDateStringException27"/>
    </Output>
    <Mappings ID="18" Label="Mapping">
      <Output>
        <Exception ID="40" Label="Invalid Date String Exception" ReferenceName="InvalidDateStringException" ReferencePath="base.date" VariableName="invalidDateStringException40">
          <Source RefID="18"/>
        </Exception>
        <Target RefID="41"/>
      </Output>
    </Mappings>
    <Exception ID="41" Label="Invalid Date String Exception" ReferenceName="InvalidDateStringException" ReferencePath="base.date" VariableName="invalidDateStringException41"/>
    <Assign ID="1">
      <Source RefID="41"/>
      <Target RefID="27"/>
      <Copy>
        <Source RefID="41"/>
        <Target RefID="27"/>
      </Copy>
    </Assign>
  </Operation>
</Service>
