<?xml version="1.0" encoding="UTF-8" standalone="no"?>
<!--
 * - - - - - - - - - - - - - - - - - - - - - - - - - -
 * Xyna 8.0 (Black Edition)
 * Xyna Development
 * - - - - - - - - - - - - - - - - - - - - - - - - - -
 * Copyright GIP AG 2018
 * (http://www.gip.com)
 * Hechtsheimer Str. 35-37
 * 55131 Mainz
 * - - - - - - - - - - - - - - - - - - - - - - - - - -
 * $Revision: 276168 $
 * $Date: 2020-03-06 14:19:37 +0100 (Fri, 06 Mar 2020) $
 --><DataType xmlns="http://www.gip.com/xyna/xdev/xfractmod" IsAbstract="false" Label="Test Data Type" TypeName="TestDataType" TypePath="xmcp.h5x.regression.PMON41.datatypes" Version="1.8">
  <Meta>
    <IsServiceGroupOnly>false</IsServiceGroupOnly>
  </Meta>
  <Data Label="Name" VariableName="name">
    <Meta>
      <Type>String</Type>
    </Meta>
  </Data>
  <Data Label="Age" VariableName="age">
    <Meta>
      <Type>int</Type>
    </Meta>
  </Data>
</DataType>
