<?xml version="1.0" encoding="UTF-8" standalone="no"?>
<!--
 * - - - - - - - - - - - - - - - - - - - - - - - - - -
 * Xyna 8.0 (Black Edition)
 * Xyna Development
 * - - - - - - - - - - - - - - - - - - - - - - - - - -
 * Copyright GIP AG 2018
 * (http://www.gip.com)
 * Hechtsheimer Str. 35-37
 * 55131 Mainz
 * - - - - - - - - - - - - - - - - - - - - - - - - - -
 * $Revision: 221703 $
 * $Date: 2018-04-06 15:46:47 +0200 (Fr, 06. Apr 2018) $
 --><DataType xmlns="http://www.gip.com/xyna/xdev/xfractmod" Label="MaxLengthRestrictionDT" TypeName="MaxLengthRestrictionDT" TypePath="xmcp.h5x.regression.xbe192" Version="1.8">
  <Data Label="Data" VariableName="data">
    <Meta>
      <Type>String</Type>
    </Meta>
    <Restriction>
      <MaxLength UtilizationPolicy="xmomPersistence.onStore">20</MaxLength>
    </Restriction>
  </Data>
</DataType>
