<?xml version="1.0" encoding="UTF-8" standalone="no"?>
<!--
 * - - - - - - - - - - - - - - - - - - - - - - - - - -
 * Xyna 8.2 (Black Edition)
 * Xyna Development
 * - - - - - - - - - - - - - - - - - - - - - - - - - -
 * Copyright GIP AG 2021
 * (http://www.gip.com)
 * Hechtsheimer Str. 35-37
 * 55131 Mainz
 * - - - - - - - - - - - - - - - - - - - - - - - - - -
 * $Revision$
 * $Date$
 --><DataType xmlns="http://www.gip.com/xyna/xdev/xfractmod" BaseTypeName="Storable" BaseTypePath="xnwh.persistence" IsAbstract="false" Label="Storable Type for Complex Member" TypeName="StorableTypeForComplexMember" TypePath="xmcp.h5x.regression.PMOD2871" Version="1.8">
  <Meta>
    <IsServiceGroupOnly>false</IsServiceGroupOnly>
  </Meta>
  <Data Label="Text Data in Complex Storable Member" ReferenceName="Text" ReferencePath="base" VariableName="textDataInComplexStorableMember"/>
  <Data IsList="true" Label="Text Data List in Complex Storable Member" ReferenceName="Text" ReferencePath="base" VariableName="textDataListInComplexStorableMember"/>
  <Data Label="String Data in Complex Storable Member" VariableName="stringDataInComplexStorableMember">
    <Meta>
      <Type>String</Type>
    </Meta>
  </Data>
  <Data IsList="true" Label="String Data in Complex Storable Member" VariableName="stringDataInComplexStorableMember0">
    <Meta>
      <Type>String</Type>
    </Meta>
  </Data>
  <Data Label="Unique Identifier" VariableName="uniqueIdentifier">
    <Meta>
      <Persistence>
        <Type>UniqueIdentifier</Type>
      </Persistence>
      <Type>long</Type>
    </Meta>
  </Data>
</DataType>
