<?xml version="1.0" encoding="UTF-8" standalone="no"?>
<!--
 * - - - - - - - - - - - - - - - - - - - - - - - - - -
 * Xyna 8.2 (Black Edition)
 * Xyna Development
 * - - - - - - - - - - - - - - - - - - - - - - - - - -
 * Copyright GIP AG 2021
 * (http://www.gip.com)
 * Hechtsheimer Str. 35-37
 * 55131 Mainz
 * - - - - - - - - - - - - - - - - - - - - - - - - - -
 * $Revision$
 * $Date$
 --><DataType xmlns="http://www.gip.com/xyna/xdev/xfractmod" BaseTypeName="Storable" BaseTypePath="xnwh.persistence" IsAbstract="false" Label="Storable Data Type" TypeName="StorableDataType" TypePath="xmcp.h5x.regression.PMOD2871" Version="1.8">
  <Meta>
    <Persistence>
      <Index>stringDataList</Index>
      <Constraint>stringData</Constraint>
      <Reference>storableMemberList</Reference>
      <Reference>storableMember</Reference>
      <Flat>flatComplexMember</Flat>
      <Flat>flatComplexMemberList</Flat>
      <FlatExclusion>flatComplexMember.flatExcludedTextDataInComplexMember</FlatExclusion>
      <FlatExclusion>flatComplexMemberList.flatExcludedTextDataInComplexMember</FlatExclusion>
    </Persistence>
    <IsServiceGroupOnly>false</IsServiceGroupOnly>
  </Meta>
  <Data Label="Text Data" ReferenceName="Text" ReferencePath="base" VariableName="textData"/>
  <Data IsList="true" Label="Text Data List" ReferenceName="Text" ReferencePath="base" VariableName="textDataList"/>
  <Data Label="String Data" VariableName="stringData">
    <Meta>
      <Type>String</Type>
    </Meta>
  </Data>
  <Data IsList="true" Label="String Data List" VariableName="stringDataList">
    <Meta>
      <Type>String</Type>
    </Meta>
  </Data>
  <Data Label="Complex Member" ReferenceName="TypeForComplexMember" ReferencePath="xmcp.h5x.regression.PMOD2871" VariableName="complexMember"/>
  <Data IsList="true" Label="Complex Member List" ReferenceName="TypeForComplexMember" ReferencePath="xmcp.h5x.regression.PMOD2871" VariableName="complexMemberList"/>
  <Data Label="Flat Complex Member" ReferenceName="TypeForComplexMember" ReferencePath="xmcp.h5x.regression.PMOD2871" VariableName="flatComplexMember"/>
  <Data IsList="true" Label="Flat Complex Member List" ReferenceName="TypeForComplexMember" ReferencePath="xmcp.h5x.regression.PMOD2871" VariableName="flatComplexMemberList"/>
  <Data Label="Storable Member" ReferenceName="StorableTypeForComplexMember" ReferencePath="xmcp.h5x.regression.PMOD2871" VariableName="storableMember"/>
  <Data IsList="true" Label="Storable Member List" ReferenceName="StorableTypeForComplexMember" ReferencePath="xmcp.h5x.regression.PMOD2871" VariableName="storableMemberList"/>
  <Data Label="Unique Identifier" VariableName="uniqueIdentifier">
    <Meta>
      <Persistence>
        <Type>UniqueIdentifier</Type>
      </Persistence>
      <Type>long</Type>
    </Meta>
  </Data>
</DataType>
