<?xml version="1.0" encoding="UTF-8" standalone="no"?>
<!--
 * - - - - - - - - - - - - - - - - - - - - - - - - - -
 * Xyna 8.2 (Black Edition)
 * Xyna Development
 * - - - - - - - - - - - - - - - - - - - - - - - - - -
 * Copyright GIP AG 2021
 * (http://www.gip.com)
 * Hechtsheimer Str. 35-37
 * 55131 Mainz
 * - - - - - - - - - - - - - - - - - - - - - - - - - -
 * $Revision$
 * $Date$
 --><DataType xmlns="http://www.gip.com/xyna/xdev/xfractmod" BaseTypeName="StorableDataType" BaseTypePath="xmcp.h5x.regression.PMOD2871" IsAbstract="false" Label="Sub Storable Data Type" TypeName="SubStorableDataType" TypePath="xmcp.h5x.regression.PMOD2871" Version="1.8">
  <Meta>
    <IsServiceGroupOnly>false</IsServiceGroupOnly>
  </Meta>
  <Data Label="Text Data in Complex Member" ReferenceName="Text" ReferencePath="base" VariableName="textDataInComplexMember"/>
  <Data IsList="true" Label="Text Data List in Complex Member" ReferenceName="Text" ReferencePath="base" VariableName="textDataListInComplexMember"/>
  <Data Label="String Data in Complex Member" VariableName="stringDataInComplexMember">
    <Meta>
      <Type>String</Type>
    </Meta>
  </Data>
  <Data IsList="true" Label="String Data in Complex Member" VariableName="stringDataInComplexMember0">
    <Meta>
      <Type>String</Type>
    </Meta>
  </Data>
</DataType>
