<?xml version="1.0" encoding="UTF-8" standalone="no"?>
<!--
 * - - - - - - - - - - - - - - - - - - - - - - - - - -
 * Xyna 8.0 (Black Edition)
 * Xyna Development
 * - - - - - - - - - - - - - - - - - - - - - - - - - -
 * Copyright GIP AG 2018
 * (http://www.gip.com)
 * Hechtsheimer Str. 35-37
 * 55131 Mainz
 * - - - - - - - - - - - - - - - - - - - - - - - - - -
 * $Revision$
 * $Date$
 --><Service xmlns="http://www.gip.com/xyna/xdev/xfractmod" Label="MergedLanesNoCaseIDs" TypeName="MergedLanesNoCaseIDs" TypePath="xmcp.h5x.modeller.pmod2694" Version="1.8">
  <Operation ID="0" IsStatic="false" Label="MergedLanesNoCaseIDs" Name="MergedLanesNoCaseIDs">
    <Input>
      <Data ID="45" Label="SuperDT" ReferenceName="SuperDT" ReferencePath="xmcp.h5x.modeller.pmod2694" VariableName="superDT45"/>
    </Input>
    <Output/>
    <Choice ID="6" TypeName="BaseChoiceTypeSubclasses" TypePath="server">
      <Source RefID="45"/>
      <Input>
        <Data ID="16" Label="SuperDT" ReferenceName="SuperDT" ReferencePath="xmcp.h5x.modeller.pmod2694" VariableName="superDT16">
          <Source RefID="6"/>
        </Data>
        <Source RefID="45"/>
      </Input>
      <Case Label="SuperDT" Premise="xmcp.h5x.modeller.pmod2694.SuperDT">
        <Assign ID="23"/>
        <Assign ID="22"/>
      </Case>
      <Case Label="SubDT3" Premise="xmcp.h5x.modeller.pmod2694.SubDT3">
        <Assign ID="26"/>
        <Assign ID="25"/>
      </Case>
      <Case Label="SubDT2" Premise="xmcp.h5x.modeller.pmod2694.SubDT2" Alias="xmcp.h5x.modeller.pmod2694.SubDT1">
      </Case>
      <Case Label="SubDT1" Premise="xmcp.h5x.modeller.pmod2694.SubDT1">
        <Assign ID="32"/>
        <Assign ID="31"/>
      </Case>
    </Choice>
    <Assign ID="1"/>
  </Operation>
</Service>
