<?xml version="1.0" encoding="UTF-8" standalone="no"?>
<!--
 * - - - - - - - - - - - - - - - - - - - - - - - - - -
 * Xyna 8.2.5.0 (Black Edition)
 * Xyna Factory Management
 * - - - - - - - - - - - - - - - - - - - - - - - - - -
 * Copyright GIP AG 2015
 * (http://www.gip.com)
 * Hechtsheimer Str. 35-37
 * 55131 Mainz
 * - - - - - - - - - - - - - - - - - - - - - - - - - -
 * $Revision: 267163 $
 * $Date: 2019-10-21 17:35:06 +0200 (Mo, 21 Okt 2019) $
 --><Application applicationName="RegressionTestDependentApp" comment="" factoryVersion="8.2.5.0" versionName="2" xmlVersion="1.1">
  <Ordertypes>
    <Ordertype implicitDependency="true">
      <DestinationKey>xmcp.h5x.modeller.pmod2694.MergedLanesNoCaseIDs</DestinationKey>
      <OrderContextMapping>false</OrderContextMapping>
    </Ordertype>
    <Ordertype implicitDependency="true">
      <DestinationKey>xmcp.h5x.regression.PMON149.WFInDependentApp</DestinationKey>
      <OrderContextMapping>false</OrderContextMapping>
    </Ordertype>
  </Ordertypes>
  <XMOMEntries>
    <XMOMEntry implicitDependency="false">
      <FqName>xmcp.h5x.modeller.pmod2694.MergedLanesNoCaseIDs</FqName>
      <Type>WORKFLOW</Type>
    </XMOMEntry>
    <XMOMEntry implicitDependency="true">
      <FqName>xmcp.h5x.modeller.pmod2694.SubDT1</FqName>
      <Type>DATATYPE</Type>
    </XMOMEntry>
    <XMOMEntry implicitDependency="true">
      <FqName>xmcp.h5x.modeller.pmod2694.SubDT2</FqName>
      <Type>DATATYPE</Type>
    </XMOMEntry>
    <XMOMEntry implicitDependency="true">
      <FqName>xmcp.h5x.modeller.pmod2694.SubDT3</FqName>
      <Type>DATATYPE</Type>
    </XMOMEntry>
    <XMOMEntry implicitDependency="true">
      <FqName>xmcp.h5x.modeller.pmod2694.SuperDT</FqName>
      <Type>DATATYPE</Type>
    </XMOMEntry>
    <XMOMEntry implicitDependency="false">
      <FqName>xmcp.h5x.regression.PMON149.WFInDependentApp</FqName>
      <Type>WORKFLOW</Type>
    </XMOMEntry>
  </XMOMEntries>
</Application>
