<?xml version="1.0" encoding="UTF-8" standalone="no"?>
<!--
 * - - - - - - - - - - - - - - - - - - - - - - - - - -
 * Xyna 8.0 (Black Edition)
 * Xyna Development
 * - - - - - - - - - - - - - - - - - - - - - - - - - -
 * Copyright GIP AG 2018
 * (http://www.gip.com)
 * Hechtsheimer Str. 35-37
 * 55131 Mainz
 * - - - - - - - - - - - - - - - - - - - - - - - - - -
 * $Revision: 221703 $
 * $Date: 2018-04-06 15:46:47 +0200 (Fr, 06. Apr 2018) $
 --><Service xmlns="http://www.gip.com/xyna/xdev/xfractmod" ID="1" Label="Cut String" TypeName="CutString" TypePath="xmcp.h5x.regression.PMON154" Version="1.8">
  <Meta>
    <FixedDetailOptions>hideDetailAreas,highDetailsMode</FixedDetailOptions>
  </Meta>
  <Operation ID="0" Label="Cut String" Name="CutString">
    <Input>
      <Data ID="4" Label="Cut String in" ReferenceName="Text" ReferencePath="base" VariableName="text">
        <Target RefID="16"/>
        <Target RefID="24"/>
        <Target RefID="36"/>
      </Data>
    </Input>
    <Output>
      <Data ID="2" Label="Cut String out" ReferenceName="Text" ReferencePath="base" VariableName="text2">
        <Source RefID="3"/>
      </Data>
    </Output>
    <Choice ID="16" TypeName="BaseChoiceTypeFormula" TypePath="server">
      <Source RefID="4"/>
      <Target RefID="32"/>
      <Input>
        <Data Label="Cut String in" ReferenceName="Text" ReferencePath="base"/>
        <Source RefID="4">
          <Meta>
            <LinkType>UserConnected</LinkType>
          </Meta>
        </Source>
      </Input>
      <Input>
        <Data Label="Cut String in" ReferenceName="Text" ReferencePath="base"/>
        <Source RefID="4">
          <Meta>
            <LinkType>UserConnected</LinkType>
          </Meta>
        </Source>
      </Input>
      <Case ID="14" Label="true" Premise="%0%!=null&amp;&amp;endswith(%1%.text,&quot; extended&quot;)">
        <Mappings ID="24" Label="Cut ending off">
          <Source RefID="4"/>
          <Target RefID="22"/>
          <Meta>
            <FixedDetailOptions>FillMode,FlatMode,openConfiguration</FixedDetailOptions>
          </Meta>
          <Input>
            <Data ID="23" Label="Cut String in" ReferenceName="Text" ReferencePath="base" VariableName="text23"/>
            <Source RefID="4"/>
          </Input>
          <Output>
            <Data ID="25" Label="Cut String out" ReferenceName="Text" ReferencePath="base" VariableName="text25"/>
            <Target RefID="22"/>
          </Output>
          <Mapping>%1%.text=substring(%0%.text,"0",length(%0%.text)-"9")</Mapping>
        </Mappings>
        <Assign ID="33">
          <Source RefID="22"/>
          <Target RefID="32"/>
          <Copy>
            <Source RefID="22"/>
            <Target RefID="32"/>
          </Copy>
        </Assign>
      </Case>
      <Case ID="15" Label="false">
        <Mappings ID="36" Label="No change">
          <Source RefID="4"/>
          <Target RefID="31"/>
          <Meta>
            <FixedDetailOptions>FillMode</FixedDetailOptions>
          </Meta>
          <Input>
            <Data ID="35" Label="Cut String in" ReferenceName="Text" ReferencePath="base" VariableName="text35"/>
            <Source RefID="4"/>
          </Input>
          <Output>
            <Data ID="37" Label="Cut String out" ReferenceName="Text" ReferencePath="base" VariableName="text37"/>
            <Target RefID="31"/>
          </Output>
          <Mapping>%1%=%0%</Mapping>
        </Mappings>
        <Assign ID="34">
          <Source RefID="31"/>
          <Target RefID="32"/>
          <Copy>
            <Source RefID="31"/>
            <Target RefID="32"/>
          </Copy>
        </Assign>
      </Case>
    </Choice>
    <Data ID="22" Label="Cut String out" ReferenceName="Text" ReferencePath="base" VariableName="text21">
      <Source RefID="24"/>
      <Target RefID="33"/>
    </Data>
    <Data ID="31" Label="Cut String out" ReferenceName="Text" ReferencePath="base" VariableName="text30">
      <Source RefID="36"/>
      <Target RefID="34"/>
    </Data>
    <Data ID="32" Label="Text" ReferenceName="Text" ReferencePath="base" VariableName="text32">
      <Source RefID="16"/>
      <Source RefID="33"/>
      <Source RefID="34"/>
      <Target RefID="3"/>
    </Data>
    <Assign ID="3">
      <Source RefID="32"/>
      <Target RefID="2"/>
      <Copy>
        <Source RefID="32">
          <Meta>
            <LinkType>UserConnected</LinkType>
          </Meta>
        </Source>
        <Target RefID="2"/>
      </Copy>
    </Assign>
  </Operation>
</Service>
