<?xml version="1.0" encoding="UTF-8" standalone="no"?>
<!--
 * - - - - - - - - - - - - - - - - - - - - - - - - - -
 * Xyna 8.0 (Black Edition)
 * Xyna Development
 * - - - - - - - - - - - - - - - - - - - - - - - - - -
 * Copyright GIP AG 2018
 * (http://www.gip.com)
 * Hechtsheimer Str. 35-37
 * 55131 Mainz
 * - - - - - - - - - - - - - - - - - - - - - - - - - -
 * $Revision: 221703 $
 * $Date: 2018-04-06 15:46:47 +0200 (Fr, 06. Apr 2018) $
 --><Service xmlns="http://www.gip.com/xyna/xdev/xfractmod" ID="1" Label="Extend String" TypeName="ExtendString" TypePath="xmcp.h5x.regression.PMON154" Version="1.8">
  <Meta>
    <FixedDetailOptions>hideDetailAreas,highDetailsMode</FixedDetailOptions>
  </Meta>
  <Operation ID="0" Label="Extend String" Name="ExtendString">
    <Input>
      <Data ID="4" Label="Extend String in" ReferenceName="Text" ReferencePath="base" VariableName="text">
        <Target RefID="11"/>
      </Data>
    </Input>
    <Output>
      <Data ID="2" Label="Extend String out" ReferenceName="Text" ReferencePath="base" VariableName="text2">
        <Source RefID="3"/>
      </Data>
    </Output>
    <Mappings ID="11" Label="Add &quot;extended&quot;">
      <Source RefID="4"/>
      <Target RefID="9"/>
      <Meta>
        <FixedDetailOptions>FillMode,openConfiguration,FlatMode</FixedDetailOptions>
      </Meta>
      <Input>
        <Data ID="13" Label="In" ReferenceName="Text" ReferencePath="base" VariableName="text10"/>
        <Source RefID="4"/>
      </Input>
      <Output>
        <Data ID="12" Label="Out" ReferenceName="Text" ReferencePath="base" VariableName="text12"/>
        <Target RefID="9"/>
      </Output>
      <Mapping>%1%.text=concat(%0%.text," extended")</Mapping>
    </Mappings>
    <Data ID="9" Label="In" ReferenceName="Text" ReferencePath="base" VariableName="text9">
      <Source RefID="11"/>
      <Target RefID="3"/>
    </Data>
    <Assign ID="3">
      <Source RefID="9"/>
      <Target RefID="2"/>
      <Copy>
        <Source RefID="9">
          <Meta>
            <LinkType>UserConnected</LinkType>
          </Meta>
        </Source>
        <Target RefID="2"/>
      </Copy>
    </Assign>
  </Operation>
</Service>
