<?xml version="1.0" encoding="UTF-8" standalone="no"?>
<!--
 * - - - - - - - - - - - - - - - - - - - - - - - - - -
 * Xyna 8.0 (Black Edition)
 * Xyna Development
 * - - - - - - - - - - - - - - - - - - - - - - - - - -
 * Copyright GIP AG 2018
 * (http://www.gip.com)
 * Hechtsheimer Str. 35-37
 * 55131 Mainz
 * - - - - - - - - - - - - - - - - - - - - - - - - - -
 * $Revision: 221703 $
 * $Date: 2018-04-06 15:46:47 +0200 (Fr, 06. Apr 2018) $
 --><Service xmlns="http://www.gip.com/xyna/xdev/xfractmod" ID="1" Label="Simple Compensation" TypeName="SimpleCompensation" TypePath="xmcp.h5x.regression.PMON154" Version="1.8">
  <Meta>
    <FixedDetailOptions>hideDetailAreas,highDetailsMode</FixedDetailOptions>
  </Meta>
  <Operation ID="0" Label="Simple Compensation" Name="SimpleCompensation">
    <Input/>
    <Output/>
    <Throws>
      <Exception Label="Waiting Error" ReferenceName="WaitingError" ReferencePath="xprc.waitsuspend" VariableName="waitingError"/>
    </Throws>
    <Function ID="16" Label="Extend String">
      <Source RefID="15"/>
      <Source RefID="29"/>
      <Target RefID="17"/>
      <Target RefID="15"/>
      <Meta>
        <FixedDetailOptions>openCompensation</FixedDetailOptions>
      </Meta>
      <Invoke Operation="ExtendString" ServiceID="15">
        <Source RefID="29">
          <Meta>
            <LinkType>Constant</LinkType>
          </Meta>
        </Source>
      </Invoke>
      <Receive ServiceID="15">
        <Target RefID="17"/>
      </Receive>
      <Compensate ID="28">
        <Function ID="23" Label="Cut String">
          <Source RefID="22"/>
          <Source RefID="17"/>
          <Target RefID="22"/>
          <Target RefID="24"/>
          <Invoke Operation="CutString" ServiceID="22">
            <Source RefID="17">
              <Meta>
                <LinkType>UserConnected</LinkType>
              </Meta>
            </Source>
          </Invoke>
          <Receive ServiceID="22">
            <Target RefID="24"/>
          </Receive>
        </Function>
      </Compensate>
    </Function>
    <ServiceReference ID="15" Label="Extend String" ReferenceName="ExtendString" ReferencePath="xmcp.h5x.regression.PMON154">
      <Source RefID="16"/>
      <Target RefID="16"/>
    </ServiceReference>
    <Data ID="17" Label="Extend String out" ReferenceName="Text" ReferencePath="base" VariableName="text">
      <Source RefID="16"/>
      <Target RefID="23"/>
    </Data>
    <ServiceReference ID="22" Label="Cut String" ReferenceName="CutString" ReferencePath="xmcp.h5x.regression.PMON154">
      <Source RefID="23"/>
      <Target RefID="23"/>
    </ServiceReference>
    <Data ID="24" Label="Cut String out" ReferenceName="Text" ReferencePath="base" VariableName="text2">
      <Source RefID="23"/>
    </Data>
    <Throw ExceptionID="26" ID="25" Label="Throw Waiting Error">
      <Source RefID="26">
        <Meta>
          <LinkType>Constant</LinkType>
        </Meta>
      </Source>
    </Throw>
    <Exception ID="26" Label="Waiting Error" ReferenceName="WaitingError" ReferencePath="xprc.waitsuspend" VariableName="const_WaitingError">
      <Target RefID="25"/>
    </Exception>
    <Data ID="29" Label="Text" ReferenceName="Text" ReferencePath="base" VariableName="const_Text">
      <Target RefID="16"/>
      <Data Label="text" VariableName="text">
        <Meta>
          <Type>String</Type>
        </Meta>
        <Value>Some input</Value>
      </Data>
    </Data>
    <Assign ID="2"/>
  </Operation>
</Service>
