<?xml version="1.0" encoding="UTF-8" standalone="no"?>
<!--
 * - - - - - - - - - - - - - - - - - - - - - - - - - -
 * Xyna 8.0 (Black Edition)
 * Xyna Development
 * - - - - - - - - - - - - - - - - - - - - - - - - - -
 * Copyright GIP AG 2018
 * (http://www.gip.com)
 * Hechtsheimer Str. 35-37
 * 55131 Mainz
 * - - - - - - - - - - - - - - - - - - - - - - - - - -
 * $Revision$
 * $Date$
 --><Service xmlns="http://www.gip.com/xyna/xdev/xfractmod" Label="PMON106" TypeName="PMON106" TypePath="xmcp.h5x.regression.PMON106" Version="1.8">
  <Operation ID="0" IsStatic="false" Label="PMON106" Name="PMON106">
    <Input>
      <Data ID="6" IsList="true" Label="TimeConfiguration" ReferenceName="TimeConfiguration" ReferencePath="xprc.waitsuspend" VariableName="timeConfiguration6"/>
    </Input>
    <Output/>
    <Throws>
      <Exception ID="44" Label="WaitingException" ReferenceName="WaitingError" ReferencePath="xprc.waitsuspend" VariableName="waitingError44"/>
    </Throws>
    <ServiceReference ID="20" Label="WaitAndSuspendFeature" ReferenceName="WaitAndSuspendFeature.WaitAndSuspendService" ReferencePath="xprc.waitsuspend"/>
    <Foreach ID="26">
      <Source RefID="6"/>
      <InputList RefID="6">
        <Data ID="27" Label="TimeConfiguration" ReferenceName="TimeConfiguration" ReferencePath="xprc.waitsuspend" VariableName="timeConfiguration27"/>
      </InputList>
      <Function ID="19" Label="Wait">
        <Source RefID="20"/>
        <Source RefID="27"/>
        <Target RefID="20"/>
        <Invoke Operation="wait" ServiceID="20">
          <Source RefID="27"/>
        </Invoke>
        <Receive ServiceID="20"/>
      </Function>
    </Foreach>
    <Assign ID="1"/>
  </Operation>
</Service>
