<?xml version="1.0" encoding="UTF-8" standalone="no"?>
<!--
 * - - - - - - - - - - - - - - - - - - - - - - - - - -
 * Xyna 8.2 (Black Edition)
 * Xyna Development
 * - - - - - - - - - - - - - - - - - - - - - - - - - -
 * Copyright GIP AG 2021
 * (http://www.gip.com)
 * Hechtsheimer Str. 35-37
 * 55131 Mainz
 * - - - - - - - - - - - - - - - - - - - - - - - - - -
 * $Revision$
 * $Date$
 --><Service xmlns="http://www.gip.com/xyna/xdev/xfractmod" Label="Capacity Test" TypeName="CapacityTest" TypePath="xmcp.h5x.regression.PMON406" Version="1.8">
  <Operation ID="0" IsStatic="false" Label="Capacity Test" Name="CapacityTest">
    <Input/>
    <Output/>
    <Throws>
      <Exception Label="WaitingException" ReferenceName="WaitingError" ReferencePath="xprc.waitsuspend" VariableName="waitingError81"/>
    </Throws>
    <ServiceReference ID="11" Label="WaitAndSuspendFeature" ReferenceName="WaitAndSuspendFeature.WaitAndSuspendService" ReferencePath="xprc.waitsuspend"/>
    <Function ID="10" Label="Wait">
      <Source RefID="11"/>
      <Source RefID="47"/>
      <Target RefID="11"/>
      <Invoke Operation="wait" ServiceID="11">
        <Source RefID="47">
          <Meta>
            <LinkType>Constant</LinkType>
          </Meta>
        </Source>
      </Invoke>
      <Receive ServiceID="11"/>
    </Function>
    <Data ID="47" Label="RelativeTimeConfiguration" ReferenceName="RelativeTimeConfiguration" ReferencePath="xprc.waitsuspend" VariableName="const_RelativeTimeConfiguration47">
      <Data ReferenceName="Seconds" ReferencePath="xprc.waitsuspend" VariableName="timeInSeconds">
        <Data VariableName="timeUnitInSeconds">
          <Meta>
            <Type>Integer</Type>
          </Meta>
          <Value>30</Value>
        </Data>
      </Data>
    </Data>
    <Assign ID="1"/>
  </Operation>
</Service>
