<?xml version="1.0" encoding="UTF-8" standalone="no"?>
<!--
 * - - - - - - - - - - - - - - - - - - - - - - - - - -
 * Xyna 8.2 (Black Edition)
 * Xyna Development
 * - - - - - - - - - - - - - - - - - - - - - - - - - -
 * Copyright GIP AG 2021
 * (http://www.gip.com)
 * Hechtsheimer Str. 35-37
 * 55131 Mainz
 * - - - - - - - - - - - - - - - - - - - - - - - - - -
 * $Revision$
 * $Date$
 --><Service xmlns="http://www.gip.com/xyna/xdev/xfractmod" Label="Check Net Datatypes" TypeName="CheckNetDatatypes" TypePath="xmcp.h5x.regression.xbe490" Version="1.8">
  <Operation ID="0" IsStatic="false" Label="Check Net Datatypes" Name="CheckNetDatatypes">
    <Input/>
    <Output/>
    <ServiceReference ID="92" Label="WorkflowMappingIPv6" ReferenceName="WorkflowMappingIPv6" ReferencePath="xmcp.h5x.regression.xbe490"/>
    <ServiceReference ID="186" Label="WorkflowMappingIPv6Subnet" ReferenceName="WorkflowMappingIPv6Subnet" ReferencePath="xmcp.h5x.regression.xbe490"/>
    <ServiceReference ID="135" Label="WorkflowMappingIPv6Netmask" ReferenceName="WorkflowMappingIPv6Netmask" ReferencePath="xmcp.h5x.regression.xbe490"/>
    <ServiceReference ID="245" Label="WorkflowMappingMACAddress" ReferenceName="WorkflowMappingMACAddress" ReferencePath="xmcp.h5x.regression.xbe490"/>
    <ServiceReference ID="387" Label="WorkflowMappingVLANID" ReferenceName="WorkflowMappingVLANID" ReferencePath="xmcp.h5x.regression.xbe490"/>
    <ServiceReference ID="312" Label="WorkflowMappingPort" ReferenceName="WorkflowMappingPort" ReferencePath="xmcp.h5x.regression.xbe490"/>
    <ServiceReference ID="11" Label="WorkflowMappingIPv4" ReferenceName="WorkflowMappingIPv4" ReferencePath="xmcp.h5x.regression.xbe490"/>
    <ServiceReference ID="57" Label="WorkflowMappingIPv4Subnet" ReferenceName="WorkflowMappingIPv4Subnet" ReferencePath="xmcp.h5x.regression.xbe490"/>
    <ServiceReference ID="30" Label="WorkflowMappingIPv4Netmask" ReferenceName="WorkflowMappingIPv4Netmask" ReferencePath="xmcp.h5x.regression.xbe490"/>
    <Function ID="10" Label="WorkflowMappingIPv4">
      <Source RefID="11"/>
      <Target RefID="11"/>
      <Invoke Operation="WorkflowMappingIPv4" ServiceID="11"/>
      <Receive ServiceID="11"/>
    </Function>
    <Function ID="29" Label="WorkflowMappingIPv4Netmask">
      <Source RefID="30"/>
      <Target RefID="30"/>
      <Invoke Operation="WorkflowMappingIPv4Netmask" ServiceID="30"/>
      <Receive ServiceID="30"/>
    </Function>
    <Function ID="56" Label="WorkflowMappingIPv4Subnet">
      <Source RefID="57"/>
      <Target RefID="57"/>
      <Invoke Operation="WorkflowMappingIPv4Subnet" ServiceID="57"/>
      <Receive ServiceID="57"/>
    </Function>
    <Function ID="91" Label="WorkflowMappingIPv6">
      <Source RefID="92"/>
      <Target RefID="92"/>
      <Invoke Operation="WorkflowMappingIPv6" ServiceID="92"/>
      <Receive ServiceID="92"/>
    </Function>
    <Function ID="134" Label="WorkflowMappingIPv6Netmask">
      <Source RefID="135"/>
      <Target RefID="135"/>
      <Invoke Operation="WorkflowMappingIPv6Netmask" ServiceID="135"/>
      <Receive ServiceID="135"/>
    </Function>
    <Function ID="185" Label="WorkflowMappingIPv6Subnet">
      <Source RefID="186"/>
      <Target RefID="186"/>
      <Invoke Operation="WorkflowMappingIPv6Subnet" ServiceID="186"/>
      <Receive ServiceID="186"/>
    </Function>
    <Function ID="244" Label="WorkflowMappingMACAddress">
      <Source RefID="245"/>
      <Target RefID="245"/>
      <Invoke Operation="WorkflowMappingMACAddress" ServiceID="245"/>
      <Receive ServiceID="245"/>
    </Function>
    <Function ID="311" Label="WorkflowMappingPort">
      <Source RefID="312"/>
      <Target RefID="312"/>
      <Invoke Operation="WorkflowMappingPort" ServiceID="312"/>
      <Receive ServiceID="312"/>
    </Function>
    <Function ID="386" Label="WorkflowMappingVLANID">
      <Source RefID="387"/>
      <Target RefID="387"/>
      <Invoke Operation="WorkflowMappingVLANID" ServiceID="387"/>
      <Receive ServiceID="387"/>
    </Function>
    <Assign ID="1"/>
  </Operation>
</Service>
