<?xml version="1.0" encoding="UTF-8" standalone="no"?>
<!--
 * - - - - - - - - - - - - - - - - - - - - - - - - - -
 * Xyna 8.2 (Black Edition)
 * Xyna Development
 * - - - - - - - - - - - - - - - - - - - - - - - - - -
 * Copyright GIP AG 2021
 * (http://www.gip.com)
 * Hechtsheimer Str. 35-37
 * 55131 Mainz
 * - - - - - - - - - - - - - - - - - - - - - - - - - -
 * $Revision$
 * $Date$
 --><Service xmlns="http://www.gip.com/xyna/xdev/xfractmod" Label="WorkflowMappingVLANID" TypeName="WorkflowMappingVLANID" TypePath="xmcp.h5x.regression.xbe490" Version="1.8">
  <Operation ID="0" IsStatic="false" Label="WorkflowMappingVLANID" Name="WorkflowMappingVLANID">
    <Input/>
    <Output/>
    <Mappings ID="14" Label="Mapping">
      <Input>
        <Data ID="15" Label="VLAN ID" ReferenceName="VLANID" ReferencePath="base.net" VariableName="vLANID15"/>
        <Source RefID="16">
          <Meta>
            <LinkType>Constant</LinkType>
          </Meta>
        </Source>
      </Input>
      <Output>
        <Data ID="17" Label="VLAN ID" ReferenceName="VLANID" ReferencePath="base.net" VariableName="vLANID17"/>
        <Target RefID="10"/>
      </Output>
      <Mapping>%1%.iD=%0%.iD</Mapping>
    </Mappings>
    <Data ID="10" Label="VLAN ID" ReferenceName="VLANID" ReferencePath="base.net" VariableName="vLANID10"/>
    <Data ID="16" ReferenceName="VLANID" ReferencePath="base.net" VariableName="vLANID16">
      <Data VariableName="iD">
        <Meta>
          <Type>int</Type>
        </Meta>
        <Value>1</Value>
      </Data>
    </Data>
    <Assign ID="1"/>
  </Operation>
</Service>
