<?xml version="1.0" encoding="UTF-8" standalone="no"?>
<!--
 * - - - - - - - - - - - - - - - - - - - - - - - - - -
 * Xyna 8.2 (Black Edition)
 * Xyna Development
 * - - - - - - - - - - - - - - - - - - - - - - - - - -
 * Copyright GIP AG 2021
 * (http://www.gip.com)
 * Hechtsheimer Str. 35-37
 * 55131 Mainz
 * - - - - - - - - - - - - - - - - - - - - - - - - - -
 * $Revision$
 * $Date$
 --><Service xmlns="http://www.gip.com/xyna/xdev/xfractmod" Label="WorkflowMappingMACAddress" TypeName="WorkflowMappingMACAddress" TypePath="xmcp.h5x.regression.xbe490" Version="1.8">
  <Operation ID="0" IsStatic="false" Label="WorkflowMappingMACAddress" Name="WorkflowMappingMACAddress">
    <Input/>
    <Output/>
    <Mappings ID="14" Label="Mapping">
      <Input>
        <Data ID="15" Label="MAC Address" ReferenceName="MACAddress" ReferencePath="base.net" VariableName="mACAddress15"/>
        <Source RefID="16">
          <Meta>
            <LinkType>Constant</LinkType>
          </Meta>
        </Source>
      </Input>
      <Output>
        <Data ID="17" Label="MAC Address" ReferenceName="MACAddress" ReferencePath="base.net" VariableName="mACAddress17"/>
        <Target RefID="10"/>
      </Output>
      <Mapping>%1%.address=%0%.address</Mapping>
    </Mappings>
    <Data ID="10" Label="MAC Address" ReferenceName="MACAddress" ReferencePath="base.net" VariableName="mACAddress10"/>
    <Data ID="16" ReferenceName="MACAddress" ReferencePath="base.net" VariableName="mACAddress16">
      <Data VariableName="address">
        <Meta>
          <Type>String</Type>
        </Meta>
        <Value>00:80:41:ae:fd:7e</Value>
      </Data>
    </Data>
    <Assign ID="1"/>
  </Operation>
</Service>
