<?xml version="1.0" encoding="UTF-8" standalone="no"?>
<!--
 * - - - - - - - - - - - - - - - - - - - - - - - - - -
 * Xyna 8.2 (Black Edition)
 * Xyna Development
 * - - - - - - - - - - - - - - - - - - - - - - - - - -
 * Copyright GIP AG 2021
 * (http://www.gip.com)
 * Hechtsheimer Str. 35-37
 * 55131 Mainz
 * - - - - - - - - - - - - - - - - - - - - - - - - - -
 * $Revision$
 * $Date$
 --><Service xmlns="http://www.gip.com/xyna/xdev/xfractmod" Label="WorkflowMappingIPv4Netmask" TypeName="WorkflowMappingIPv4Netmask" TypePath="xmcp.h5x.regression.xbe490" Version="1.8">
  <Operation ID="0" IsStatic="false" Label="WorkflowMappingIPv4Netmask" Name="WorkflowMappingIPv4Netmask">
    <Input/>
    <Output/>
    <Mappings ID="14" Label="Mapping">
      <Input>
        <Data ID="15" Label="IPv4 Netmask" ReferenceName="IPv4Netmask" ReferencePath="base.net" VariableName="iPv4Netmask15"/>
        <Source RefID="16">
          <Meta>
            <LinkType>Constant</LinkType>
          </Meta>
        </Source>
      </Input>
      <Output>
        <Data ID="17" Label="IPv4 Netmask" ReferenceName="IPv4Netmask" ReferencePath="base.net" VariableName="iPv4Netmask17"/>
        <Target RefID="10"/>
      </Output>
      <Mapping>%1%.mask=%0%.mask</Mapping>
    </Mappings>
    <Data ID="10" Label="IPv4 Netmask" ReferenceName="IPv4Netmask" ReferencePath="base.net" VariableName="iPv4Netmask10"/>
    <Data ID="16" ReferenceName="IPv4Netmask" ReferencePath="base.net" VariableName="iPv4Netmask16">
      <Data VariableName="mask">
        <Meta>
          <Type>String</Type>
        </Meta>
        <Value>255.255.255.0</Value>
      </Data>
    </Data>
    <Assign ID="1"/>
  </Operation>
</Service>
