<?xml version="1.0" encoding="UTF-8" standalone="no"?>
<!--
 * - - - - - - - - - - - - - - - - - - - - - - - - - -
 * Xyna 8.2 (Black Edition)
 * Xyna Development
 * - - - - - - - - - - - - - - - - - - - - - - - - - -
 * Copyright GIP AG 2021
 * (http://www.gip.com)
 * Hechtsheimer Str. 35-37
 * 55131 Mainz
 * - - - - - - - - - - - - - - - - - - - - - - - - - -
 * $Revision$
 * $Date$
 --><Service xmlns="http://www.gip.com/xyna/xdev/xfractmod" Label="WorkflowMappingIPv4Subnet" TypeName="WorkflowMappingIPv4Subnet" TypePath="xmcp.h5x.regression.xbe490" Version="1.8">
  <Operation ID="0" IsStatic="false" Label="WorkflowMappingIPv4Subnet" Name="WorkflowMappingIPv4Subnet">
    <Input/>
    <Output/>
    <Mappings ID="18" Label="Mapping">
      <Input>
        <Data ID="19" Label="IPv4 Subnet" ReferenceName="IPv4Subnet" ReferencePath="base.net" VariableName="iPv4Subnet19"/>
        <Source RefID="20">
          <Meta>
            <LinkType>Constant</LinkType>
          </Meta>
        </Source>
      </Input>
      <Output>
        <Data ID="21" Label="IPv4 Subnet" ReferenceName="IPv4Subnet" ReferencePath="base.net" VariableName="iPv4Subnet21"/>
        <Target RefID="10"/>
      </Output>
      <Mapping>%1%.network=%0%.network</Mapping>
      <Mapping>%1%.mask=%0%.mask</Mapping>
    </Mappings>
    <Data ID="10" Label="IPv4 Subnet" ReferenceName="IPv4Subnet" ReferencePath="base.net" VariableName="iPv4Subnet10"/>
    <Data ID="20" ReferenceName="IPv4Subnet" ReferencePath="base.net" VariableName="iPv4Subnet20">
      <Data ReferenceName="IPv4" ReferencePath="base.net" VariableName="network">
        <Data VariableName="address">
          <Meta>
            <Type>String</Type>
          </Meta>
          <Value>123.123.123.123</Value>
        </Data>
      </Data>
      <Data ReferenceName="IPv4Netmask" ReferencePath="base.net" VariableName="mask">
        <Data VariableName="mask">
          <Meta>
            <Type>String</Type>
          </Meta>
          <Value>255.255.255.0</Value>
        </Data>
      </Data>
    </Data>
    <Assign ID="1"/>
  </Operation>
</Service>
