<?xml version="1.0" encoding="UTF-8" standalone="no"?>
<!--
 * - - - - - - - - - - - - - - - - - - - - - - - - - -
 * Xyna 8.2 (Black Edition)
 * Xyna Development
 * - - - - - - - - - - - - - - - - - - - - - - - - - -
 * Copyright GIP AG 2021
 * (http://www.gip.com)
 * Hechtsheimer Str. 35-37
 * 55131 Mainz
 * - - - - - - - - - - - - - - - - - - - - - - - - - -
 * $Revision$
 * $Date$
 --><Service xmlns="http://www.gip.com/xyna/xdev/xfractmod" Label="WorkflowMappingIPv4" TypeName="WorkflowMappingIPv4" TypePath="xmcp.h5x.regression.xbe490" Version="1.8">
  <Operation ID="0" IsStatic="false" Label="WorkflowMappingIPv4" Name="WorkflowMappingIPv4">
    <Input/>
    <Output/>
    <Mappings ID="19" Label="Mapping">
      <Output>
        <Data ID="20" Label="IPv4" ReferenceName="IPv4" ReferencePath="base.net" VariableName="iPv420"/>
        <Target RefID="18"/>
      </Output>
      <Mapping>%0%.address="123.123.123.123"</Mapping>
    </Mappings>
    <Mappings ID="30" Label="Mapping">
      <Input>
        <Data ID="32" Label="IPv4" ReferenceName="IPv4" ReferencePath="base.net" VariableName="iPv432"/>
        <Source RefID="18"/>
      </Input>
      <Output>
        <Data ID="33" Label="IPv4" ReferenceName="IPv4" ReferencePath="base.net" VariableName="iPv433"/>
        <Target RefID="29"/>
      </Output>
      <Mapping>%1%.address=%0%.address</Mapping>
    </Mappings>
    <Data ID="18" Label="IPv4" ReferenceName="IPv4" ReferencePath="base.net" VariableName="iPv418"/>
    <Data ID="29" Label="IPv4" ReferenceName="IPv4" ReferencePath="base.net" VariableName="iPv429"/>
    <Assign ID="1"/>
  </Operation>
</Service>
