<?xml version="1.0" encoding="UTF-8" standalone="no"?>
<!--
 * - - - - - - - - - - - - - - - - - - - - - - - - - -
 * Xyna 8.2 (Black Edition)
 * Xyna Development
 * - - - - - - - - - - - - - - - - - - - - - - - - - -
 * Copyright GIP AG 2021
 * (http://www.gip.com)
 * Hechtsheimer Str. 35-37
 * 55131 Mainz
 * - - - - - - - - - - - - - - - - - - - - - - - - - -
 * $Revision$
 * $Date$
 --><Service xmlns="http://www.gip.com/xyna/xdev/xfractmod" Label="WorkflowMappingIPv6Netmask" TypeName="WorkflowMappingIPv6Netmask" TypePath="xmcp.h5x.regression.xbe490" Version="1.8">
  <Operation ID="0" IsStatic="false" Label="WorkflowMappingIPv6Netmask" Name="WorkflowMappingIPv6Netmask">
    <Input/>
    <Output/>
    <Mappings ID="11" Label="Mapping">
      <Output>
        <Data ID="12" Label="IPv6 Netmask" ReferenceName="IPv6Netmask" ReferencePath="base.net" VariableName="iPv6Netmask12"/>
        <Target RefID="10"/>
      </Output>
    </Mappings>
    <Mappings ID="22" Label="Mapping">
      <Input>
        <Data ID="24" Label="IPv6 Netmask" ReferenceName="IPv6Netmask" ReferencePath="base.net" VariableName="iPv6Netmask24"/>
        <Source RefID="10"/>
      </Input>
      <Output>
        <Data ID="25" Label="IPv6 Netmask" ReferenceName="IPv6Netmask" ReferencePath="base.net" VariableName="iPv6Netmask25"/>
        <Target RefID="21"/>
      </Output>
      <Mapping>%1%.mask=%0%.mask</Mapping>
    </Mappings>
    <Data ID="10" Label="IPv6 Netmask" ReferenceName="IPv6Netmask" ReferencePath="base.net" VariableName="iPv6Netmask10"/>
    <Data ID="21" Label="IPv6 Netmask" ReferenceName="IPv6Netmask" ReferencePath="base.net" VariableName="iPv6Netmask21"/>
    <Assign ID="1"/>
  </Operation>
</Service>
