<?xml version="1.0" encoding="UTF-8" standalone="no"?>
<!--
 * - - - - - - - - - - - - - - - - - - - - - - - - - -
 * Xyna 8.2 (Black Edition)
 * Xyna Development
 * - - - - - - - - - - - - - - - - - - - - - - - - - -
 * Copyright GIP AG 2021
 * (http://www.gip.com)
 * Hechtsheimer Str. 35-37
 * 55131 Mainz
 * - - - - - - - - - - - - - - - - - - - - - - - - - -
 * $Revision$
 * $Date$
 --><Service xmlns="http://www.gip.com/xyna/xdev/xfractmod" Label="WorkflowMappingPort" TypeName="WorkflowMappingPort" TypePath="xmcp.h5x.regression.xbe490" Version="1.8">
  <Operation ID="0" IsStatic="false" Label="WorkflowMappingPort" Name="WorkflowMappingPort">
    <Input/>
    <Output/>
    <Mappings ID="14" Label="Mapping">
      <Input>
        <Data ID="15" Label="Port" ReferenceName="Port" ReferencePath="base.net" VariableName="port15"/>
        <Source RefID="16">
          <Meta>
            <LinkType>Constant</LinkType>
          </Meta>
        </Source>
      </Input>
      <Output>
        <Data ID="17" Label="Port" ReferenceName="Port" ReferencePath="base.net" VariableName="port17"/>
        <Target RefID="10"/>
      </Output>
      <Mapping>%1%.portNumber=%0%.portNumber</Mapping>
    </Mappings>
    <Data ID="10" Label="Port" ReferenceName="Port" ReferencePath="base.net" VariableName="port10"/>
    <Data ID="16" ReferenceName="Port" ReferencePath="base.net" VariableName="port16">
      <Data VariableName="portNumber">
        <Meta>
          <Type>int</Type>
        </Meta>
        <Value>9987</Value>
      </Data>
    </Data>
    <Assign ID="1"/>
  </Operation>
</Service>
