<?xml version="1.0" encoding="UTF-8" standalone="no"?>
<!--
 * - - - - - - - - - - - - - - - - - - - - - - - - - -
 * Xyna 8.0 (Black Edition)
 * Xyna Development
 * - - - - - - - - - - - - - - - - - - - - - - - - - -
 * Copyright GIP AG 2018
 * (http://www.gip.com)
 * Hechtsheimer Str. 35-37
 * 55131 Mainz
 * - - - - - - - - - - - - - - - - - - - - - - - - - -
 * $Revision$
 * $Date$
 --><Service xmlns="http://www.gip.com/xyna/xdev/xfractmod" Label="Error" TypeName="Error" TypePath="xmcp.h5x.regression.PMON47" Version="1.8">
  <Operation ID="0" IsStatic="false" Label="Error" Name="Error">
    <Input/>
    <Output/>
    <Throws>
      <Exception ID="72" Label="PMON47Exception" ReferenceName="PMON47Exception" ReferencePath="xmcp.h5x.regression.PMON47" VariableName="pMON47Exception72"/>
    </Throws>
    <Parallel>
      <Serial>
        <Mappings ID="6" Label="Mapping">
          <Input>
            <Data ID="19" Label="Data Type" ReferenceName="DataType" ReferencePath="xmcp.h5x.regression.PMON47" VariableName="dataType19">
              <Source RefID="6"/>
            </Data>
            <Source RefID="41">
              <Meta>
                <LinkType>Constant</LinkType>
              </Meta>
            </Source>
          </Input>
          <Output>
            <Data ID="29" Label="Data Type" ReferenceName="DataType" ReferencePath="xmcp.h5x.regression.PMON47" VariableName="dataType29">
              <Source RefID="6"/>
            </Data>
            <Target RefID="30"/>
          </Output>
          <Mapping>%1%=%0%</Mapping>
        </Mappings>
      </Serial>
      <Serial>
        <Mappings ID="14" Label="Mapping">
          <Input>
            <Data ID="24" Label="Data Type" ReferenceName="DataType" ReferencePath="xmcp.h5x.regression.PMON47" VariableName="dataType24">
              <Source RefID="14"/>
            </Data>
            <Source RefID="46">
              <Meta>
                <LinkType>Constant</LinkType>
              </Meta>
            </Source>
          </Input>
          <Output>
            <Data ID="35" Label="Data Type" ReferenceName="DataType" ReferencePath="xmcp.h5x.regression.PMON47" VariableName="dataType35">
              <Source RefID="14"/>
            </Data>
            <Target RefID="36"/>
          </Output>
          <Mapping>%1%=%0%</Mapping>
        </Mappings>
        <Throw ExceptionID="62" ID="51" Label="Throw PMON47Exception">
          <Meta>
            <PreferedExceptionType>xmcp.h5x.regression.PMON47.PMON47Exception</PreferedExceptionType>
          </Meta>
          <Source RefID="62">
            <Meta>
              <LinkType>Constant</LinkType>
            </Meta>
          </Source>
        </Throw>
      </Serial>
    </Parallel>
    <Data ID="30" Label="Data Type" ReferenceName="DataType" ReferencePath="xmcp.h5x.regression.PMON47" VariableName="dataType30">
      <Source RefID="6"/>
    </Data>
    <Data ID="36" Label="Data Type" ReferenceName="DataType" ReferencePath="xmcp.h5x.regression.PMON47" VariableName="dataType36">
      <Source RefID="14"/>
    </Data>
    <Data ID="41" Label="Data Type" ReferenceName="DataType" ReferencePath="xmcp.h5x.regression.PMON47" VariableName="const_DataType41">
      <Data VariableName="name">
        <Meta>
          <Type>String</Type>
        </Meta>
        <Value>1</Value>
      </Data>
    </Data>
    <Data ID="46" Label="Data Type" ReferenceName="DataType" ReferencePath="xmcp.h5x.regression.PMON47" VariableName="const_DataType46">
      <Data VariableName="name">
        <Meta>
          <Type>String</Type>
        </Meta>
        <Value>2</Value>
      </Data>
    </Data>
    <Exception ID="62" Label="PMON47Exception" ReferenceName="PMON47Exception" ReferencePath="xmcp.h5x.regression.PMON47" VariableName="const_PMON47Exception62">
      <Target RefID="51"/>
      <Data VariableName="reason">
        <Meta>
          <Type>String</Type>
        </Meta>
        <Value>Peng</Value>
      </Data>
    </Exception>
    <Assign ID="1"/>
  </Operation>
</Service>
