<?xml version="1.0" encoding="UTF-8" standalone="no"?>
<!--
 * - - - - - - - - - - - - - - - - - - - - - - - - - -
 * Xyna 8.0 (Black Edition)
 * Xyna Development
 * - - - - - - - - - - - - - - - - - - - - - - - - - -
 * Copyright GIP AG 2018
 * (http://www.gip.com)
 * Hechtsheimer Str. 35-37
 * 55131 Mainz
 * - - - - - - - - - - - - - - - - - - - - - - - - - -
 * $Revision$
 * $Date$
 --><Service xmlns="http://www.gip.com/xyna/xdev/xfractmod" Label="Finished" TypeName="Finished" TypePath="xmcp.h5x.regression.PMON47" Version="1.8">
  <Operation ID="0" IsStatic="false" Label="Finished" Name="Finished">
    <Input/>
    <Output/>
    <Parallel>
      <Serial>
        <Mappings ID="6" Label="Mapping">
          <Input>
            <Data ID="19" Label="Data Type" ReferenceName="DataType" ReferencePath="xmcp.h5x.regression.PMON47" VariableName="dataType19">
              <Source RefID="6"/>
            </Data>
            <Source RefID="41">
              <Meta>
                <LinkType>Constant</LinkType>
              </Meta>
            </Source>
          </Input>
          <Output>
            <Data ID="29" Label="Data Type" ReferenceName="DataType" ReferencePath="xmcp.h5x.regression.PMON47" VariableName="dataType29">
              <Source RefID="6"/>
            </Data>
            <Target RefID="30"/>
          </Output>
          <Mapping>%1%=%0%</Mapping>
        </Mappings>
      </Serial>
      <Serial>
        <Mappings ID="14" Label="Mapping">
          <Input>
            <Data ID="24" Label="Data Type" ReferenceName="DataType" ReferencePath="xmcp.h5x.regression.PMON47" VariableName="dataType24">
              <Source RefID="14"/>
            </Data>
            <Source RefID="46">
              <Meta>
                <LinkType>Constant</LinkType>
              </Meta>
            </Source>
          </Input>
          <Output>
            <Data ID="35" Label="Data Type" ReferenceName="DataType" ReferencePath="xmcp.h5x.regression.PMON47" VariableName="dataType35">
              <Source RefID="14"/>
            </Data>
            <Target RefID="36"/>
          </Output>
          <Mapping>%1%=%0%</Mapping>
        </Mappings>
      </Serial>
    </Parallel>
    <Data ID="30" Label="Data Type" ReferenceName="DataType" ReferencePath="xmcp.h5x.regression.PMON47" VariableName="dataType30">
      <Source RefID="6"/>
    </Data>
    <Data ID="36" Label="Data Type" ReferenceName="DataType" ReferencePath="xmcp.h5x.regression.PMON47" VariableName="dataType36">
      <Source RefID="14"/>
    </Data>
    <Data ID="41" Label="Data Type" ReferenceName="DataType" ReferencePath="xmcp.h5x.regression.PMON47" VariableName="const_DataType41">
      <Data VariableName="name">
        <Meta>
          <Type>String</Type>
        </Meta>
        <Value>1</Value>
      </Data>
    </Data>
    <Data ID="46" Label="Data Type" ReferenceName="DataType" ReferencePath="xmcp.h5x.regression.PMON47" VariableName="const_DataType46">
      <Data VariableName="name">
        <Meta>
          <Type>String</Type>
        </Meta>
        <Value>2</Value>
      </Data>
    </Data>
    <Assign ID="1"/>
  </Operation>
</Service>
