<?xml version="1.0" encoding="UTF-8" standalone="no"?>
<!--
 * - - - - - - - - - - - - - - - - - - - - - - - - - -
 * Xyna 8.0 (Black Edition)
 * Xyna Development
 * - - - - - - - - - - - - - - - - - - - - - - - - - -
 * Copyright GIP AG 2018
 * (http://www.gip.com)
 * Hechtsheimer Str. 35-37
 * 55131 Mainz
 * - - - - - - - - - - - - - - - - - - - - - - - - - -
 * $Revision$
 * $Date$
 --><Service xmlns="http://www.gip.com/xyna/xdev/xfractmod" Label="TCO Wait WF" TypeName="TCOWaitWF" TypePath="xmcp.h5x.regression.tco" Version="1.8">
  <Operation ID="0" IsStatic="false" Label="TCO Wait WF" Name="TCOWaitWF">
    <Input>
      <Data ID="10" Label="TCO WF Config" ReferenceName="TCOWFConfig" ReferencePath="xmcp.h5x.regression.tco" VariableName="tCOWFConfig10"/>
    </Input>
    <Output/>
    <Throws>
      <Exception ID="183" Label="WaitingException" ReferenceName="WaitingError" ReferencePath="xprc.waitsuspend" VariableName="waitingError183"/>
    </Throws>
    <ServiceReference ID="20" Label="WaitAndSuspendFeature" ReferenceName="WaitAndSuspendFeature.WaitAndSuspendService" ReferencePath="xprc.waitsuspend"/>
    <Mappings ID="43" Label="Mapping">
      <Input>
        <Data ID="127" Label="TCO WF Config" ReferenceName="TCOWFConfig" ReferencePath="xmcp.h5x.regression.tco" VariableName="tCOWFConfig127">
          <Source RefID="43"/>
        </Data>
        <Source RefID="10"/>
      </Input>
      <Output>
        <Data ID="83" Label="RelativeTimeConfiguration" ReferenceName="RelativeTimeConfiguration" ReferencePath="xprc.waitsuspend" VariableName="relativeTimeConfiguration83">
          <Source RefID="43"/>
        </Data>
        <Target RefID="84"/>
      </Output>
      <Mapping>%1%.timeInSeconds.timeUnitInSeconds=%0%.timeout</Mapping>
    </Mappings>
    <Function ID="19" Label="Wait">
      <Source RefID="20"/>
      <Source RefID="84"/>
      <Target RefID="20"/>
      <Invoke Operation="wait" ServiceID="20">
        <Source RefID="84"/>
      </Invoke>
      <Receive ServiceID="20"/>
    </Function>
    <Data ID="84" Label="RelativeTimeConfiguration" ReferenceName="RelativeTimeConfiguration" ReferencePath="xprc.waitsuspend" VariableName="relativeTimeConfiguration84">
      <Source RefID="43"/>
    </Data>
    <Assign ID="1"/>
  </Operation>
</Service>
