<?xml version="1.0" encoding="UTF-8" standalone="no"?>
<!--
 * - - - - - - - - - - - - - - - - - - - - - - - - - -
 * Xyna 8.0 (Black Edition)
 * Xyna Development
 * - - - - - - - - - - - - - - - - - - - - - - - - - -
 * Copyright GIP AG 2018
 * (http://www.gip.com)
 * Hechtsheimer Str. 35-37
 * 55131 Mainz
 * - - - - - - - - - - - - - - - - - - - - - - - - - -
 * $Revision: 221703 $
 * $Date: 2018-04-06 15:46:47 +0200 (Fr, 06. Apr 2018) $
 --><DataType xmlns="http://www.gip.com/xyna/xdev/xfractmod" IsAbstract="true" Label="HybridType" TypeName="HybridType" TypePath="xmcp.h5x.regression.PMOD1044.datatypes" Version="1.8">
  <Meta>
    <IsServiceGroupOnly>false</IsServiceGroupOnly>
  </Meta>
  <Data Label="Data" VariableName="data">
    <Meta>
      <Type>String</Type>
    </Meta>
  </Data>
  <Service Label="HybridType" TypeName="HybridType">
    <Operation ID="6" IsStatic="false" Label="instanceService" Name="instanceService">
      <Input/>
      <Output/>
      <SourceCode>
        <CodeSnippet Type="Java"/>
      </SourceCode>
    </Operation>
    <Operation IsStatic="true" Label="staticService" Name="staticService">
      <Input/>
      <Output/>
      <SourceCode>
        <CodeSnippet Type="Java"/>
      </SourceCode>
    </Operation>
  </Service>
</DataType>
