<?xml version="1.0" encoding="UTF-8" standalone="no"?>
<!--
 * - - - - - - - - - - - - - - - - - - - - - - - - - -
 * Xyna 8.0 (Black Edition)
 * Xyna Development
 * - - - - - - - - - - - - - - - - - - - - - - - - - -
 * Copyright GIP AG 2018
 * (http://www.gip.com)
 * Hechtsheimer Str. 35-37
 * 55131 Mainz
 * - - - - - - - - - - - - - - - - - - - - - - - - - -
 * $Revision$
 * $Date$
 --><DataType xmlns="http://www.gip.com/xyna/xdev/xfractmod" IsAbstract="true" Label="TypeWithService" TypeName="TypeWithService" TypePath="xmcp.h5x.regression.PMOD1044.datatypes" Version="1.8">
  <Meta>
    <IsServiceGroupOnly>false</IsServiceGroupOnly>
  </Meta>
  <Data Label="value" VariableName="value">
    <Meta>
      <Type>String</Type>
    </Meta>
  </Data>
  <Service Label="TypeWithService" TypeName="TypeWithService">
    <Operation IsStatic="false" Label="MyService" Name="myService">
      <Input/>
      <Output/>
      <SourceCode>
        <CodeSnippet Type="Java"/>
      </SourceCode>
    </Operation>
  </Service>
</DataType>
