<?xml version="1.0" encoding="UTF-8" standalone="no"?>
<!--
 * - - - - - - - - - - - - - - - - - - - - - - - - - -
 * Xyna 8.0 (Black Edition)
 * Xyna Development
 * - - - - - - - - - - - - - - - - - - - - - - - - - -
 * Copyright GIP AG 2018
 * (http://www.gip.com)
 * Hechtsheimer Str. 35-37
 * 55131 Mainz
 * - - - - - - - - - - - - - - - - - - - - - - - - - -
 * $Revision: 221703 $
 * $Date: 2018-04-06 15:46:47 +0200 (Fr, 06. Apr 2018) $
 --><Service xmlns="http://www.gip.com/xyna/xdev/xfractmod" ID="1" Label="WFForeachInParallel" TypeName="WFForeachInParallel" TypePath="xmcp.h5x.regression.PMON283" Version="1.8">
  <Meta>
    <FixedDetailOptions>hideDetailAreas,highDetailsMode</FixedDetailOptions>
  </Meta>
  <Operation ID="0" Label="WFForeachInParallel" Name="WFForeachInParallel">
    <Input/>
    <Output/>
    <Mappings ID="7" Label="Mapping">
      <Source RefID="22"/>
      <Target RefID="17"/>
      <Meta>
        <FixedDetailOptions>FillMode</FixedDetailOptions>
      </Meta>
      <Input>
        <Data ID="21" IsList="true" Label="Text" ReferenceName="Text" ReferencePath="base" VariableName="text21"/>
        <Source RefID="22">
          <Meta>
            <LinkType>Constant</LinkType>
          </Meta>
        </Source>
      </Input>
      <Output>
        <Data IsList="true" Label="Text" ReferenceName="Text" ReferencePath="base" VariableName="text"/>
        <Target RefID="17"/>
      </Output>
      <Mapping>%1%=%0%</Mapping>
    </Mappings>
    <Parallel>
      <Foreach ID="19">
        <Source RefID="17"/>
        <Target RefID="20"/>
        <InputList RefID="17">
          <Data ID="18" Label="Text" ReferenceName="Text" ReferencePath="base" VariableName="text18">
            <Target RefID="11"/>
          </Data>
        </InputList>
        <OutputList RefID="20">
          <Data ID="12" Label="Text" ReferenceName="Text" ReferencePath="base" VariableName="text_0">
            <Source RefID="11"/>
          </Data>
        </OutputList>
        <Mappings ID="11" Label="Mapping">
          <Source RefID="18"/>
          <Target RefID="12"/>
          <Meta>
            <FixedDetailOptions>FillMode</FixedDetailOptions>
          </Meta>
          <Input>
            <Data ID="9" Label="Text" ReferenceName="Text" ReferencePath="base" VariableName="text9"/>
            <Source RefID="18"/>
          </Input>
          <Output>
            <Data ID="10" Label="Text" ReferenceName="Text" ReferencePath="base" VariableName="text10"/>
            <Target RefID="12"/>
          </Output>
        </Mappings>
      </Foreach>
      <Mappings ID="15" Label="Mapping">
        <Source RefID="17"/>
        <Target RefID="16"/>
        <Meta>
          <FixedDetailOptions>FillMode</FixedDetailOptions>
        </Meta>
        <Input>
          <Data ID="13" IsList="true" Label="Text" ReferenceName="Text" ReferencePath="base" VariableName="text13"/>
          <Source RefID="17"/>
        </Input>
        <Output>
          <Data ID="14" Label="Text" ReferenceName="Text" ReferencePath="base" VariableName="text14"/>
          <Target RefID="16"/>
        </Output>
      </Mappings>
    </Parallel>
    <Data ID="16" Label="Text" ReferenceName="Text" ReferencePath="base" VariableName="text16">
      <Source RefID="15"/>
    </Data>
    <Data ID="17" IsList="true" Label="Text" ReferenceName="Text" ReferencePath="base" VariableName="text17">
      <Source RefID="7"/>
      <Target RefID="19"/>
      <Target RefID="15"/>
    </Data>
    <Data ID="20" IsList="true" Label="Text" ReferenceName="Text" ReferencePath="base" VariableName="text12">
      <Source RefID="19"/>
    </Data>
    <Data ID="22" IsList="true" Label="Text" ReferenceName="Text" ReferencePath="base" VariableName="const_Text">
      <Target RefID="7"/>
      <Value>
        <Data Label="Text" ReferenceName="Text" ReferencePath="base">
          <Data Label="text" VariableName="text">
            <Meta>
              <Type>String</Type>
            </Meta>
            <Value>t1</Value>
          </Data>
        </Data>
      </Value>
      <Value>
        <Data Label="Text" ReferenceName="Text" ReferencePath="base">
          <Data Label="text" VariableName="text">
            <Meta>
              <Type>String</Type>
            </Meta>
            <Value>t2</Value>
          </Data>
        </Data>
      </Value>
    </Data>
    <Assign/>
  </Operation>
</Service>
