<?xml version="1.0" encoding="UTF-8" standalone="no"?>
<!--
 * - - - - - - - - - - - - - - - - - - - - - - - - - -
 * Xyna 8.0 (Black Edition)
 * Xyna Development
 * - - - - - - - - - - - - - - - - - - - - - - - - - -
 * Copyright GIP AG 2018
 * (http://www.gip.com)
 * Hechtsheimer Str. 35-37
 * 55131 Mainz
 * - - - - - - - - - - - - - - - - - - - - - - - - - -
 * $Revision: 221703 $
 * $Date: 2018-04-06 15:46:47 +0200 (Fr, 06. Apr 2018) $
 --><Service xmlns="http://www.gip.com/xyna/xdev/xfractmod" ID="1" Label="WFParallelInsideParallel" TypeName="WFParallelInsideParallel" TypePath="xmcp.h5x.regression.PMON283" Version="1.8">
  <Meta>
    <FixedDetailOptions>hideDetailAreas,highDetailsMode</FixedDetailOptions>
  </Meta>
  <Operation ID="0" Label="WFParallelInsideParallel" Name="WFParallelInsideParallel">
    <Input/>
    <Output/>
    <Mappings ID="7" Label="Mapping">
      <Target RefID="23"/>
      <Meta>
        <FixedDetailOptions>FillMode</FixedDetailOptions>
      </Meta>
      <Output>
        <Data Label="Text" ReferenceName="Text" ReferencePath="base" VariableName="text"/>
        <Target RefID="23"/>
      </Output>
    </Mappings>
    <Parallel>
      <Parallel>
        <Mappings ID="31" Label="Mapping">
          <Source RefID="23"/>
          <Target RefID="29"/>
          <Meta>
            <FixedDetailOptions>FillMode</FixedDetailOptions>
          </Meta>
          <Input>
            <Data ID="30" Label="Text" ReferenceName="Text" ReferencePath="base" VariableName="text30"/>
            <Source RefID="23"/>
          </Input>
          <Output>
            <Data ID="32" Label="Text" ReferenceName="Text" ReferencePath="base" VariableName="text32"/>
            <Target RefID="29"/>
          </Output>
        </Mappings>
        <Mappings ID="34" Label="Mapping">
          <Source RefID="23"/>
          <Target RefID="27"/>
          <Meta>
            <FixedDetailOptions>FillMode</FixedDetailOptions>
          </Meta>
          <Input>
            <Data ID="33" Label="Text" ReferenceName="Text" ReferencePath="base" VariableName="text33"/>
            <Source RefID="23"/>
          </Input>
          <Output>
            <Data ID="35" Label="Text" ReferenceName="Text" ReferencePath="base" VariableName="text35"/>
            <Target RefID="27"/>
          </Output>
        </Mappings>
      </Parallel>
      <Mappings ID="38" Label="Mapping">
        <Source RefID="23"/>
        <Target RefID="39"/>
        <Meta>
          <FixedDetailOptions>FillMode</FixedDetailOptions>
        </Meta>
        <Input>
          <Data ID="36" Label="Text" ReferenceName="Text" ReferencePath="base" VariableName="text36"/>
          <Source RefID="23"/>
        </Input>
        <Output>
          <Data ID="37" Label="Text" ReferenceName="Text" ReferencePath="base" VariableName="text37"/>
          <Target RefID="39"/>
        </Output>
      </Mappings>
    </Parallel>
    <Data ID="23" Label="Text" ReferenceName="Text" ReferencePath="base" VariableName="text23">
      <Source RefID="7"/>
      <Target RefID="31"/>
      <Target RefID="34"/>
      <Target RefID="38"/>
    </Data>
    <Data ID="27" Label="Text" ReferenceName="Text" ReferencePath="base" VariableName="text26">
      <Source RefID="34"/>
    </Data>
    <Data ID="29" Label="Text" ReferenceName="Text" ReferencePath="base" VariableName="text28">
      <Source RefID="31"/>
    </Data>
    <Data ID="39" Label="Text" ReferenceName="Text" ReferencePath="base" VariableName="text39">
      <Source RefID="38"/>
    </Data>
    <Assign/>
  </Operation>
</Service>
