<?xml version="1.0" encoding="UTF-8" standalone="no"?>
<!--
 * - - - - - - - - - - - - - - - - - - - - - - - - - -
 * Xyna 8.0 (Black Edition)
 * Xyna Development
 * - - - - - - - - - - - - - - - - - - - - - - - - - -
 * Copyright GIP AG 2018
 * (http://www.gip.com)
 * Hechtsheimer Str. 35-37
 * 55131 Mainz
 * - - - - - - - - - - - - - - - - - - - - - - - - - -
 * $Revision$
 * $Date$
 --><Service xmlns="http://www.gip.com/xyna/xdev/xfractmod" Label="ZETA256_02" TypeName="ZETA256_02" TypePath="xmcp.h5x.regression.ZETA256" Version="1.8">
  <Operation ID="0" IsStatic="false" Label="ZETA256_02" Name="ZETA256_02">
    <Input/>
    <Output>
      <Data ID="844" IsList="true" Label="Test Storable" ReferenceName="TestStorable" ReferencePath="xmcp.h5x.regression.datatypes" VariableName="testStorable844"/>
    </Output>
    <ServiceReference ID="866" Label="Table Service Group" ReferenceName="TableServiceGroup.TableServiceGroup" ReferencePath="xmcp.tables"/>
    <ServiceReference ID="71" Label="Query" ReferenceName="Query" ReferencePath="xnwh.persistence"/>
    <Mappings ID="6" Label="Mapping">
      <Output>
        <Data ID="17" IsList="true" Label="Table Column" ReferenceName="TableColumn" ReferencePath="xmcp.tables.datatypes" VariableName="tableColumn17">
          <Source RefID="6"/>
        </Data>
        <Target RefID="18"/>
      </Output>
      <Mapping>%0%["0"].name="Name"</Mapping>
      <Mapping>%0%["0"].path="name"</Mapping>
      <Mapping>%0%["0"].filter="\"\""</Mapping>
      <Mapping>%0%["1"].name="Age"</Mapping>
      <Mapping>%0%["1"].path="age"</Mapping>
      <Mapping>%0%["2"].name="Unique Identifier"</Mapping>
      <Mapping>%0%["2"].path="uniqueIdentifier"</Mapping>
    </Mappings>
    <Mappings ID="23" Label="Mapping">
      <Input>
        <Data ID="32" IsList="true" Label="Table Column" ReferenceName="TableColumn" ReferencePath="xmcp.tables.datatypes" VariableName="tableColumn32">
          <Source RefID="23"/>
        </Data>
        <Source RefID="18"/>
      </Input>
      <Output>
        <Data ID="37" Label="Table Info" ReferenceName="TableInfo" ReferencePath="xmcp.tables.datatypes" VariableName="tableInfo37">
          <Source RefID="23"/>
        </Data>
        <Target RefID="38"/>
      </Output>
      <Mapping>%1%.columns=%0%</Mapping>
      <Mapping>%1%.rootType="xmcp.h5x.regression.datatypes.TestStorable"</Mapping>
      <Mapping>%1%.bootstrap="false"</Mapping>
    </Mappings>
    <Function ID="865" Label="Build FilterCondition from TableInfo">
      <Source RefID="866"/>
      <Source RefID="38"/>
      <Source RefID="909"/>
      <Target RefID="866"/>
      <Target RefID="868"/>
      <Invoke Operation="buildFilterConditionFromTableInfo" ServiceID="866">
        <Source RefID="38"/>
        <Source RefID="909">
          <Meta>
            <LinkType>Constant</LinkType>
          </Meta>
        </Source>
      </Invoke>
      <Receive ServiceID="866">
        <Target RefID="868"/>
      </Receive>
    </Function>
    <Function ID="70" Label="Query">
      <Source RefID="71"/>
      <Source RefID="928"/>
      <Source RefID="868"/>
      <Source RefID="947"/>
      <Target RefID="71"/>
      <Target RefID="73"/>
      <Invoke Operation="Query" ServiceID="71">
        <Source RefID="928">
          <Meta>
            <LinkType>Constant</LinkType>
          </Meta>
        </Source>
        <Source RefID="868"/>
        <Source RefID="947">
          <Meta>
            <LinkType>Constant</LinkType>
          </Meta>
        </Source>
      </Invoke>
      <Receive ServiceID="71">
        <Target RefID="73">
          <Meta>
            <ExpectedType>xmcp.h5x.regression.datatypes.TestStorable</ExpectedType>
          </Meta>
        </Target>
      </Receive>
    </Function>
    <Data ID="18" IsList="true" Label="Table Column" ReferenceName="TableColumn" ReferencePath="xmcp.tables.datatypes" VariableName="tableColumn18">
      <Source RefID="6"/>
    </Data>
    <Data ID="38" Label="Table Info" ReferenceName="TableInfo" ReferencePath="xmcp.tables.datatypes" VariableName="tableInfo38">
      <Source RefID="23"/>
    </Data>
    <Data ID="73" IsList="true" Label="Test Storable" ReferenceName="TestStorable" ReferencePath="xmcp.h5x.regression.datatypes" VariableName="testStorable73"/>
    <Data ID="868" Label="Filter condition" ReferenceName="FilterCondition" ReferencePath="xnwh.persistence" VariableName="filterCondition868">
      <Source RefID="865"/>
    </Data>
    <Data ID="909" Label="Text" ReferenceName="Text" ReferencePath="base" VariableName="const_Text909">
      <Data VariableName="text">
        <Meta>
          <Type>String</Type>
        </Meta>
      </Data>
    </Data>
    <Data ID="928" Label="Selection mask" ReferenceName="SelectionMask" ReferencePath="xnwh.persistence" VariableName="const_SelectionMask928">
      <Data VariableName="rootType">
        <Meta>
          <Type>String</Type>
        </Meta>
        <Value>xmcp.h5x.regression.datatypes.TestStorable</Value>
      </Data>
      <Data IsList="true" VariableName="columns">
        <Meta>
          <Type>String</Type>
        </Meta>
      </Data>
    </Data>
    <Data ID="947" Label="Query parameter" ReferenceName="QueryParameter" ReferencePath="xnwh.persistence" VariableName="const_QueryParameter947">
      <Data VariableName="maxObjects">
        <Meta>
          <Type>int</Type>
        </Meta>
        <Value>-1</Value>
      </Data>
      <Data VariableName="queryHistory">
        <Meta>
          <Type>boolean</Type>
        </Meta>
        <Value>false</Value>
      </Data>
      <Data IsList="true" ReferenceName="SortCriterion" ReferencePath="xnwh.persistence" VariableName="sortCriterion"/>
    </Data>
    <Assign ID="1">
      <Source RefID="73"/>
      <Target RefID="844"/>
      <Copy>
        <Source RefID="73"/>
        <Target RefID="844"/>
      </Copy>
    </Assign>
  </Operation>
</Service>
