<?xml version="1.0" encoding="UTF-8" standalone="no"?>
<!--
 * - - - - - - - - - - - - - - - - - - - - - - - - - -
 * Xyna 8.0 (Black Edition)
 * Xyna Development
 * - - - - - - - - - - - - - - - - - - - - - - - - - -
 * Copyright GIP AG 2018
 * (http://www.gip.com)
 * Hechtsheimer Str. 35-37
 * 55131 Mainz
 * - - - - - - - - - - - - - - - - - - - - - - - - - -
 * $Revision$
 * $Date$
 --><Service xmlns="http://www.gip.com/xyna/xdev/xfractmod" Label="PMON-131" TypeName="PMON131" TypePath="xmcp.h5x.regression.PMON131" Version="1.8">
  <Operation ID="0" IsStatic="false" Label="PMON-131" Name="PMON131">
    <Input>
      <Data ID="6" Label="PMON-131 Data Type" ReferenceName="PMON131DataType" ReferencePath="xmcp.h5x.regression.PMON131" VariableName="pMON131DataType6"/>
    </Input>
    <Output/>
    <Choice ID="19" TypeName="BaseChoiceTypeSubclasses" TypePath="server">
      <Source RefID="6"/>
      <Target RefID="98"/>
      <Input>
        <Data ID="29" Label="PMON-131 Data Type" ReferenceName="PMON131DataType" ReferencePath="xmcp.h5x.regression.PMON131" VariableName="pMON131DataType29">
          <Source RefID="19"/>
        </Data>
        <Source RefID="6"/>
      </Input>
      <Case ID="30" Label="PMON-131 Data Type" Premise="xmcp.h5x.regression.PMON131.PMON131DataType">
        <Assign ID="34">
          <Source RefID="6"/>
          <Target RefID="115"/>
          <Copy>
            <Source RefID="6"/>
            <Target RefID="115"/>
          </Copy>
        </Assign>
        <Mappings ID="40" Label="Mapping">
          <Input>
            <Data ID="114" Label="PMON-131 Data Type" ReferenceName="PMON131DataType" ReferencePath="xmcp.h5x.regression.PMON131" VariableName="pMON131DataType114">
              <Source RefID="40"/>
            </Data>
            <Source RefID="115">
              <Meta>
                <LinkType>UserConnected</LinkType>
              </Meta>
            </Source>
          </Input>
          <Output>
            <Data ID="90" Label="PMON-131 Data Type Result" ReferenceName="PMON131DataTypeResult" ReferencePath="xmcp.h5x.regression.PMON131" VariableName="pMON131DataTypeResult90">
              <Source RefID="40"/>
            </Data>
            <Target RefID="91"/>
          </Output>
          <Mapping>%1%.name=%0%.name</Mapping>
        </Mappings>
        <Assign ID="33">
          <Source RefID="91"/>
          <Target RefID="98"/>
          <Copy>
            <Source RefID="91"/>
            <Target RefID="98"/>
          </Copy>
        </Assign>
      </Case>
      <Case ID="31" Label="PMON-131 Data Type 2" Premise="xmcp.h5x.regression.PMON131.PMON131DataType2">
        <Assign ID="37">
          <Source RefID="6"/>
          <Target RefID="138"/>
          <Copy>
            <Source RefID="6"/>
            <Target RefID="138"/>
          </Copy>
        </Assign>
        <Mappings ID="43" Label="Mapping">
          <Input>
            <Data ID="137" Label="PMON-131 Data Type" ReferenceName="PMON131DataType" ReferencePath="xmcp.h5x.regression.PMON131" VariableName="pMON131DataType137">
              <Source RefID="43"/>
            </Data>
            <Source RefID="138">
              <Meta>
                <LinkType>UserConnected</LinkType>
              </Meta>
            </Source>
          </Input>
          <Output>
            <Data ID="94" Label="PMON-131 Data Type Result" ReferenceName="PMON131DataTypeResult" ReferencePath="xmcp.h5x.regression.PMON131" VariableName="pMON131DataTypeResult94">
              <Source RefID="43"/>
            </Data>
            <Target RefID="95"/>
          </Output>
          <Mapping>%1%.name=%0%.name</Mapping>
        </Mappings>
        <Assign ID="36">
          <Source RefID="95"/>
          <Target RefID="98"/>
          <Copy>
            <Source RefID="95"/>
            <Target RefID="98"/>
          </Copy>
        </Assign>
      </Case>
    </Choice>
    <Choice ID="46" TypeName="BaseChoiceTypeFormula" TypePath="server">
      <Source RefID="6"/>
      <Target RefID="107"/>
      <Input>
        <Data ID="63" Label="PMON-131 Data Type" ReferenceName="PMON131DataType" ReferencePath="xmcp.h5x.regression.PMON131" VariableName="pMON131DataType63">
          <Source RefID="46"/>
        </Data>
        <Source RefID="6"/>
      </Input>
      <Case ID="47" Label="true" Premise="%0%.name==null">
        <Assign ID="51"/>
        <Mappings ID="76" Label="Mapping">
          <Output>
            <Data ID="103" Label="PMON-131 Data Type Result" ReferenceName="PMON131DataTypeResult" ReferencePath="xmcp.h5x.regression.PMON131" VariableName="pMON131DataTypeResult103">
              <Source RefID="76"/>
            </Data>
            <Target RefID="104"/>
          </Output>
          <Mapping>%0%.name=null</Mapping>
        </Mappings>
        <Assign ID="50">
          <Source RefID="104"/>
          <Target RefID="107"/>
          <Copy>
            <Source RefID="104"/>
            <Target RefID="107"/>
          </Copy>
        </Assign>
      </Case>
      <Case ID="48" Label="false">
        <Assign ID="54"/>
        <Mappings ID="79" Label="Mapping">
          <Input>
            <Data ID="147" Label="PMON-131 Data Type" ReferenceName="PMON131DataType" ReferencePath="xmcp.h5x.regression.PMON131" VariableName="pMON131DataType147">
              <Source RefID="79"/>
            </Data>
            <Source RefID="6"/>
          </Input>
          <Output>
            <Data ID="99" Label="PMON-131 Data Type Result" ReferenceName="PMON131DataTypeResult" ReferencePath="xmcp.h5x.regression.PMON131" VariableName="pMON131DataTypeResult99">
              <Source RefID="79"/>
            </Data>
            <Target RefID="100"/>
          </Output>
          <Mapping>%1%.name=%0%.name</Mapping>
        </Mappings>
        <Assign ID="53">
          <Source RefID="100"/>
          <Target RefID="107"/>
          <Copy>
            <Source RefID="100"/>
            <Target RefID="107"/>
          </Copy>
        </Assign>
      </Case>
    </Choice>
    <Choice ID="156" TypeName="BaseChoiceTypeFormula" TypePath="server">
      <Source RefID="6"/>
      <Target RefID="181"/>
      <Meta>
        <OuterConditionPart>%0%.name==?</OuterConditionPart>
      </Meta>
      <Input>
        <Data ID="165" Label="PMON-131 Data Type" ReferenceName="PMON131DataType" ReferencePath="xmcp.h5x.regression.PMON131" VariableName="pMON131DataType165">
          <Source RefID="156"/>
        </Data>
        <Source RefID="6"/>
      </Input>
      <Case ID="170" Premise="%0%.name==&quot;Test&quot;">
        <Assign ID="173"/>
        <Mappings ID="178" Label="Mapping">
          <Output>
            <Data ID="179" Label="PMON-131 Data Type Result" ReferenceName="PMON131DataTypeResult" ReferencePath="xmcp.h5x.regression.PMON131" VariableName="pMON131DataTypeResult179">
              <Source RefID="178"/>
            </Data>
            <Target RefID="180"/>
          </Output>
          <Mapping>%0%.name="Test success"</Mapping>
        </Mappings>
        <Assign ID="172">
          <Source RefID="180"/>
          <Target RefID="181"/>
          <Copy>
            <Source RefID="180"/>
            <Target RefID="181"/>
          </Copy>
        </Assign>
      </Case>
      <Case ID="157" IsDefault="true" Label="default">
        <Assign ID="160"/>
        <Mappings ID="166" Label="Mapping">
          <Output>
            <Data ID="167" Label="PMON-131 Data Type Result" ReferenceName="PMON131DataTypeResult" ReferencePath="xmcp.h5x.regression.PMON131" VariableName="pMON131DataTypeResult167">
              <Source RefID="166"/>
            </Data>
            <Target RefID="168"/>
          </Output>
          <Mapping>%0%.name="Tester"</Mapping>
        </Mappings>
        <Assign ID="159">
          <Source RefID="168"/>
          <Target RefID="181"/>
          <Copy>
            <Source RefID="168"/>
            <Target RefID="181"/>
          </Copy>
        </Assign>
      </Case>
    </Choice>
    <Data ID="91" Label="PMON-131 Data Type Result" ReferenceName="PMON131DataTypeResult" ReferencePath="xmcp.h5x.regression.PMON131" VariableName="pMON131DataTypeResult91">
      <Source RefID="40"/>
    </Data>
    <Data ID="95" Label="PMON-131 Data Type Result" ReferenceName="PMON131DataTypeResult" ReferencePath="xmcp.h5x.regression.PMON131" VariableName="pMON131DataTypeResult95">
      <Source RefID="43"/>
    </Data>
    <Data ID="98" Label="PMON-131 Data Type Result" ReferenceName="PMON131DataTypeResult" ReferencePath="xmcp.h5x.regression.PMON131" VariableName="pMON131DataTypeResult98">
      <Source RefID="19"/>
    </Data>
    <Data ID="100" Label="PMON-131 Data Type Result" ReferenceName="PMON131DataTypeResult" ReferencePath="xmcp.h5x.regression.PMON131" VariableName="pMON131DataTypeResult100">
      <Source RefID="79"/>
    </Data>
    <Data ID="104" Label="PMON-131 Data Type Result" ReferenceName="PMON131DataTypeResult" ReferencePath="xmcp.h5x.regression.PMON131" VariableName="pMON131DataTypeResult104">
      <Source RefID="76"/>
    </Data>
    <Data ID="107" Label="PMON-131 Data Type Result" ReferenceName="PMON131DataTypeResult" ReferencePath="xmcp.h5x.regression.PMON131" VariableName="pMON131DataTypeResult107">
      <Source RefID="46"/>
    </Data>
    <Data ID="115" Label="PMON-131 Data Type" ReferenceName="PMON131DataType" ReferencePath="xmcp.h5x.regression.PMON131" VariableName="pMON131DataType115"/>
    <Data ID="138" Label="PMON-131 Data Type 2" ReferenceName="PMON131DataType2" ReferencePath="xmcp.h5x.regression.PMON131" VariableName="pMON131DataType2138"/>
    <Data ID="168" Label="PMON-131 Data Type Result" ReferenceName="PMON131DataTypeResult" ReferencePath="xmcp.h5x.regression.PMON131" VariableName="pMON131DataTypeResult168">
      <Source RefID="166"/>
    </Data>
    <Data ID="180" Label="PMON-131 Data Type Result" ReferenceName="PMON131DataTypeResult" ReferencePath="xmcp.h5x.regression.PMON131" VariableName="pMON131DataTypeResult180">
      <Source RefID="178"/>
    </Data>
    <Data ID="181" Label="PMON-131 Data Type Result" ReferenceName="PMON131DataTypeResult" ReferencePath="xmcp.h5x.regression.PMON131" VariableName="pMON131DataTypeResult181">
      <Source RefID="156"/>
    </Data>
    <Assign ID="1"/>
  </Operation>
</Service>
