<?xml version="1.0" encoding="UTF-8" standalone="no"?>
<!--
 * - - - - - - - - - - - - - - - - - - - - - - - - - -
 * Xyna 8.0 (Black Edition)
 * Xyna Development
 * - - - - - - - - - - - - - - - - - - - - - - - - - -
 * Copyright GIP AG 2018
 * (http://www.gip.com)
 * Hechtsheimer Str. 35-37
 * 55131 Mainz
 * - - - - - - - - - - - - - - - - - - - - - - - - - -
 * $Revision: 221703 $
 * $Date: 2018-04-06 15:46:47 +0200 (Fr, 06. Apr 2018) $
 --><Service xmlns="http://www.gip.com/xyna/xdev/xfractmod" ID="1" Label="CallService" TypeName="CallService" TypePath="xmcp.h5x.regression" Version="1.8">
  <Meta>
    <FixedDetailOptions>hideDetailAreas,highDetailsMode</FixedDetailOptions>
  </Meta>
  <Operation ID="0" Label="CallService" Name="CallService">
    <Input/>
    <Output/>
    <ServiceReference ID="4" Label="EmptyWorkflowWithInput" ReferenceName="EmptyWorkflowWithInput" ReferencePath="xmcp.h5x.regression">
      <Source RefID="5"/>
      <Target RefID="5"/>
    </ServiceReference>
    <Mappings ID="13" Label="Mapping">
      <Target RefID="16"/>
      <Meta>
        <FixedDetailOptions>FillMode</FixedDetailOptions>
      </Meta>
      <Output>
        <Data Label="Custom Text DT" ReferenceName="CustomTextDT" ReferencePath="xmcp.h5x.regression.datatypes" VariableName="customTextDT"/>
        <Target RefID="16"/>
      </Output>
    </Mappings>
    <Function ID="5" Label="Empty Workflow With Input">
      <Source RefID="4"/>
      <Source RefID="16"/>
      <Target RefID="4"/>
      <Target RefID="15"/>
      <Invoke Operation="EmptyWorkflowWithInput" ServiceID="4">
        <Source RefID="16"/>
      </Invoke>
      <Receive ServiceID="4">
        <Target RefID="15"/>
      </Receive>
    </Function>
    <Data ID="15" Label="Custom Text DT" ReferenceName="CustomTextDT" ReferencePath="xmcp.h5x.regression.datatypes" VariableName="customTextDT10">
      <Source RefID="5"/>
    </Data>
    <Data ID="16" Label="Custom Text DT" ReferenceName="CustomTextDT" ReferencePath="xmcp.h5x.regression.datatypes" VariableName="customTextDT16">
      <Source RefID="13"/>
      <Target RefID="5"/>
    </Data>
    <Assign ID="14"/>
  </Operation>
</Service>
