<?xml version="1.0" encoding="UTF-8" standalone="no"?>
<!--
 * - - - - - - - - - - - - - - - - - - - - - - - - - -
 * Xyna 8.0 (Black Edition)
 * Xyna Development
 * - - - - - - - - - - - - - - - - - - - - - - - - - -
 * Copyright GIP AG 2018
 * (http://www.gip.com)
 * Hechtsheimer Str. 35-37
 * 55131 Mainz
 * - - - - - - - - - - - - - - - - - - - - - - - - - -
 * $Revision: 221703 $
 * $Date: 2018-04-06 15:46:47 +0200 (Fr, 06. Apr 2018) $
 --><Service xmlns="http://www.gip.com/xyna/xdev/xfractmod" ID="1" Label="callServiceWithError" TypeName="CallServiceWithError" TypePath="xmcp.h5x.regression" Version="1.8">
  <Meta>
    <FixedDetailOptions>hideDetailAreas,highDetailsMode</FixedDetailOptions>
  </Meta>
  <Operation ID="0" Label="callServiceWithError" Name="CallServiceWithError">
    <Input/>
    <Output/>
    <ServiceReference ID="4" Label="MappingWorkflowWithError" ReferenceName="MappingWorkflowWithError" ReferencePath="xmcp.h5x.regression">
      <Source RefID="5"/>
      <Target RefID="5"/>
    </ServiceReference>
    <Function ID="5" Label="Mapping Workflow With Error">
      <Source RefID="4"/>
      <Target RefID="4"/>
      <Invoke Operation="MappingWorkflowWithError" ServiceID="4"/>
      <Receive ServiceID="4"/>
    </Function>
    <Assign/>
  </Operation>
</Service>
