<?xml version="1.0" encoding="UTF-8" standalone="no"?>
<!--
 * - - - - - - - - - - - - - - - - - - - - - - - - - -
 * Xyna 8.2 (Black Edition)
 * Xyna Development
 * - - - - - - - - - - - - - - - - - - - - - - - - - -
 * Copyright GIP AG 2021
 * (http://www.gip.com)
 * Hechtsheimer Str. 35-37
 * 55131 Mainz
 * - - - - - - - - - - - - - - - - - - - - - - - - - -
 * $Revision$
 * $Date$
 --><DataType xmlns="http://www.gip.com/xyna/xdev/xfractmod" IsAbstract="false" Label="Datatype With Instance Services" TypeName="DatatypeWithInstanceServices" TypePath="xmcp.h5x.regression" Version="1.8">
  <Meta>
    <IsServiceGroupOnly>false</IsServiceGroupOnly>
  </Meta>
  <Service Label="Datatype With Instance Services" TypeName="DatatypeWithInstanceServices">
    <Operation IsStatic="false" Label="Regular Instance Service" Name="regularInstanceService">
      <Input>
        <Data ID="6" Label="Text" ReferenceName="Text" ReferencePath="base" VariableName="text6"/>
      </Input>
      <Output>
        <Data ID="9" Label="Text" ReferenceName="Text" ReferencePath="base" VariableName="text9"/>
      </Output>
      <SourceCode>
        <CodeSnippet Type="Java">return text6;</CodeSnippet>
      </SourceCode>
    </Operation>
    <Operation IsStatic="false" Label="Instance Service With Xyna Order" Name="instanceServiceWithXynaOrder" RequiresXynaOrder="true">
      <Input>
        <Data ID="29" Label="Text" ReferenceName="Text" ReferencePath="base" VariableName="text29"/>
      </Input>
      <Output>
        <Data ID="25" Label="Text" ReferenceName="Text" ReferencePath="base" VariableName="text25"/>
      </Output>
      <SourceCode>
        <CodeSnippet Type="Java">return text29;</CodeSnippet>
      </SourceCode>
    </Operation>
    <Operation IsStatic="false" Label="Instance Service no Input" Name="instanceServiceNoInput">
      <Input/>
      <Output>
        <Data ID="51" Label="Text" ReferenceName="Text" ReferencePath="base" VariableName="text51"/>
      </Output>
      <SourceCode>
        <CodeSnippet Type="Java">return null;</CodeSnippet>
      </SourceCode>
    </Operation>
  </Service>
</DataType>
