<?xml version="1.0" encoding="UTF-8" standalone="no"?>
<!--
 * - - - - - - - - - - - - - - - - - - - - - - - - - -
 * Xyna 8.0 (Black Edition)
 * Xyna Development
 * - - - - - - - - - - - - - - - - - - - - - - - - - -
 * Copyright GIP AG 2018
 * (http://www.gip.com)
 * Hechtsheimer Str. 35-37
 * 55131 Mainz
 * - - - - - - - - - - - - - - - - - - - - - - - - - -
 * $Revision: 221703 $
 * $Date: 2018-04-06 15:46:47 +0200 (Fr, 06. Apr 2018) $
 --><Service xmlns="http://www.gip.com/xyna/xdev/xfractmod" ID="1" Label="EmptyWorkflowWithInput" TypeName="EmptyWorkflowWithInput" TypePath="xmcp.h5x.regression" Version="1.8">
  <Meta>
    <FixedDetailOptions>hideDetailAreas,highDetailsMode</FixedDetailOptions>
  </Meta>
  <Operation ID="0" Label="EmptyWorkflowWithInput" Name="EmptyWorkflowWithInput">
    <Input>
      <Data ID="11" Label="Custom Text DT" ReferenceName="CustomTextDT" ReferencePath="xmcp.h5x.regression.datatypes" VariableName="customTextDT">
        <Target RefID="3"/>
      </Data>
    </Input>
    <Output>
      <Data ID="10" Label="Custom Text DT" ReferenceName="CustomTextDT" ReferencePath="xmcp.h5x.regression.datatypes" VariableName="customTextDT10">
        <Source RefID="3"/>
      </Data>
    </Output>
    <Assign ID="3">
      <Source RefID="11"/>
      <Target RefID="10"/>
      <Copy>
        <Source RefID="11"/>
        <Target RefID="10"/>
      </Copy>
    </Assign>
  </Operation>
</Service>
