<?xml version="1.0" encoding="UTF-8" standalone="no"?>
<!--
 * - - - - - - - - - - - - - - - - - - - - - - - - - -
 * Xyna 8.0 (Black Edition)
 * Xyna Development
 * - - - - - - - - - - - - - - - - - - - - - - - - - -
 * Copyright GIP AG 2018
 * (http://www.gip.com)
 * Hechtsheimer Str. 35-37
 * 55131 Mainz
 * - - - - - - - - - - - - - - - - - - - - - - - - - -
 * $Revision: 221703 $
 * $Date: 2018-04-06 15:46:47 +0200 (Fr, 06. Apr 2018) $
 --><Service xmlns="http://www.gip.com/xyna/xdev/xfractmod" ID="1" Label="EmptyForeachWorkflow" TypeName="EmptyForeachWorkflow" TypePath="xmcp.h5x.regression" Version="1.8">
  <Meta>
    <FixedDetailOptions>hideDetailAreas,highDetailsMode</FixedDetailOptions>
  </Meta>
  <Operation ID="0" Label="EmptyForeachWorkflow" Name="EmptyForeachWorkflow">
    <Input/>
    <Output/>
    <Mappings ID="37" Label="Mapping">
      <Target RefID="39"/>
      <Meta>
        <FixedDetailOptions>FillMode</FixedDetailOptions>
      </Meta>
      <Output>
        <Data ID="35" IsList="true" Label="Text" ReferenceName="Text" ReferencePath="base" VariableName="text35"/>
        <Target RefID="39"/>
      </Output>
    </Mappings>
    <Foreach ID="41">
      <Source RefID="39"/>
      <InputList RefID="39">
        <Data ID="40" Label="Text" ReferenceName="Text" ReferencePath="base" VariableName="text40">
          <Target RefID="38"/>
        </Data>
      </InputList>
      <Mappings ID="38" Label="Mapping">
        <Source RefID="40"/>
        <Meta>
          <FixedDetailOptions>FillMode</FixedDetailOptions>
        </Meta>
        <Input>
          <Data Label="Text" ReferenceName="Text" ReferencePath="base" VariableName="text"/>
          <Source RefID="40"/>
        </Input>
      </Mappings>
    </Foreach>
    <Data ID="39" IsList="true" Label="Text" ReferenceName="Text" ReferencePath="base" VariableName="text39">
      <Source RefID="37"/>
      <Target RefID="41"/>
    </Data>
    <Assign/>
  </Operation>
</Service>
