<?xml version="1.0" encoding="UTF-8" standalone="no"?>
<!--
 * - - - - - - - - - - - - - - - - - - - - - - - - - -
 * Xyna 8.0 (Black Edition)
 * Xyna Development
 * - - - - - - - - - - - - - - - - - - - - - - - - - -
 * Copyright GIP AG 2018
 * (http://www.gip.com)
 * Hechtsheimer Str. 35-37
 * 55131 Mainz
 * - - - - - - - - - - - - - - - - - - - - - - - - - -
 * $Revision: 221703 $
 * $Date: 2018-04-06 15:46:47 +0200 (Fr, 06. Apr 2018) $
 --><Service xmlns="http://www.gip.com/xyna/xdev/xfractmod" ID="1" Label="ForeachWorkflow" TypeName="ForeachWorkflow" TypePath="xmcp.h5x.regression" Version="1.8">
  <Meta>
    <FixedDetailOptions>hideDetailAreas,highDetailsMode</FixedDetailOptions>
  </Meta>
  <Operation ID="0" Label="ForeachWorkflow" Name="ForeachWorkflow">
    <Input/>
    <Output/>
    <Mappings ID="12" Label="Mapping">
      <Target RefID="14"/>
      <Meta>
        <FixedDetailOptions>FillMode,FlatMode</FixedDetailOptions>
      </Meta>
      <Output>
        <Data ID="10" IsList="true" Label="Text" ReferenceName="Text" ReferencePath="base" VariableName="text10"/>
        <Target RefID="14"/>
      </Output>
      <Mapping>%0%["0"].text="t0"</Mapping>
      <Mapping>%0%["1"].text="t1"</Mapping>
    </Mappings>
    <Foreach ID="16">
      <Source RefID="14"/>
      <InputList RefID="14">
        <Data ID="15" Label="Text" ReferenceName="Text" ReferencePath="base" VariableName="text15">
          <Target RefID="13"/>
        </Data>
      </InputList>
      <Mappings ID="13" Label="Mapping">
        <Source RefID="15"/>
        <Meta>
          <FixedDetailOptions>FillMode</FixedDetailOptions>
        </Meta>
        <Input>
          <Data Label="Text" ReferenceName="Text" ReferencePath="base" VariableName="text"/>
          <Source RefID="15"/>
        </Input>
      </Mappings>
    </Foreach>
    <Data ID="14" IsList="true" Label="Text" ReferenceName="Text" ReferencePath="base" VariableName="text14">
      <Source RefID="12"/>
      <Target RefID="16"/>
    </Data>
    <Assign/>
  </Operation>
</Service>
