<?xml version="1.0" encoding="UTF-8" standalone="no"?>
<!--
 * - - - - - - - - - - - - - - - - - - - - - - - - - -
 * Xyna 8.0 (Black Edition)
 * Xyna Development
 * - - - - - - - - - - - - - - - - - - - - - - - - - -
 * Copyright GIP AG 2018
 * (http://www.gip.com)
 * Hechtsheimer Str. 35-37
 * 55131 Mainz
 * - - - - - - - - - - - - - - - - - - - - - - - - - -
 * $Revision: 221703 $
 * $Date: 2018-04-06 15:46:47 +0200 (Fr, 06. Apr 2018) $
 --><Service xmlns="http://www.gip.com/xyna/xdev/xfractmod" ID="1" Label="MappingWithExpression" TypeName="MappingWithExpression" TypePath="xmcp.h5x.regression" Version="1.8">
  <Meta>
    <FixedDetailOptions>hideDetailAreas,highDetailsMode</FixedDetailOptions>
  </Meta>
  <Operation ID="0" Label="MappingWithExpression" Name="MappingWithExpression">
    <Input>
      <Data ID="14" Label="Custom Text DT" ReferenceName="CustomTextDT" ReferencePath="xmcp.h5x.regression.datatypes" VariableName="customTextDT">
        <Target RefID="7"/>
      </Data>
    </Input>
    <Output>
      <Data ID="11" Label="Text" ReferenceName="Text" ReferencePath="base" VariableName="text11">
        <Source RefID="12"/>
      </Data>
    </Output>
    <Mappings ID="7" Label="Mapping">
      <Source RefID="14"/>
      <Target RefID="10"/>
      <Meta>
        <FixedDetailOptions>FillMode,openConfiguration,FlatMode</FixedDetailOptions>
      </Meta>
      <Input>
        <Data ID="13" Label="Custom Text DT" ReferenceName="CustomTextDT" ReferencePath="xmcp.h5x.regression.datatypes" VariableName="customTextDT13"/>
        <Source RefID="14"/>
      </Input>
      <Output>
        <Data ID="9" Label="Text" ReferenceName="Text" ReferencePath="base" VariableName="text9"/>
        <Target RefID="10"/>
      </Output>
      <Mapping>%1%.text=concat("test",%0%.text)</Mapping>
    </Mappings>
    <Data ID="10" Label="Text" ReferenceName="Text" ReferencePath="base" VariableName="text10">
      <Source RefID="7"/>
      <Target RefID="12"/>
    </Data>
    <Assign ID="12">
      <Source RefID="10"/>
      <Target RefID="11"/>
      <Copy>
        <Source RefID="10">
          <Meta>
            <LinkType>UserConnected</LinkType>
          </Meta>
        </Source>
        <Target RefID="11"/>
      </Copy>
    </Assign>
  </Operation>
</Service>
