<?xml version="1.0" encoding="UTF-8" standalone="no"?>
<!--
 * - - - - - - - - - - - - - - - - - - - - - - - - - -
 * Xyna 8.0 (Black Edition)
 * Xyna Development
 * - - - - - - - - - - - - - - - - - - - - - - - - - -
 * Copyright GIP AG 2018
 * (http://www.gip.com)
 * Hechtsheimer Str. 35-37
 * 55131 Mainz
 * - - - - - - - - - - - - - - - - - - - - - - - - - -
 * $Revision: 221703 $
 * $Date: 2018-04-06 15:46:47 +0200 (Fr, 06. Apr 2018) $
 --><Service xmlns="http://www.gip.com/xyna/xdev/xfractmod" ID="1" Label="MappingWorkflow" TypeName="MappingWorkflow" TypePath="xmcp.h5x.regression" Version="1.8">
  <Meta>
    <FixedDetailOptions>hideDetailAreas,highDetailsMode</FixedDetailOptions>
  </Meta>
  <Operation ID="0" Label="MappingWorkflow" Name="MappingWorkflow">
    <Input/>
    <Output/>
    <Mappings ID="2" Label="Mapping">
      <Meta>
        <FixedDetailOptions>FillMode</FixedDetailOptions>
      </Meta>
    </Mappings>
    <Assign ID="3"/>
  </Operation>
</Service>
