<?xml version="1.0" encoding="UTF-8" standalone="no"?>
<!--
 * - - - - - - - - - - - - - - - - - - - - - - - - - -
 * Xyna 8.0 (Black Edition)
 * Xyna Development
 * - - - - - - - - - - - - - - - - - - - - - - - - - -
 * Copyright GIP AG 2018
 * (http://www.gip.com)
 * Hechtsheimer Str. 35-37
 * 55131 Mainz
 * - - - - - - - - - - - - - - - - - - - - - - - - - -
 * $Revision: 221703 $
 * $Date: 2018-04-06 15:46:47 +0200 (Fr, 06. Apr 2018) $
 --><Service xmlns="http://www.gip.com/xyna/xdev/xfractmod" ID="1" Label="MappingWorkflowWithError" TypeName="MappingWorkflowWithError" TypePath="xmcp.h5x.regression" Version="1.8">
  <Meta>
    <FixedDetailOptions>hideDetailAreas,highDetailsMode</FixedDetailOptions>
  </Meta>
  <Operation ID="0" Label="MappingWorkflowWithError" Name="MappingWorkflowWithError">
    <Input/>
    <Output/>
    <Mappings ID="7" Label="Mapping">
      <Target RefID="6"/>
      <Meta>
        <FixedDetailOptions>FillMode</FixedDetailOptions>
      </Meta>
      <Output>
        <Data Label="Datatype With Text" ReferenceName="DatatypeWithText" ReferencePath="xmcp.h5x.regression.datatypes" VariableName="datatypeWithText"/>
        <Target RefID="6"/>
      </Output>
    </Mappings>
    <Mappings ID="9" Label="Mapping">
      <Source RefID="6"/>
      <Target RefID="10"/>
      <Meta>
        <FixedDetailOptions>FillMode,FlatMode</FixedDetailOptions>
      </Meta>
      <Input>
        <Data ID="8" Label="Datatype With Text" ReferenceName="DatatypeWithText" ReferencePath="xmcp.h5x.regression.datatypes" VariableName="datatypeWithText8"/>
        <Source RefID="6"/>
      </Input>
      <Output>
        <Data Label="Text" ReferenceName="Text" ReferencePath="base" VariableName="text"/>
        <Target RefID="10"/>
      </Output>
      <Mapping>%1%.text=%0%.data.text</Mapping>
    </Mappings>
    <Data ID="6" Label="Datatype With Text" ReferenceName="DatatypeWithText" ReferencePath="xmcp.h5x.regression.datatypes" VariableName="datatypeWithText6">
      <Source RefID="7"/>
      <Target RefID="9"/>
    </Data>
    <Data ID="10" Label="Text" ReferenceName="Text" ReferencePath="base" VariableName="text10">
      <Source RefID="9"/>
    </Data>
    <Assign/>
  </Operation>
</Service>
