<?xml version="1.0" encoding="UTF-8" standalone="no"?>
<!--
 * - - - - - - - - - - - - - - - - - - - - - - - - - -
 * Xyna 8.0 (Black Edition)
 * Xyna Development
 * - - - - - - - - - - - - - - - - - - - - - - - - - -
 * Copyright GIP AG 2018
 * (http://www.gip.com)
 * Hechtsheimer Str. 35-37
 * 55131 Mainz
 * - - - - - - - - - - - - - - - - - - - - - - - - - -
 * $Revision: 221703 $
 * $Date: 2018-04-06 15:46:47 +0200 (Fr, 06. Apr 2018) $
 --><Service xmlns="http://www.gip.com/xyna/xdev/xfractmod" ID="1" Label="Foreach RunningTimes with Catch" TypeName="ForeachRunningTimesWithCatch" TypePath="xmcp.h5x.regression.PMON105" Version="1.8">
  <Meta>
    <FixedDetailOptions>hideDetailAreas,highDetailsMode</FixedDetailOptions>
  </Meta>
  <Operation ID="0" Label="Foreach RunningTimes with Catch" Name="ForeachRunningTimesWithCatch">
    <Input/>
    <Output/>
    <ServiceReference ID="4" Label="WaitAndSuspendService" ReferenceName="WaitAndSuspendFeature.WaitAndSuspendService" ReferencePath="xprc.waitsuspend">
      <Source RefID="5"/>
      <Target RefID="5"/>
    </ServiceReference>
    <Mappings ID="12" Label="Mapping">
      <Source RefID="17"/>
      <Target RefID="13"/>
      <Meta>
        <FixedDetailOptions>FillMode,openConfiguration,FlatMode</FixedDetailOptions>
      </Meta>
      <Input>
        <Data ID="11" IsList="true" Label="TimeConfigurationParameter" ReferenceName="TimeConfiguration" ReferencePath="xprc.waitsuspend" VariableName="timeConfiguration11"/>
        <Source RefID="17">
          <Meta>
            <LinkType>Constant</LinkType>
          </Meta>
        </Source>
      </Input>
      <Output>
        <Data ID="19" IsList="true" Label="TimeConfigurationParameter" ReferenceName="TimeConfiguration" ReferencePath="xprc.waitsuspend" VariableName="timeConfiguration"/>
        <Target RefID="13"/>
      </Output>
      <Mapping>%1%=%0%</Mapping>
    </Mappings>
    <Foreach ID="15">
      <Source RefID="13"/>
      <InputList RefID="13">
        <Data ID="14" Label="TimeConfiguration" ReferenceName="TimeConfiguration" ReferencePath="xprc.waitsuspend" VariableName="timeConfiguration14">
          <Target RefID="5"/>
        </Data>
      </InputList>
      <Function ID="5" Label="Wait">
        <Source RefID="4"/>
        <Source RefID="14"/>
        <Target RefID="4"/>
        <Target RefID="27"/>
        <Meta>
          <FixedDetailOptions>openCatches</FixedDetailOptions>
        </Meta>
        <Invoke Operation="wait" ServiceID="4">
          <Source RefID="14"/>
        </Invoke>
        <Receive ServiceID="4"/>
        <Catch ExceptionID="27" ID="28">
          <Assign/>
        </Catch>
      </Function>
    </Foreach>
    <Data ID="13" IsList="true" Label="TimeConfigurationParameter" ReferenceName="TimeConfiguration" ReferencePath="xprc.waitsuspend" VariableName="timeConfiguration13">
      <Source RefID="12"/>
      <Target RefID="15"/>
    </Data>
    <Data ID="17" IsList="true" Label="TimeConfiguration" ReferenceName="TimeConfiguration" ReferencePath="xprc.waitsuspend" VariableName="const_TimeConfiguration">
      <Target RefID="12"/>
      <Value>
        <Data ID="22" Label="TimeConfiguration" ReferenceName="RelativeTimeConfiguration" ReferencePath="xprc.waitsuspend">
          <Data ID="21" Label="Time in seconds" ReferenceName="Seconds" ReferencePath="xprc.waitsuspend" VariableName="timeInSeconds">
            <Data ID="20" Label="TimeUnitInSeconds" VariableName="timeUnitInSeconds">
              <Meta>
                <Type>Integer</Type>
              </Meta>
              <Value>1</Value>
            </Data>
          </Data>
        </Data>
      </Value>
      <Value>
        <Data ID="25" Label="TimeConfiguration" ReferenceName="RelativeTimeConfiguration" ReferencePath="xprc.waitsuspend">
          <Data ID="24" Label="Time in seconds" ReferenceName="Seconds" ReferencePath="xprc.waitsuspend" VariableName="timeInSeconds">
            <Data ID="23" Label="TimeUnitInSeconds" VariableName="timeUnitInSeconds">
              <Meta>
                <Type>Integer</Type>
              </Meta>
              <Value>1</Value>
            </Data>
          </Data>
        </Data>
      </Value>
    </Data>
    <Exception ID="27" Label="Exception" ReferenceName="Exception" ReferencePath="core.exception" VariableName="exception">
      <Source RefID="5"/>
    </Exception>
    <Assign ID="26"/>
  </Operation>
</Service>
