<?xml version="1.0" encoding="UTF-8" standalone="no"?>
<!--
 * - - - - - - - - - - - - - - - - - - - - - - - - - -
 * Xyna 8.0 (Black Edition)
 * Xyna Development
 * - - - - - - - - - - - - - - - - - - - - - - - - - -
 * Copyright GIP AG 2018
 * (http://www.gip.com)
 * Hechtsheimer Str. 35-37
 * 55131 Mainz
 * - - - - - - - - - - - - - - - - - - - - - - - - - -
 * $Revision$
 * $Date$
 --><Service xmlns="http://www.gip.com/xyna/xdev/xfractmod" Label="PMON85" TypeName="PMON85" TypePath="xmcp.h5x.regression.PMON85" Version="1.8">
  <Operation ID="0" IsStatic="false" Label="PMON85" Name="PMON85">
    <Input/>
    <Output>
      <Data ID="27" Label="PMON85 Data Type" ReferenceName="PMON85DataType" ReferencePath="xmcp.h5x.regression.PMON85" VariableName="pMON85DataType27"/>
      <Data ID="68" Label="Text" ReferenceName="Text" ReferencePath="base" VariableName="text68"/>
    </Output>
    <Mappings ID="6" Label="Mapping">
      <Input>
        <Data ID="11" Label="PMON85 Data Type" ReferenceName="PMON85DataType" ReferencePath="xmcp.h5x.regression.PMON85" VariableName="pMON85DataType11">
          <Source RefID="6"/>
        </Data>
        <Source RefID="22">
          <Meta>
            <LinkType>Constant</LinkType>
          </Meta>
        </Source>
      </Input>
      <Output>
        <Data ID="16" Label="PMON85 Data Type" ReferenceName="PMON85DataType" ReferencePath="xmcp.h5x.regression.PMON85" VariableName="pMON85DataType16">
          <Source RefID="6"/>
        </Data>
        <Target RefID="17"/>
      </Output>
      <Mapping>%1%=%0%</Mapping>
    </Mappings>
    <Mappings ID="32" Label="Mapping">
      <Output>
        <Data ID="37" Label="Text" ReferenceName="Text" ReferencePath="base" VariableName="text37">
          <Source RefID="32"/>
        </Data>
        <Target RefID="63"/>
      </Output>
      <Mapping>%0%.text="TestText"</Mapping>
    </Mappings>
    <Data ID="17" Label="PMON85 Data Type" ReferenceName="PMON85DataType" ReferencePath="xmcp.h5x.regression.PMON85" VariableName="pMON85DataType17">
      <Source RefID="6"/>
    </Data>
    <Data ID="22" Label="PMON85 Data Type" ReferenceName="PMON85DataType" ReferencePath="xmcp.h5x.regression.PMON85" VariableName="const_PMON85DataType22">
      <Data VariableName="name">
        <Meta>
          <Type>String</Type>
        </Meta>
        <Value>Test</Value>
      </Data>
    </Data>
    <Data ID="63" Label="Text" ReferenceName="Text" ReferencePath="base" VariableName="text63">
      <Source RefID="32"/>
    </Data>
    <Assign ID="1">
      <Source RefID="17"/>
      <Source RefID="63"/>
      <Target RefID="27"/>
      <Target RefID="68"/>
      <Copy>
        <Source RefID="17"/>
        <Target RefID="27"/>
      </Copy>
      <Copy>
        <Source RefID="63"/>
        <Target RefID="68"/>
      </Copy>
    </Assign>
  </Operation>
</Service>
