<?xml version="1.0" encoding="UTF-8" standalone="no"?>
<!--
 * - - - - - - - - - - - - - - - - - - - - - - - - - -
 * Xyna 8.0 (Black Edition)
 * Xyna Development
 * - - - - - - - - - - - - - - - - - - - - - - - - - -
 * Copyright GIP AG 2018
 * (http://www.gip.com)
 * Hechtsheimer Str. 35-37
 * 55131 Mainz
 * - - - - - - - - - - - - - - - - - - - - - - - - - -
 * $Revision$
 * $Date$
 --><Service xmlns="http://www.gip.com/xyna/xdev/xfractmod" Label="PMON-112" TypeName="PMON112" TypePath="xmcp.h5x.regression.PMON112" Version="1.8">
  <Operation ID="0" IsStatic="false" Label="PMON-112" Name="PMON112">
    <Input/>
    <Output/>
    <ServiceReference ID="7" Label="ThrowException" ReferenceName="ThrowException" ReferencePath="xmcp.h5x.regression.PMON112"/>
    <Function ID="6" Label="ThrowException">
      <Source RefID="7"/>
      <Target RefID="7"/>
      <Invoke Operation="ThrowException" ServiceID="7"/>
      <Receive ServiceID="7"/>
      <Catch ExceptionID="30" ID="33">
        <Mappings ID="268" Label="Mapping"/>
        <Assign/>
      </Catch>
      <Catch ExceptionID="31" ID="34">
        <Mappings ID="501" Label="Mapping"/>
        <Assign/>
      </Catch>
      <Catch ExceptionID="32" ID="35">
        <Mappings ID="734" Label="Mapping"/>
        <Assign/>
      </Catch>
    </Function>
    <Exception ID="30" Label="Send exception" ReferenceName="SendException" ReferencePath="xact.connection" VariableName="sendException30"/>
    <Exception ID="31" Label="Server Exception" ReferenceName="XynaException" ReferencePath="core.exception" VariableName="xynaException31"/>
    <Exception ID="32" Label="Exception" ReferenceName="Exception" ReferencePath="core.exception" VariableName="exception32"/>
    <Assign ID="1"/>
  </Operation>
</Service>
