<?xml version="1.0" encoding="UTF-8" standalone="no"?>
<!--
 * - - - - - - - - - - - - - - - - - - - - - - - - - -
 * Xyna 8.0 (Black Edition)
 * Xyna Development
 * - - - - - - - - - - - - - - - - - - - - - - - - - -
 * Copyright GIP AG 2018
 * (http://www.gip.com)
 * Hechtsheimer Str. 35-37
 * 55131 Mainz
 * - - - - - - - - - - - - - - - - - - - - - - - - - -
 * $Revision$
 * $Date$
 --><Service xmlns="http://www.gip.com/xyna/xdev/xfractmod" Label="ThrowException" TypeName="ThrowException" TypePath="xmcp.h5x.regression.PMON112" Version="1.8">
  <Operation ID="0" IsStatic="false" Label="ThrowException" Name="ThrowException">
    <Input/>
    <Output/>
    <Throws>
      <Exception ID="27" Label="Send exception" ReferenceName="SendException" ReferencePath="xact.connection" VariableName="sendException27"/>
    </Throws>
    <Throw ExceptionID="17" ID="6" Label="Throw Send exception">
      <Meta>
        <PreferedExceptionType>xact.connection.SendException</PreferedExceptionType>
      </Meta>
      <Source RefID="17">
        <Meta>
          <LinkType>Constant</LinkType>
        </Meta>
      </Source>
    </Throw>
    <Exception ID="17" Label="Send exception" ReferenceName="SendException" ReferencePath="xact.connection" VariableName="const_SendException17">
      <Target RefID="6"/>
      <Data IsList="true" ReferenceName="CommandResponseTuple" ReferencePath="xact.connection" VariableName="successfulCommands"/>
      <Data IsList="true" ReferenceName="Command" ReferencePath="xact.connection" VariableName="unsendCommands"/>
      <Data ReferenceName="Command" ReferencePath="xact.connection" VariableName="erroneousCommand">
        <Data VariableName="content">
          <Meta>
            <Type>String</Type>
          </Meta>
          <Value>nonsense</Value>
        </Data>
      </Data>
      <Data ReferenceName="Response" ReferencePath="xact.connection" VariableName="response">
        <Data VariableName="content">
          <Meta>
            <Type>String</Type>
          </Meta>
          <Value>empty</Value>
        </Data>
      </Data>
    </Exception>
    <Assign ID="1"/>
  </Operation>
</Service>
