<?xml version="1.0" encoding="UTF-8" standalone="no"?>
<!--
 * - - - - - - - - - - - - - - - - - - - - - - - - - -
 * Xyna 8.0 (Black Edition)
 * Xyna Development
 * - - - - - - - - - - - - - - - - - - - - - - - - - -
 * Copyright GIP AG 2018
 * (http://www.gip.com)
 * Hechtsheimer Str. 35-37
 * 55131 Mainz
 * - - - - - - - - - - - - - - - - - - - - - - - - - -
 * $Revision: 221703 $
 * $Date: 2018-04-06 15:46:47 +0200 (Fr, 06. Apr 2018) $
 --><DataType xmlns="http://www.gip.com/xyna/xdev/xfractmod" Label="DatatypeWithInstanceService" TypeName="DatatypeWithInstanceService" TypePath="xmcp.h5x.regression.datatypes" Version="1.8">
  <Meta>
    <IsServiceGroupOnly>false</IsServiceGroupOnly>
  </Meta>
  <Service Label="Datatype With Instance Service" TypeName="DatatypeWithInstanceService">
    <Operation IsStatic="false" Label="returnTest" Name="returnTest">
      <Input/>
      <Output>
        <Data Label="Text" ReferenceName="Text" ReferencePath="base" VariableName="text"/>
      </Output>
      <SourceCode>
        <CodeSnippet Type="Java">base.Text result = new base.Text();
result.setText("test");
return result;</CodeSnippet>
      </SourceCode>
    </Operation>
  </Service>
</DataType>
