<?xml version="1.0" encoding="UTF-8" standalone="no"?>
<!--
 * - - - - - - - - - - - - - - - - - - - - - - - - - -
 * Xyna 8.0 (Black Edition)
 * Xyna Development
 * - - - - - - - - - - - - - - - - - - - - - - - - - -
 * Copyright GIP AG 2018
 * (http://www.gip.com)
 * Hechtsheimer Str. 35-37
 * 55131 Mainz
 * - - - - - - - - - - - - - - - - - - - - - - - - - -
 * $Revision$
 * $Date$
 --><DataType xmlns="http://www.gip.com/xyna/xdev/xfractmod" BaseTypeName="Storable" BaseTypePath="xnwh.persistence" IsAbstract="false" Label="Test Storable" TypeName="TestStorable" TypePath="xmcp.h5x.regression.datatypes" Version="1.8">
  <Meta>
    <IsServiceGroupOnly>false</IsServiceGroupOnly>
  </Meta>
  <Data Label="Name" VariableName="name">
    <Meta>
      <Type>String</Type>
    </Meta>
  </Data>
  <Data Label="Age" VariableName="age">
    <Meta>
      <Type>Integer</Type>
    </Meta>
  </Data>
  <Data Label="Unique Identifier" VariableName="uniqueIdentifier">
    <Meta>
      <Persistence>
        <Type>UniqueIdentifier</Type>
      </Persistence>
      <Type>long</Type>
    </Meta>
  </Data>
</DataType>
