<?xml version="1.0" encoding="UTF-8" standalone="no"?>
<!--
 * - - - - - - - - - - - - - - - - - - - - - - - - - -
 * Xyna 8.0 (Black Edition)
 * Xyna Development
 * - - - - - - - - - - - - - - - - - - - - - - - - - -
 * Copyright GIP AG 2018
 * (http://www.gip.com)
 * Hechtsheimer Str. 35-37
 * 55131 Mainz
 * - - - - - - - - - - - - - - - - - - - - - - - - - -
 * $Revision: 276168 $
 * $Date: 2020-03-06 14:19:37 +0100 (Fri, 06 Mar 2020) $
 --><ExceptionStore xmlns="http://www.gip.com/xyna/3.0/utils/message/storage/1.1" Name="ExceptionStore" Version="1.8">
  <ExceptionType BaseTypeName="XynaExceptionBase" BaseTypePath="core.exception" Code="DEVEL-00380" IsAbstract="false" Label="Exception with many members" TypeName="ExceptionWithManyMembers" TypePath="xmcp.h5x.regression.PMON41.exceptions">
    <Data Label="Reason" VariableName="reason">
      <Meta>
        <Type>String</Type>
      </Meta>
    </Data>
    <Data Label="Data1" VariableName="data10">
      <Meta>
        <Type>String</Type>
      </Meta>
    </Data>
    <Data Label="Data2" VariableName="data20">
      <Meta>
        <Type>String</Type>
      </Meta>
    </Data>
    <Data Label="Data3" VariableName="data30">
      <Meta>
        <Type>String</Type>
      </Meta>
    </Data>
    <Data Label="Data4" VariableName="data40">
      <Meta>
        <Type>String</Type>
      </Meta>
    </Data>
    <Data Label="Data5" VariableName="data5">
      <Meta>
        <Type>String</Type>
      </Meta>
    </Data>
    <Data Label="Data6" VariableName="data6">
      <Meta>
        <Type>String</Type>
      </Meta>
    </Data>
    <Data Label="Test Data Type" ReferenceName="TestDataType" ReferencePath="xmcp.h5x.regression.PMON41.datatypes" VariableName="testDataType"/>
  </ExceptionType>
</ExceptionStore>
