<?xml version="1.0" encoding="UTF-8" standalone="no"?>
<!--
 * - - - - - - - - - - - - - - - - - - - - - - - - - -
 * Xyna 8.0 (Black Edition)
 * Xyna Development
 * - - - - - - - - - - - - - - - - - - - - - - - - - -
 * Copyright GIP AG 2018
 * (http://www.gip.com)
 * Hechtsheimer Str. 35-37
 * 55131 Mainz
 * - - - - - - - - - - - - - - - - - - - - - - - - - -
 * $Revision: 276168 $
 * $Date: 2020-03-06 14:19:37 +0100 (Fri, 06 Mar 2020) $
 --><ExceptionStore xmlns="http://www.gip.com/xyna/3.0/utils/message/storage/1.1" Name="ExceptionStore" Version="1.8">
  <ExceptionType BaseTypeName="XynaExceptionBase" BaseTypePath="core.exception" Code="DEVEL-00380" IsAbstract="false" Label="Exception with member" TypeName="ExceptionWithMember" TypePath="xmcp.h5x.regression.PMON41.exceptions">
    <Data Label="Reason" VariableName="reason">
      <Meta>
        <Type>String</Type>
      </Meta>
    </Data>
  </ExceptionType>
</ExceptionStore>
