<?xml version="1.0" encoding="UTF-8" standalone="no"?>
<!--
 * - - - - - - - - - - - - - - - - - - - - - - - - - -
 * Xyna 8.0 (Black Edition)
 * Xyna Development
 * - - - - - - - - - - - - - - - - - - - - - - - - - -
 * Copyright GIP AG 2018
 * (http://www.gip.com)
 * Hechtsheimer Str. 35-37
 * 55131 Mainz
 * - - - - - - - - - - - - - - - - - - - - - - - - - -
 * $Revision: 221703 $
 * $Date: 2018-04-06 15:46:47 +0200 (Fr, 06. Apr 2018) $
 --><Service xmlns="http://www.gip.com/xyna/xdev/xfractmod" ID="1" Label="Foreach Choice Foreach Workflow" TypeName="ForeachChoiceForeachWorkflow" TypePath="xmcp.h5x.regression.PMON32" Version="1.8">
  <Meta>
    <FixedDetailOptions>hideDetailAreas,highDetailsMode</FixedDetailOptions>
  </Meta>
  <Operation ID="0" Label="Foreach Choice Foreach Workflow" Name="ForeachChoiceForeachWorkflow">
    <Input/>
    <Output/>
    <Mappings ID="10" Label="Create Lists">
      <Source RefID="16"/>
      <Source RefID="20"/>
      <Target RefID="7"/>
      <Target RefID="19"/>
      <Meta>
        <FixedDetailOptions>FillMode</FixedDetailOptions>
      </Meta>
      <Input>
        <Data ID="39" IsList="true" Label="Text" ReferenceName="Text" ReferencePath="base" VariableName="text8"/>
        <Source RefID="16">
          <Meta>
            <LinkType>Constant</LinkType>
          </Meta>
        </Source>
      </Input>
      <Input>
        <Data ID="18" IsList="true" Label="Count" ReferenceName="Count" ReferencePath="base" VariableName="count18"/>
        <Source RefID="20">
          <Meta>
            <LinkType>Constant</LinkType>
          </Meta>
        </Source>
      </Input>
      <Output>
        <Data ID="40" IsList="true" Label="Text" ReferenceName="Text" ReferencePath="base" VariableName="text"/>
        <Target RefID="7"/>
      </Output>
      <Output>
        <Data ID="41" IsList="true" Label="Count" ReferenceName="Count" ReferencePath="base" VariableName="count"/>
        <Target RefID="19"/>
      </Output>
      <Mapping>%2%=%0%</Mapping>
      <Mapping>%3%=%1%</Mapping>
    </Mappings>
    <Data ID="7" IsList="true" Label="Text" ReferenceName="Text" ReferencePath="base" VariableName="text7">
      <Source RefID="10"/>
      <Target RefID="14"/>
    </Data>
    <Foreach ID="14">
      <Source RefID="7"/>
      <InputList RefID="7">
        <Data ID="13" Label="Text" ReferenceName="Text" ReferencePath="base" VariableName="text13">
          <Target RefID="15"/>
        </Data>
      </InputList>
      <Choice ID="15" TypeName="BaseChoiceTypeFormula" TypePath="server">
        <Source RefID="13"/>
        <Input>
          <Data ID="42" Label="Text" ReferenceName="Text" ReferencePath="base" VariableName="text42"/>
          <Source RefID="13"/>
        </Input>
        <Case ID="11" Label="true" Premise="length(%0%.text)==&quot;1&quot;">
          <Foreach ID="32">
            <Source RefID="19"/>
            <Target RefID="38"/>
            <InputList RefID="19">
              <Data ID="31" Label="Count" ReferenceName="Count" ReferencePath="base" VariableName="count31">
                <Target RefID="33"/>
              </Data>
            </InputList>
            <OutputList RefID="38">
              <Data ID="37" Label="Count" ReferenceName="Count" ReferencePath="base" VariableName="count37">
                <Source RefID="33"/>
              </Data>
            </OutputList>
            <Mappings ID="33" Label="Multiply by 2">
              <Source RefID="31"/>
              <Target RefID="37"/>
              <Meta>
                <FixedDetailOptions>FillMode,FlatMode</FixedDetailOptions>
              </Meta>
              <Input>
                <Data ID="30" Label="Count" ReferenceName="Count" ReferencePath="base" VariableName="count30"/>
                <Source RefID="31"/>
              </Input>
              <Output>
                <Data ID="34" Label="Count" ReferenceName="Count" ReferencePath="base" VariableName="count34"/>
                <Target RefID="37"/>
              </Output>
              <Mapping>%1%.count=%0%.count*"2"</Mapping>
            </Mappings>
          </Foreach>
          <Assign ID="43"/>
        </Case>
        <Case ID="12" Label="false">
          <Assign ID="44"/>
        </Case>
      </Choice>
    </Foreach>
    <Data ID="16" IsList="true" Label="Text" ReferenceName="Text" ReferencePath="base" VariableName="const_Text">
      <Target RefID="10"/>
      <Value>
        <Data ID="46" Label="Text" ReferenceName="Text" ReferencePath="base">
          <Data ID="45" Label="text" VariableName="text">
            <Meta>
              <Type>String</Type>
            </Meta>
            <Value>a</Value>
          </Data>
        </Data>
      </Value>
      <Value>
        <Data ID="48" Label="Text" ReferenceName="Text" ReferencePath="base">
          <Data ID="47" Label="text" VariableName="text">
            <Meta>
              <Type>String</Type>
            </Meta>
            <Value>bb</Value>
          </Data>
        </Data>
      </Value>
      <Value>
        <Data ID="50" Label="Text" ReferenceName="Text" ReferencePath="base">
          <Data ID="49" Label="text" VariableName="text">
            <Meta>
              <Type>String</Type>
            </Meta>
            <Value>c</Value>
          </Data>
        </Data>
      </Value>
    </Data>
    <Data ID="19" IsList="true" Label="Count" ReferenceName="Count" ReferencePath="base" VariableName="count19">
      <Source RefID="10"/>
      <Target RefID="32"/>
    </Data>
    <Data ID="20" IsList="true" Label="Count" ReferenceName="Count" ReferencePath="base" VariableName="const_Count">
      <Target RefID="10"/>
      <Value>
        <Data ID="52" Label="Count" ReferenceName="Count" ReferencePath="base">
          <Data ID="51" Label="count" VariableName="count">
            <Meta>
              <Type>long</Type>
            </Meta>
            <Value>10</Value>
          </Data>
        </Data>
      </Value>
      <Value>
        <Data ID="54" Label="Count" ReferenceName="Count" ReferencePath="base">
          <Data ID="53" Label="count" VariableName="count">
            <Meta>
              <Type>long</Type>
            </Meta>
            <Value>20</Value>
          </Data>
        </Data>
      </Value>
    </Data>
    <Data ID="38" IsList="true" Label="Count" ReferenceName="Count" ReferencePath="base" VariableName="count38">
      <Source RefID="32"/>
    </Data>
    <Assign ID="55"/>
  </Operation>
</Service>
