<?xml version="1.0" encoding="UTF-8" standalone="no"?>
<!--
 * - - - - - - - - - - - - - - - - - - - - - - - - - -
 * Xyna 8.0 (Black Edition)
 * Xyna Development
 * - - - - - - - - - - - - - - - - - - - - - - - - - -
 * Copyright GIP AG 2018
 * (http://www.gip.com)
 * Hechtsheimer Str. 35-37
 * 55131 Mainz
 * - - - - - - - - - - - - - - - - - - - - - - - - - -
 * $Revision: 221703 $
 * $Date: 2018-04-06 15:46:47 +0200 (Fr, 06. Apr 2018) $
 --><Service xmlns="http://www.gip.com/xyna/xdev/xfractmod" ID="1" Label="MultiForeachWorkflow" TypeName="MultiForeachWorkflow" TypePath="xmcp.h5x.regression.PMON32" Version="1.8">
  <Meta>
    <FixedDetailOptions>hideDetailAreas,highDetailsMode</FixedDetailOptions>
  </Meta>
  <Operation ID="0" Label="MultiForeachWorkflow" Name="MultiForeachWorkflow">
    <Input/>
    <Output/>
    <Mappings ID="11" Label="Mapping">
      <Target RefID="12"/>
      <Target RefID="16"/>
      <Meta>
        <FixedDetailOptions>FillMode,FlatMode</FixedDetailOptions>
        <FixedWidth>242.0999999999999</FixedWidth>
        <FixedHeight>32</FixedHeight>
      </Meta>
      <Output>
        <Data IsList="true" Label="Text" ReferenceName="Text" ReferencePath="base" VariableName="text"/>
        <Target RefID="12"/>
      </Output>
      <Output>
        <Data IsList="true" Label="Integer Number" ReferenceName="IntegerNumber" ReferencePath="base.math" VariableName="integerNumber"/>
        <Target RefID="16"/>
      </Output>
      <Mapping>%0%["0"].text="t1"</Mapping>
      <Mapping>%0%["1"].text="t2"</Mapping>
      <Mapping>%1%["0"].value="0"</Mapping>
      <Mapping>%1%["1"].value="1"</Mapping>
    </Mappings>
    <Foreach ID="21">
      <Source RefID="12"/>
      <Target RefID="24"/>
      <InputList RefID="12">
        <Data ID="20" Label="Text" ReferenceName="Text" ReferencePath="base" VariableName="text20">
          <Target RefID="15"/>
        </Data>
      </InputList>
      <OutputList RefID="24">
        <Data ID="25" IsList="true" Label="Text" ReferenceName="Text" ReferencePath="base" VariableName="text25">
          <Source RefID="18"/>
        </Data>
      </OutputList>
      <Foreach ID="18">
        <Source RefID="16"/>
        <Target RefID="25"/>
        <InputList RefID="16">
          <Data ID="17" Label="IntegerNumber" ReferenceName="IntegerNumber" ReferencePath="base.math" VariableName="integerNumber17">
            <Target RefID="15"/>
          </Data>
        </InputList>
        <OutputList RefID="25">
          <Data ID="23" Label="Text" ReferenceName="Text" ReferencePath="base" VariableName="text23">
            <Source RefID="15"/>
          </Data>
        </OutputList>
        <Mappings ID="15" Label="Mapping">
          <Source RefID="17"/>
          <Source RefID="20"/>
          <Target RefID="23"/>
          <Meta>
            <FixedDetailOptions>FillMode</FixedDetailOptions>
          </Meta>
          <Input>
            <Data ID="19" Label="Text" ReferenceName="Text" ReferencePath="base" VariableName="text19"/>
            <Source RefID="20"/>
          </Input>
          <Input>
            <Data ID="14" Label="Integer Number" ReferenceName="IntegerNumber" ReferencePath="base.math" VariableName="integerNumber14"/>
            <Source RefID="17"/>
          </Input>
          <Output>
            <Data ID="22" Label="Text" ReferenceName="Text" ReferencePath="base" VariableName="text22"/>
            <Target RefID="23"/>
          </Output>
        </Mappings>
      </Foreach>
    </Foreach>
    <Data ID="12" IsList="true" Label="Text" ReferenceName="Text" ReferencePath="base" VariableName="text12">
      <Source RefID="11"/>
      <Target RefID="21"/>
    </Data>
    <Data ID="16" IsList="true" Label="Integer Number" ReferenceName="IntegerNumber" ReferencePath="base.math" VariableName="integerNumber16">
      <Source RefID="11"/>
      <Target RefID="18"/>
    </Data>
    <Data ID="24" IsList="true" Label="Text" ReferenceName="Text" ReferencePath="base" VariableName="text24">
      <Source RefID="21"/>
    </Data>
    <Assign/>
  </Operation>
</Service>
