<?xml version="1.0" encoding="UTF-8" standalone="no"?>
<!--
 * - - - - - - - - - - - - - - - - - - - - - - - - - -
 * Xyna 8.0 (Black Edition)
 * Xyna Development
 * - - - - - - - - - - - - - - - - - - - - - - - - - -
 * Copyright GIP AG 2018
 * (http://www.gip.com)
 * Hechtsheimer Str. 35-37
 * 55131 Mainz
 * - - - - - - - - - - - - - - - - - - - - - - - - - -
 * $Revision: 221703 $
 * $Date: 2018-04-06 15:46:47 +0200 (Fr, 06. Apr 2018) $
 --><Service xmlns="http://www.gip.com/xyna/xdev/xfractmod" ID="1" Label="TripleForeachWorkflow" TypeName="TripleForeachWorkflow" TypePath="xmcp.h5x.regression.PMON32" Version="1.8">
  <Meta>
    <FixedDetailOptions>hideDetailAreas,highDetailsMode</FixedDetailOptions>
  </Meta>
  <Operation ID="0" Label="TripleForeachWorkflow" Name="TripleForeachWorkflow">
    <Input/>
    <Output/>
    <Mappings ID="7" Label="Mapping">
      <Target RefID="8"/>
      <Meta>
        <FixedDetailOptions>FillMode</FixedDetailOptions>
      </Meta>
      <Output>
        <Data IsList="true" Label="Text" ReferenceName="Text" ReferencePath="base" VariableName="text"/>
        <Target RefID="8"/>
      </Output>
    </Mappings>
    <Data ID="8" IsList="true" Label="Text" ReferenceName="Text" ReferencePath="base" VariableName="text8">
      <Source RefID="7"/>
      <Target RefID="21"/>
      <Target RefID="15"/>
      <Target RefID="22"/>
    </Data>
    <Foreach ID="21">
      <Source RefID="8"/>
      <InputList RefID="8">
        <Data ID="14" Label="Text" ReferenceName="Text" ReferencePath="base" VariableName="text14">
          <Target RefID="16"/>
        </Data>
      </InputList>
      <Foreach ID="22">
        <Source RefID="8"/>
        <InputList RefID="8">
          <Data ID="18" Label="Text" ReferenceName="Text" ReferencePath="base" VariableName="text18">
            <Target RefID="16"/>
          </Data>
        </InputList>
        <Foreach ID="15">
          <Source RefID="8"/>
          <InputList RefID="8">
            <Data ID="20" Label="Text" ReferenceName="Text" ReferencePath="base" VariableName="text20">
              <Target RefID="16"/>
            </Data>
          </InputList>
          <Mappings ID="16" Label="Mapping">
            <Source RefID="14"/>
            <Source RefID="18"/>
            <Source RefID="20"/>
            <Meta>
              <FixedDetailOptions>FillMode</FixedDetailOptions>
            </Meta>
            <Input>
              <Data ID="13" Label="Text" ReferenceName="Text" ReferencePath="base" VariableName="text13"/>
              <Source RefID="14"/>
            </Input>
            <Input>
              <Data ID="17" Label="Text" ReferenceName="Text" ReferencePath="base" VariableName="text17"/>
              <Source RefID="18"/>
            </Input>
            <Input>
              <Data ID="19" Label="Text" ReferenceName="Text" ReferencePath="base" VariableName="text19"/>
              <Source RefID="20"/>
            </Input>
          </Mappings>
        </Foreach>
      </Foreach>
    </Foreach>
    <Assign/>
  </Operation>
</Service>
