<?xml version="1.0" encoding="UTF-8" standalone="no"?>
<!--
 * - - - - - - - - - - - - - - - - - - - - - - - - - -
 * Xyna 8.0 (Black Edition)
 * Xyna Development
 * - - - - - - - - - - - - - - - - - - - - - - - - - -
 * Copyright GIP AG 2018
 * (http://www.gip.com)
 * Hechtsheimer Str. 35-37
 * 55131 Mainz
 * - - - - - - - - - - - - - - - - - - - - - - - - - -
 * $Revision: 221703 $
 * $Date: 2018-04-06 15:46:47 +0200 (Fr, 06. Apr 2018) $
 --><Service xmlns="http://www.gip.com/xyna/xdev/xfractmod" ID="2" Label="Delete Storable" TypeName="DeleteStorable" TypePath="xmcp.h5x.regression.PMON103" Version="1.8">
  <Meta>
    <FixedDetailOptions>hideDetailAreas,highDetailsMode</FixedDetailOptions>
  </Meta>
  <Operation ID="1" Label="Delete Storable" Name="DeleteStorable">
    <Meta>
      <Abstract.UID>EF9FEA2E-9BF4-9189-C14B-4E90E63BF1B3</Abstract.UID>
    </Meta>
    <Input>
      <Data ID="0" Label="Storable Id" ReferenceName="StorableId" ReferencePath="xmcp.h5x.regression.PMON103" VariableName="storableId">
        <Target RefID="15"/>
      </Data>
    </Input>
    <Output/>
    <Throws>
      <Exception Label="XMOM Storable Access Exception" ReferenceName="XMOMStorableAccessException" ReferencePath="xnwh.persistence" VariableName="xMOMStorableAccessException"/>
    </Throws>
    <ServiceReference ID="6" Label="Persistence Services" ReferenceName="PersistenceServices.PersistenceServices" ReferencePath="xnwh.persistence">
      <Source RefID="7"/>
      <Target RefID="7"/>
    </ServiceReference>
    <Mappings ID="15" Label="Mapping">
      <Source RefID="0"/>
      <Target RefID="24"/>
      <Meta>
        <FixedDetailOptions>FillMode,openConfiguration,FlatMode</FixedDetailOptions>
      </Meta>
      <Input>
        <Data ID="14" Label="Storable Id" ReferenceName="StorableId" ReferencePath="xmcp.h5x.regression.PMON103" VariableName="storableId14"/>
        <Source RefID="0"/>
      </Input>
      <Output>
        <Data Label="Storable DT with Retry Limit" ReferenceName="StorableDTWithRetryLimit" ReferencePath="xmcp.h5x.regression.PMON103" VariableName="storableDTWithRetryLimit"/>
        <Target RefID="24"/>
      </Output>
      <Mapping>%1%.uniqueIdentifier=%0%.data</Mapping>
    </Mappings>
    <Function ID="7" Label="Delete">
      <Source RefID="6"/>
      <Source RefID="13"/>
      <Source RefID="24"/>
      <Target RefID="6"/>
      <Invoke Operation="delete" ServiceID="6">
        <Source RefID="24"/>
        <Source RefID="13">
          <Meta>
            <LinkType>Constant</LinkType>
          </Meta>
        </Source>
      </Invoke>
      <Receive ServiceID="6"/>
    </Function>
    <Data ID="13" Label="Delete parameter" ReferenceName="DeleteParameter" ReferencePath="xnwh.persistence" VariableName="const_DeleteParameter">
      <Target RefID="7"/>
      <Data ID="20" Label="Including history" VariableName="includingHistory">
        <Meta>
          <Type>boolean</Type>
        </Meta>
      </Data>
      <Data ID="23" Label="Reference handling" ReferenceName="ReferenceHandling" ReferencePath="xnwh.persistence" VariableName="referenceHandling">
        <Data ID="21" Label="Backward" VariableName="backward">
          <Meta>
            <Type>String</Type>
          </Meta>
        </Data>
        <Data ID="22" Label="Forward" VariableName="forward">
          <Meta>
            <Type>String</Type>
          </Meta>
        </Data>
      </Data>
    </Data>
    <Data ID="24" Label="Storable DT with Retry Limit" ReferenceName="StorableDTWithRetryLimit" ReferencePath="xmcp.h5x.regression.PMON103" VariableName="storableDTWithRetryLimit24">
      <Source RefID="15"/>
      <Target RefID="7"/>
    </Data>
    <Assign ID="3"/>
  </Operation>
</Service>
