<?xml version="1.0" encoding="UTF-8" standalone="no"?>
<!--
 * - - - - - - - - - - - - - - - - - - - - - - - - - -
 * Xyna 8.0 (Black Edition)
 * Xyna Development
 * - - - - - - - - - - - - - - - - - - - - - - - - - -
 * Copyright GIP AG 2018
 * (http://www.gip.com)
 * Hechtsheimer Str. 35-37
 * 55131 Mainz
 * - - - - - - - - - - - - - - - - - - - - - - - - - -
 * $Revision: 221703 $
 * $Date: 2018-04-06 15:46:47 +0200 (Fr, 06. Apr 2018) $
 --><Service xmlns="http://www.gip.com/xyna/xdev/xfractmod" ID="1" Label="Foreach Retry" TypeName="ForeachRetry" TypePath="xmcp.h5x.regression.PMON103" Version="1.8">
  <Meta>
    <FixedDetailOptions>hideDetailAreas,highDetailsMode</FixedDetailOptions>
  </Meta>
  <Operation ID="0" Label="Foreach Retry" Name="ForeachRetry">
    <Input>
      <Data ID="23" IsList="true" Label="Retry Test Parameters" ReferenceName="RetryTestParameters" ReferencePath="xmcp.h5x.regression.PMON30" VariableName="retryTestParameters">
        <Target RefID="167"/>
      </Data>
    </Input>
    <Output/>
    <Throws>
      <Exception Label="Expired Exception" ReferenceName="ExpiredException" ReferencePath="xmcp.h5x.regression.PMON30" VariableName="expiredException"/>
      <Exception Label="Iterations left Exception" ReferenceName="IterationsLeftException" ReferencePath="xmcp.h5x.regression.PMON30" VariableName="iterationsLeftException"/>
      <Exception Label="XMOM Storable Access Exception" ReferenceName="XMOMStorableAccessException" ReferencePath="xnwh.persistence" VariableName="xMOMStorableAccessException"/>
    </Throws>
    <Function ID="167" Label="Preparations">
      <Source RefID="171"/>
      <Source RefID="23"/>
      <Target RefID="171"/>
      <Target RefID="175"/>
      <Invoke Operation="Preparations" ServiceID="171">
        <Source RefID="23"/>
      </Invoke>
      <Receive ServiceID="171">
        <Target RefID="175"/>
      </Receive>
    </Function>
    <ServiceReference ID="75" Label="Evaluate Storable DT" ReferenceName="EvaluateStorableDT" ReferencePath="xmcp.h5x.regression.PMON103">
      <Source RefID="76"/>
      <Target RefID="76"/>
    </ServiceReference>
    <Foreach ID="178">
      <Source RefID="175"/>
      <Target RefID="180"/>
      <InputList RefID="175">
        <Data ID="179" Label="Storable Id" ReferenceName="StorableId" ReferencePath="xmcp.h5x.regression.PMON103" VariableName="storableId">
          <Target RefID="76"/>
          <Target RefID="109"/>
          <Target RefID="116"/>
        </Data>
      </InputList>
      <OutputList RefID="180">
        <Data ID="176" Label="Text" ReferenceName="Text" ReferencePath="base" VariableName="text176">
          <Source RefID="76"/>
          <Source RefID="85"/>
          <Source RefID="82"/>
        </Data>
      </OutputList>
      <Function ID="76" Label="Evaluate Storable DT">
        <Source RefID="75"/>
        <Source RefID="179"/>
        <Target RefID="81"/>
        <Target RefID="84"/>
        <Target RefID="176"/>
        <Target RefID="75"/>
        <Meta>
          <FixedDetailOptions>openCatches</FixedDetailOptions>
        </Meta>
        <Invoke Operation="EvaluateStorableDT" ServiceID="75">
          <Source RefID="179"/>
        </Invoke>
        <Receive ServiceID="75">
          <Target RefID="176"/>
        </Receive>
        <Catch ExceptionID="84" ID="86">
          <Function ID="109" Label="Delete Storable">
            <Source RefID="123"/>
            <Source RefID="179"/>
            <Target RefID="123"/>
            <Invoke Operation="DeleteStorable" ServiceID="123">
              <Source RefID="179">
                <Meta>
                  <LinkType>UserConnected</LinkType>
                </Meta>
              </Source>
            </Invoke>
            <Receive ServiceID="123"/>
          </Function>
          <Retry ID="111" Label="Retry Evaluate Storable DT" RetryParameterID="112">
            <Source RefID="112">
              <Meta>
                <LinkType>Constant</LinkType>
              </Meta>
            </Source>
          </Retry>
          <Assign ID="85"/>
        </Catch>
        <Catch ExceptionID="81" ID="83">
          <Function ID="116" Label="Reduce Iteration counter">
            <Source RefID="127"/>
            <Source RefID="179"/>
            <Target RefID="117"/>
            <Target RefID="127"/>
            <Invoke Operation="ReduceIterationCounter" ServiceID="127">
              <Source RefID="179">
                <Meta>
                  <LinkType>UserConnected</LinkType>
                </Meta>
              </Source>
            </Invoke>
            <Receive ServiceID="127">
              <Target RefID="117"/>
            </Receive>
          </Function>
          <Retry ID="118" Label="Retry Evaluate Storable DT" RetryParameterID="117">
            <Source RefID="117"/>
          </Retry>
          <Assign ID="82"/>
        </Catch>
      </Function>
    </Foreach>
    <Exception ID="81" Label="Iterations left Exception" ReferenceName="IterationsLeftException" ReferencePath="xmcp.h5x.regression.PMON30" VariableName="iterationsLeftException81">
      <Source RefID="76"/>
    </Exception>
    <Exception ID="84" Label="Expired Exception" ReferenceName="ExpiredException" ReferencePath="xmcp.h5x.regression.PMON30" VariableName="expiredException84">
      <Source RefID="76"/>
    </Exception>
    <Data ID="112" Label="Retry Parameter" ReferenceName="RetryParameter" ReferencePath="xprc.retry" VariableName="const_RetryParameter">
      <Target RefID="111"/>
      <Data ID="122" Label="Retry Limit" VariableName="retryLimit">
        <Meta>
          <Type>long</Type>
        </Meta>
        <Value>1</Value>
      </Data>
    </Data>
    <Data ID="117" Label="Retry Parameter" ReferenceName="RetryParameter" ReferencePath="xprc.retry" VariableName="retryParameter117">
      <Source RefID="116"/>
      <Target RefID="118"/>
    </Data>
    <ServiceReference ID="123" Label="Delete Storable" ReferenceName="DeleteStorable" ReferencePath="xmcp.h5x.regression.PMON103">
      <Source RefID="109"/>
      <Target RefID="109"/>
    </ServiceReference>
    <ServiceReference ID="127" Label="Reduce Iteration counter" ReferenceName="ReduceIterationCounter" ReferencePath="xmcp.h5x.regression.PMON103">
      <Source RefID="116"/>
      <Target RefID="116"/>
    </ServiceReference>
    <ServiceReference ID="171" Label="Preparations" ReferenceName="Preparations" ReferencePath="xmcp.h5x.regression.PMON103">
      <Source RefID="167"/>
      <Target RefID="167"/>
    </ServiceReference>
    <Data ID="175" IsList="true" Label="Storable Id" ReferenceName="StorableId" ReferencePath="xmcp.h5x.regression.PMON103" VariableName="storableId76">
      <Source RefID="167"/>
      <Target RefID="178"/>
    </Data>
    <Data ID="180" IsList="true" Label="Text" ReferenceName="Text" ReferencePath="base" VariableName="text">
      <Source RefID="178"/>
    </Data>
    <Assign ID="59"/>
  </Operation>
</Service>
