<?xml version="1.0" encoding="UTF-8" standalone="no"?>
<!--
 * - - - - - - - - - - - - - - - - - - - - - - - - - -
 * Xyna 8.0 (Black Edition)
 * Xyna Development
 * - - - - - - - - - - - - - - - - - - - - - - - - - -
 * Copyright GIP AG 2018
 * (http://www.gip.com)
 * Hechtsheimer Str. 35-37
 * 55131 Mainz
 * - - - - - - - - - - - - - - - - - - - - - - - - - -
 * $Revision: 221703 $
 * $Date: 2018-04-06 15:46:47 +0200 (Fr, 06. Apr 2018) $
 --><Service xmlns="http://www.gip.com/xyna/xdev/xfractmod" ID="2" Label="Multi Foreach Subworkflow" TypeName="MultiForeachSubworkflow" TypePath="xmcp.h5x.regression.PMON103" Version="1.8">
  <Meta>
    <FixedDetailOptions>highDetailsMode,hideDetailAreas</FixedDetailOptions>
  </Meta>
  <Operation ID="1" Label="Multi Foreach Subworkflow" Name="MultiForeachSubworkflow">
    <Meta>
      <Abstract.UID>FECF9B6A-8C90-2677-8DB0-5A164CB816E8</Abstract.UID>
    </Meta>
    <Input>
      <Data ID="0" Label="Foreach Entry" ReferenceName="Text" ReferencePath="base" VariableName="text"/>
      <Data Label="Integer Number" ReferenceName="IntegerNumber" ReferencePath="base.math" VariableName="integerNumber"/>
    </Input>
    <Output/>
    <Assign ID="3"/>
  </Operation>
</Service>
