<?xml version="1.0" encoding="UTF-8" standalone="no"?>
<!--
 * - - - - - - - - - - - - - - - - - - - - - - - - - -
 * Xyna 8.0 (Black Edition)
 * Xyna Development
 * - - - - - - - - - - - - - - - - - - - - - - - - - -
 * Copyright GIP AG 2018
 * (http://www.gip.com)
 * Hechtsheimer Str. 35-37
 * 55131 Mainz
 * - - - - - - - - - - - - - - - - - - - - - - - - - -
 * $Revision: 221703 $
 * $Date: 2018-04-06 15:46:47 +0200 (Fr, 06. Apr 2018) $
 --><Service xmlns="http://www.gip.com/xyna/xdev/xfractmod" ID="1" Label="Preparations" TypeName="Preparations" TypePath="xmcp.h5x.regression.PMON103" Version="1.8">
  <Meta>
    <FixedDetailOptions>hideDetailAreas,highDetailsMode</FixedDetailOptions>
  </Meta>
  <Operation ID="0" Label="Preparations" Name="Preparations">
    <Meta>
      <Abstract.UID>C1ADE82C-4EBF-ADEC-F57A-4EB0004240C2</Abstract.UID>
    </Meta>
    <Input>
      <Data ID="33" IsList="true" Label="Retry Test Parameters" ReferenceName="RetryTestParameters" ReferencePath="xmcp.h5x.regression.PMON30" VariableName="retryTestParameters">
        <Target RefID="34"/>
      </Data>
    </Input>
    <Output>
      <Data ID="76" IsList="true" Label="Storable Id" ReferenceName="StorableId" ReferencePath="xmcp.h5x.regression.PMON103" VariableName="storableId76">
        <Source RefID="2"/>
      </Data>
    </Output>
    <Throws>
      <Exception Label="XMOM Storable Access Exception" ReferenceName="XMOMStorableAccessException" ReferencePath="xnwh.persistence" VariableName="xMOMStorableAccessException"/>
    </Throws>
    <ServiceReference ID="5" Label="Persistence Services" ReferenceName="PersistenceServices.PersistenceServices" ReferencePath="xnwh.persistence">
      <Source RefID="6"/>
      <Source RefID="17"/>
      <Source RefID="46"/>
      <Source RefID="53"/>
      <Target RefID="6"/>
      <Target RefID="17"/>
      <Target RefID="46"/>
      <Target RefID="53"/>
    </ServiceReference>
    <Mappings ID="8">
      <Target RefID="7"/>
      <Meta>
        <IsCondition>true</IsCondition>
      </Meta>
      <Output>
        <Data ID="9" Label="Filter condition" ReferenceName="FilterCondition" ReferencePath="xnwh.persistence" VariableName="filterCondition9"/>
        <Target RefID="7"/>
      </Output>
    </Mappings>
    <Function ID="6" Label="Get old Storables">
      <Source RefID="5"/>
      <Source RefID="7"/>
      <Source RefID="10"/>
      <Source RefID="11"/>
      <Target RefID="5"/>
      <Target RefID="13"/>
      <Invoke Operation="query" ServiceID="5">
        <Source RefID="10">
          <Meta>
            <LinkType>Constant</LinkType>
          </Meta>
        </Source>
        <Source RefID="7">
          <Meta>
            <LinkType>UserConnected</LinkType>
          </Meta>
        </Source>
        <Source RefID="11">
          <Meta>
            <LinkType>Constant</LinkType>
          </Meta>
        </Source>
      </Invoke>
      <Receive ServiceID="5">
        <Target RefID="13"/>
      </Receive>
    </Function>
    <Data ID="7" Label="Filter condition" ReferenceName="FilterCondition" ReferencePath="xnwh.persistence" VariableName="filterCondition">
      <Source RefID="8"/>
      <Target RefID="6"/>
    </Data>
    <Data ID="10" Label="Selection mask" ReferenceName="SelectionMask" ReferencePath="xnwh.persistence" VariableName="const_SelectionMask">
      <Target RefID="6"/>
      <Data ID="22" Label="Root type" VariableName="rootType">
        <Meta>
          <Type>String</Type>
        </Meta>
        <Value>xmcp.h5x.regression.PMON103.StorableDTWithRetryLimit</Value>
      </Data>
    </Data>
    <Data ID="11" Label="Query parameter" ReferenceName="QueryParameter" ReferencePath="xnwh.persistence" VariableName="const_QueryParameter">
      <Target RefID="6"/>
      <Data ID="23" Label="Max objects" VariableName="maxObjects">
        <Meta>
          <Type>int</Type>
        </Meta>
        <Value>-1</Value>
      </Data>
      <Data ID="24" Label="Query history" VariableName="queryHistory">
        <Meta>
          <Type>boolean</Type>
        </Meta>
        <Value>false</Value>
      </Data>
      <Data ID="25" IsList="true" Label="Sort criterion" ReferenceName="SortCriterion" ReferencePath="xnwh.persistence" VariableName="sortCriterion"/>
    </Data>
    <Data ID="13" IsList="true" Label="Storable DT with Retry Limit" ReferenceName="StorableDTWithRetryLimit" ReferencePath="xmcp.h5x.regression.PMON103" VariableName="storableDTWithRetryLimit">
      <Source RefID="6"/>
      <Target RefID="19"/>
    </Data>
    <Foreach ID="19">
      <Source RefID="13"/>
      <InputList RefID="13">
        <Data ID="18" Label="Storable DT with Retry Limit" ReferenceName="StorableDTWithRetryLimit" ReferencePath="xmcp.h5x.regression.PMON103" VariableName="storableDTWithRetryLimit18">
          <Target RefID="17"/>
        </Data>
      </InputList>
      <Function ID="17" Label="Cleanup">
        <Source RefID="5"/>
        <Source RefID="18"/>
        <Source RefID="20"/>
        <Target RefID="5"/>
        <Invoke Operation="delete" ServiceID="5">
          <Source RefID="18"/>
          <Source RefID="20">
            <Meta>
              <LinkType>Constant</LinkType>
            </Meta>
          </Source>
        </Invoke>
        <Receive ServiceID="5"/>
      </Function>
    </Foreach>
    <Data ID="20" Label="Delete parameter" ReferenceName="DeleteParameter" ReferencePath="xnwh.persistence" VariableName="const_DeleteParameter">
      <Target RefID="17"/>
      <Data ID="26" Label="Including history" VariableName="includingHistory">
        <Meta>
          <Type>boolean</Type>
        </Meta>
      </Data>
      <Data ID="29" Label="Reference handling" ReferenceName="ReferenceHandling" ReferencePath="xnwh.persistence" VariableName="referenceHandling">
        <Data ID="27" Label="Backward" VariableName="backward">
          <Meta>
            <Type>String</Type>
          </Meta>
        </Data>
        <Data ID="28" Label="Forward" VariableName="forward">
          <Meta>
            <Type>String</Type>
          </Meta>
        </Data>
      </Data>
    </Data>
    <Foreach ID="34">
      <Source RefID="33"/>
      <Target RefID="37"/>
      <InputList RefID="33">
        <Data ID="32" Label="Retry Test Parameters" ReferenceName="RetryTestParameters" ReferencePath="xmcp.h5x.regression.PMON30" VariableName="retryTestParameters32">
          <Target RefID="35"/>
        </Data>
      </InputList>
      <OutputList RefID="37">
        <Data ID="36" Label="Storable DT with Retry Limit" ReferenceName="StorableDTWithRetryLimit" ReferencePath="xmcp.h5x.regression.PMON103" VariableName="storableDTWithRetryLimit36">
          <Source RefID="35"/>
        </Data>
      </OutputList>
      <Mappings ID="35" Label="Create Storable">
        <Source RefID="32"/>
        <Target RefID="36"/>
        <Input>
          <Data ID="30" Label="Retry Test Parameters" ReferenceName="RetryTestParameters" ReferencePath="xmcp.h5x.regression.PMON30" VariableName="retryTestParameters30"/>
          <Source RefID="32"/>
        </Input>
        <Output>
          <Data ID="31" Label="Storable DT with Retry Limit" ReferenceName="StorableDTWithRetryLimit" ReferencePath="xmcp.h5x.regression.PMON103" VariableName="storableDTWithRetryLimit31"/>
          <Target RefID="36"/>
        </Output>
        <Mapping>%1%.iterationsToSurvive=%0%.necessaryReductions</Mapping>
        <Mapping>%1%.reductionRetryLimit=%0%.reducetionRetryLimit</Mapping>
      </Mappings>
    </Foreach>
    <Data ID="37" IsList="true" Label="Storable DT with Retry Limit" ReferenceName="StorableDTWithRetryLimit" ReferencePath="xmcp.h5x.regression.PMON103" VariableName="storableDTWithRetryLimit37">
      <Source RefID="34"/>
      <Target RefID="49"/>
    </Data>
    <Foreach ID="49">
      <Source RefID="37"/>
      <InputList RefID="37">
        <Data ID="48" Label="Storable DT with Retry Limit" ReferenceName="StorableDTWithRetryLimit" ReferencePath="xmcp.h5x.regression.PMON103" VariableName="storableDTWithRetryLimit48">
          <Target RefID="46"/>
        </Data>
      </InputList>
      <Function ID="46" Label="Store">
        <Source RefID="47"/>
        <Source RefID="5"/>
        <Source RefID="48"/>
        <Target RefID="5"/>
        <Invoke Operation="store" ServiceID="5">
          <Source RefID="48">
            <Meta>
              <LinkType>UserConnected</LinkType>
            </Meta>
          </Source>
          <Source RefID="47">
            <Meta>
              <LinkType>Constant</LinkType>
            </Meta>
          </Source>
        </Invoke>
        <Receive ServiceID="5"/>
      </Function>
    </Foreach>
    <Data ID="47" Label="Store parameter" ReferenceName="StoreParameter" ReferencePath="xnwh.persistence" VariableName="const_StoreParameter">
      <Target RefID="46"/>
      <Data ID="68" Label="Historize previous object" VariableName="historizePreviousObject">
        <Meta>
          <Type>boolean</Type>
        </Meta>
      </Data>
      <Data ID="69" Label="Keep meta field data" VariableName="keepMetaFieldData">
        <Meta>
          <Type>boolean</Type>
        </Meta>
      </Data>
      <Data ID="70" Label="Force recursive store" VariableName="forceRecursiveStore">
        <Meta>
          <Type>boolean</Type>
        </Meta>
      </Data>
    </Data>
    <Mappings ID="55">
      <Target RefID="54"/>
      <Meta>
        <IsCondition>true</IsCondition>
      </Meta>
      <Output>
        <Data ID="56" Label="Filter condition" ReferenceName="FilterCondition" ReferencePath="xnwh.persistence" VariableName="filterCondition56"/>
        <Target RefID="54"/>
      </Output>
    </Mappings>
    <Function ID="53" Label="Get generated Storables">
      <Source RefID="5"/>
      <Source RefID="54"/>
      <Source RefID="57"/>
      <Source RefID="58"/>
      <Target RefID="5"/>
      <Target RefID="60"/>
      <Invoke Operation="query" ServiceID="5">
        <Source RefID="57">
          <Meta>
            <LinkType>Constant</LinkType>
          </Meta>
        </Source>
        <Source RefID="54">
          <Meta>
            <LinkType>UserConnected</LinkType>
          </Meta>
        </Source>
        <Source RefID="58">
          <Meta>
            <LinkType>Constant</LinkType>
          </Meta>
        </Source>
      </Invoke>
      <Receive ServiceID="5">
        <Target RefID="60"/>
      </Receive>
    </Function>
    <Data ID="54" Label="Filter condition" ReferenceName="FilterCondition" ReferencePath="xnwh.persistence" VariableName="filterCondition54">
      <Source RefID="55"/>
      <Target RefID="53"/>
    </Data>
    <Data ID="57" Label="Selection mask" ReferenceName="SelectionMask" ReferencePath="xnwh.persistence" VariableName="selectionMask">
      <Target RefID="53"/>
      <Data ID="71" Label="Root type" VariableName="rootType">
        <Meta>
          <Type>String</Type>
        </Meta>
        <Value>xmcp.h5x.regression.PMON103.StorableDTWithRetryLimit</Value>
      </Data>
    </Data>
    <Data ID="58" Label="Query parameter" ReferenceName="QueryParameter" ReferencePath="xnwh.persistence" VariableName="queryParameter">
      <Target RefID="53"/>
      <Data ID="72" Label="Max objects" VariableName="maxObjects">
        <Meta>
          <Type>int</Type>
        </Meta>
        <Value>-1</Value>
      </Data>
      <Data ID="73" Label="Query history" VariableName="queryHistory">
        <Meta>
          <Type>boolean</Type>
        </Meta>
        <Value>false</Value>
      </Data>
      <Data ID="74" IsList="true" Label="Sort criterion" ReferenceName="SortCriterion" ReferencePath="xnwh.persistence" VariableName="sortCriterion"/>
    </Data>
    <Data ID="60" IsList="true" Label="Storable DT with Retry Limit" ReferenceName="StorableDTWithRetryLimit" ReferencePath="xmcp.h5x.regression.PMON103" VariableName="storableDTWithRetryLimit60">
      <Source RefID="53"/>
      <Target RefID="65"/>
    </Data>
    <Foreach ID="65">
      <Source RefID="60"/>
      <Target RefID="66"/>
      <InputList RefID="60">
        <Data ID="64" Label="Storable DT with Retry Limit" ReferenceName="StorableDTWithRetryLimit" ReferencePath="xmcp.h5x.regression.PMON103" VariableName="storableDTWithRetryLimit64">
          <Target RefID="63"/>
        </Data>
      </InputList>
      <OutputList RefID="66">
        <Data ID="62" Label="Storable Id" ReferenceName="StorableId" ReferencePath="xmcp.h5x.regression.PMON103" VariableName="storableId_0">
          <Source RefID="63"/>
        </Data>
      </OutputList>
      <Mappings ID="63" Label="Extract Id">
        <Source RefID="64"/>
        <Target RefID="62"/>
        <Input>
          <Data ID="61" Label="Storable DT with Retry Limit" ReferenceName="StorableDTWithRetryLimit" ReferencePath="xmcp.h5x.regression.PMON103" VariableName="storableDTWithRetryLimit61"/>
          <Source RefID="64">
            <Meta>
              <LinkType>UserConnected</LinkType>
            </Meta>
          </Source>
        </Input>
        <Output>
          <Data ID="75" Label="Storable Id" ReferenceName="StorableId" ReferencePath="xmcp.h5x.regression.PMON103" VariableName="storableId"/>
          <Target RefID="62"/>
        </Output>
        <Mapping>%1%.data=%0%.uniqueIdentifier</Mapping>
      </Mappings>
    </Foreach>
    <Data ID="66" IsList="true" Label="Storable Id" ReferenceName="StorableId" ReferencePath="xmcp.h5x.regression.PMON103" VariableName="storableId62">
      <Source RefID="65"/>
      <Target RefID="2"/>
    </Data>
    <Assign ID="2">
      <Source RefID="66"/>
      <Target RefID="76"/>
      <Copy>
        <Source RefID="66"/>
        <Target RefID="76"/>
      </Copy>
    </Assign>
  </Operation>
</Service>
