<?xml version="1.0" encoding="UTF-8" standalone="no"?>
<!--
 * - - - - - - - - - - - - - - - - - - - - - - - - - -
 * Xyna 8.0 (Black Edition)
 * Xyna Development
 * - - - - - - - - - - - - - - - - - - - - - - - - - -
 * Copyright GIP AG 2018
 * (http://www.gip.com)
 * Hechtsheimer Str. 35-37
 * 55131 Mainz
 * - - - - - - - - - - - - - - - - - - - - - - - - - -
 * $Revision: 221703 $
 * $Date: 2018-04-06 15:46:47 +0200 (Fr, 06. Apr 2018) $
 --><Service xmlns="http://www.gip.com/xyna/xdev/xfractmod" ID="3" Label="Reduce Iteration counter" TypeName="ReduceIterationCounter" TypePath="xmcp.h5x.regression.PMON103" Version="1.8">
  <Meta>
    <FixedDetailOptions>hideDetailAreas,highDetailsMode,vScroll(3)</FixedDetailOptions>
  </Meta>
  <Operation ID="2" Label="Reduce Iteration counter" Name="ReduceIterationCounter">
    <Meta>
      <Abstract.UID>691968C5-B5B8-FB17-DB93-4E92C1AA7024</Abstract.UID>
    </Meta>
    <Input>
      <Data ID="1" Label="Storable Id" ReferenceName="StorableId" ReferencePath="xmcp.h5x.regression.PMON103" VariableName="storableId">
        <Target RefID="10"/>
      </Data>
    </Input>
    <Output>
      <Data ID="0" Label="Retry Parameter" ReferenceName="RetryParameter" ReferencePath="xprc.retry" VariableName="retryParameter">
        <Source RefID="4"/>
      </Data>
    </Output>
    <Throws>
      <Exception Label="XMOM Storable Access Exception" ReferenceName="XMOMStorableAccessException" ReferencePath="xnwh.persistence" VariableName="xMOMStorableAccessException"/>
    </Throws>
    <ServiceReference ID="7" Label="Persistence Services" ReferenceName="PersistenceServices.PersistenceServices" ReferencePath="xnwh.persistence">
      <Source RefID="8"/>
      <Source RefID="31"/>
      <Target RefID="8"/>
      <Target RefID="31"/>
    </ServiceReference>
    <Mappings ID="10">
      <Source RefID="1"/>
      <Target RefID="9"/>
      <Meta>
        <IsCondition>true</IsCondition>
      </Meta>
      <Input>
        <Data ID="16" Label="Storable Id" ReferenceName="StorableId" ReferencePath="xmcp.h5x.regression.PMON103" VariableName="storableId16"/>
        <Source RefID="1">
          <Meta>
            <LinkType>UserConnected</LinkType>
          </Meta>
        </Source>
      </Input>
      <Output>
        <Data ID="11" Label="Filter condition" ReferenceName="FilterCondition" ReferencePath="xnwh.persistence" VariableName="filterCondition11"/>
        <Target RefID="9"/>
      </Output>
      <Mapping>%1%.formula=concat("(%0%.uniqueIdentifier==\"",replaceall(replaceall(%0%.data,"\\\\","\\\\\\\\"),"\"","\\\\\""),"\")")</Mapping>
    </Mappings>
    <Function ID="8" Label="Query">
      <Source RefID="7"/>
      <Source RefID="9"/>
      <Source RefID="12"/>
      <Source RefID="13"/>
      <Target RefID="7"/>
      <Target RefID="52"/>
      <Meta>
        <QueryFilter>
          <Condition>%0%.uniqueIdentifier==%1%.data</Condition>
        </QueryFilter>
        <FixedDetailOptions>openConfiguration</FixedDetailOptions>
      </Meta>
      <Invoke Operation="query" ServiceID="7">
        <Source RefID="12">
          <Meta>
            <LinkType>Constant</LinkType>
          </Meta>
        </Source>
        <Source RefID="9">
          <Meta>
            <LinkType>UserConnected</LinkType>
          </Meta>
        </Source>
        <Source RefID="13">
          <Meta>
            <LinkType>Constant</LinkType>
          </Meta>
        </Source>
      </Invoke>
      <Receive ServiceID="7">
        <Target RefID="52"/>
      </Receive>
    </Function>
    <Data ID="9" Label="Filter condition" ReferenceName="FilterCondition" ReferencePath="xnwh.persistence" VariableName="filterCondition">
      <Source RefID="10"/>
      <Target RefID="8"/>
    </Data>
    <Data ID="12" Label="Selection mask" ReferenceName="SelectionMask" ReferencePath="xnwh.persistence" VariableName="const_SelectionMask">
      <Target RefID="8"/>
      <Data ID="42" Label="Root type" VariableName="rootType">
        <Meta>
          <Type>String</Type>
        </Meta>
        <Value>xmcp.h5x.regression.PMON103.StorableDTWithRetryLimit</Value>
      </Data>
    </Data>
    <Data ID="13" Label="Query parameter" ReferenceName="QueryParameter" ReferencePath="xnwh.persistence" VariableName="const_QueryParameter">
      <Target RefID="8"/>
      <Data ID="43" Label="Max objects" VariableName="maxObjects">
        <Meta>
          <Type>int</Type>
        </Meta>
        <Value>-1</Value>
      </Data>
      <Data ID="44" Label="Query history" VariableName="queryHistory">
        <Meta>
          <Type>boolean</Type>
        </Meta>
        <Value>false</Value>
      </Data>
      <Data ID="45" IsList="true" Label="Sort criterion" ReferenceName="SortCriterion" ReferencePath="xnwh.persistence" VariableName="sortCriterion"/>
    </Data>
    <Mappings ID="19" Label="Exrract Result">
      <Source RefID="52"/>
      <Target RefID="65"/>
      <Meta>
        <FixedDetailOptions>openConfiguration,FlatMode</FixedDetailOptions>
      </Meta>
      <Input>
        <Data ID="66" IsList="true" Label="Storable DT with Retry Limit" ReferenceName="StorableDTWithRetryLimit" ReferencePath="xmcp.h5x.regression.PMON103" VariableName="storableDTWithRetryLimit66"/>
        <Source RefID="52"/>
      </Input>
      <Output>
        <Data ID="53" Label="Storable DT with Retry Limit" ReferenceName="StorableDTWithRetryLimit" ReferencePath="xmcp.h5x.regression.PMON103" VariableName="storableDTWithRetryLimit53"/>
        <Target RefID="65"/>
      </Output>
      <Mapping>%1%=%0%["0"]</Mapping>
    </Mappings>
    <Choice ID="23" TypeName="BaseChoiceTypeFormula" TypePath="server">
      <Source RefID="65"/>
      <Input>
        <Data Label="Storable DT with Retry Limit" ReferenceName="StorableDTWithRetryLimit" ReferencePath="xmcp.h5x.regression.PMON103"/>
        <Source RefID="65">
          <Meta>
            <LinkType>UserConnected</LinkType>
          </Meta>
        </Source>
      </Input>
      <Case ID="21" Label="true" Premise="%0%.iterationsToSurvive&gt;&quot;0&quot;">
        <Mappings ID="27" Label="Reduce survive counter">
          <Source RefID="65"/>
          <Target RefID="69"/>
          <Meta>
            <FixedDetailOptions>openConfiguration,FlatMode</FixedDetailOptions>
          </Meta>
          <Input>
            <Data ID="67" Label="Storable DT with Retry Limit" ReferenceName="StorableDTWithRetryLimit" ReferencePath="xmcp.h5x.regression.PMON103" VariableName="storableDTWithRetryLimit67"/>
            <Source RefID="65">
              <Meta>
                <LinkType>UserConnected</LinkType>
              </Meta>
            </Source>
          </Input>
          <Output>
            <Data ID="68" Label="Storable DT with Retry Limit" ReferenceName="StorableDTWithRetryLimit" ReferencePath="xmcp.h5x.regression.PMON103" VariableName="storableDTWithRetryLimit68"/>
            <Target RefID="69"/>
          </Output>
          <Mapping>%1%=%0%</Mapping>
          <Mapping>%1%.iterationsToSurvive=%0%.iterationsToSurvive-"1"</Mapping>
        </Mappings>
        <Function ID="31" Label="Store">
          <Source RefID="7"/>
          <Source RefID="32"/>
          <Source RefID="69"/>
          <Target RefID="7"/>
          <Invoke Operation="store" ServiceID="7">
            <Source RefID="69">
              <Meta>
                <LinkType>UserConnected</LinkType>
              </Meta>
            </Source>
            <Source RefID="32">
              <Meta>
                <LinkType>Constant</LinkType>
              </Meta>
            </Source>
          </Invoke>
          <Receive ServiceID="7"/>
        </Function>
        <Assign ID="47"/>
      </Case>
      <Case ID="22" Label="false">
        <Assign ID="48"/>
      </Case>
    </Choice>
    <Data ID="32" Label="Store parameter" ReferenceName="StoreParameter" ReferencePath="xnwh.persistence" VariableName="const_StoreParameter">
      <Target RefID="31"/>
      <Data ID="49" Label="Historize previous object" VariableName="historizePreviousObject">
        <Meta>
          <Type>boolean</Type>
        </Meta>
      </Data>
      <Data ID="50" Label="Keep meta field data" VariableName="keepMetaFieldData">
        <Meta>
          <Type>boolean</Type>
        </Meta>
      </Data>
      <Data ID="51" Label="Force recursive store" VariableName="forceRecursiveStore">
        <Meta>
          <Type>boolean</Type>
        </Meta>
      </Data>
    </Data>
    <Mappings ID="39" Label="Extract Retry Limit">
      <Source RefID="65"/>
      <Target RefID="63"/>
      <Meta>
        <FixedDetailOptions>FillMode,openConfiguration</FixedDetailOptions>
      </Meta>
      <Input>
        <Data ID="70" Label="Storable DT with Retry Limit" ReferenceName="StorableDTWithRetryLimit" ReferencePath="xmcp.h5x.regression.PMON103" VariableName="storableDTWithRetryLimit70"/>
        <Source RefID="65">
          <Meta>
            <LinkType>UserConnected</LinkType>
          </Meta>
        </Source>
      </Input>
      <Output>
        <Data ID="40" Label="Retry Parameter" ReferenceName="RetryParameter" ReferencePath="xprc.retry" VariableName="retryParameter40"/>
        <Target RefID="63"/>
      </Output>
      <Mapping>%1%.retryLimit=%0%.reductionRetryLimit</Mapping>
    </Mappings>
    <Data ID="52" IsList="true" Label="Storable DT with Retry Limit" ReferenceName="StorableDTWithRetryLimit" ReferencePath="xmcp.h5x.regression.PMON103" VariableName="storableDTWithRetryLimit">
      <Source RefID="8"/>
      <Target RefID="19"/>
    </Data>
    <Data ID="63" Label="Retry Parameter" ReferenceName="RetryParameter" ReferencePath="xprc.retry" VariableName="retryParameter63">
      <Source RefID="39"/>
      <Target RefID="4"/>
    </Data>
    <Data ID="65" Label="Storable DT with Retry Limit" ReferenceName="StorableDTWithRetryLimit" ReferencePath="xmcp.h5x.regression.PMON103" VariableName="storableDTWithRetryLimit65">
      <Source RefID="19"/>
      <Target RefID="23"/>
      <Target RefID="27"/>
      <Target RefID="39"/>
    </Data>
    <Data ID="69" Label="Storable DT with Retry Limit" ReferenceName="StorableDTWithRetryLimit" ReferencePath="xmcp.h5x.regression.PMON103" VariableName="storableDTWithRetryLimit69">
      <Source RefID="27"/>
      <Target RefID="31"/>
    </Data>
    <Assign ID="4">
      <Source RefID="63"/>
      <Target RefID="0"/>
      <Copy>
        <Source RefID="63"/>
        <Target RefID="0"/>
      </Copy>
    </Assign>
  </Operation>
</Service>
