<?xml version="1.0" encoding="UTF-8" standalone="no"?>
<!--
 * - - - - - - - - - - - - - - - - - - - - - - - - - -
 * Xyna 8.0 (Black Edition)
 * Xyna Development
 * - - - - - - - - - - - - - - - - - - - - - - - - - -
 * Copyright GIP AG 2018
 * (http://www.gip.com)
 * Hechtsheimer Str. 35-37
 * 55131 Mainz
 * - - - - - - - - - - - - - - - - - - - - - - - - - -
 * $Revision: 221703 $
 * $Date: 2018-04-06 15:46:47 +0200 (Fr, 06. Apr 2018) $
 --><Service xmlns="http://www.gip.com/xyna/xdev/xfractmod" ID="1" Label="Retry Foreach Test" TypeName="RetryForeachTest" TypePath="xmcp.h5x.regression.PMON103" Version="1.8">
  <Meta>
    <FixedDetailOptions>hideDetailAreas,highDetailsMode,vScroll(350)</FixedDetailOptions>
  </Meta>
  <Operation ID="0" Label="Retry Foreach Test" Name="RetryForeachTest">
    <Input>
      <Data ID="245" Label="Retry Test Parameters" ReferenceName="RetryTestParameters" ReferencePath="xmcp.h5x.regression.PMON30" VariableName="retryTestParameters">
        <Target RefID="256"/>
      </Data>
      <Data ID="284" IsList="true" Label="Foreach List" ReferenceName="Text" ReferencePath="base" VariableName="text284">
        <Target RefID="290"/>
      </Data>
    </Input>
    <Output/>
    <Throws>
      <Exception Label="Expired Exception" ReferenceName="ExpiredException" ReferencePath="xmcp.h5x.regression.PMON30" VariableName="expiredException"/>
      <Exception Label="Iterations left Exception" ReferenceName="IterationsLeftException" ReferencePath="xmcp.h5x.regression.PMON30" VariableName="iterationsLeftException"/>
      <Exception Label="XMOM Storable Access Exception" ReferenceName="XMOMStorableAccessException" ReferencePath="xnwh.persistence" VariableName="xMOMStorableAccessException"/>
    </Throws>
    <ServiceReference ID="5" Label="Throw Exception when DT present" ReferenceName="ThrowExceptionWhenDTPresent" ReferencePath="xmcp.h5x.regression.PMON30">
      <Source RefID="6"/>
      <Target RefID="6"/>
    </ServiceReference>
    <Mappings ID="256" Label="Mapping">
      <Source RefID="245"/>
      <Source RefID="260"/>
      <Target RefID="253"/>
      <Target RefID="254"/>
      <Meta>
        <FixedDetailOptions>FillMode,openConfiguration,FlatMode</FixedDetailOptions>
      </Meta>
      <Input>
        <Data ID="259" Label="Storable DT" ReferenceName="StorableDT" ReferencePath="xmcp.h5x.regression.PMON30" VariableName="storableDT259"/>
        <Source RefID="260">
          <Meta>
            <LinkType>Constant</LinkType>
          </Meta>
        </Source>
      </Input>
      <Input>
        <Data ID="255" Label="Retry Test Parameters" ReferenceName="RetryTestParameters" ReferencePath="xmcp.h5x.regression.PMON30" VariableName="retryTestParameters255"/>
        <Source RefID="245"/>
      </Input>
      <Output>
        <Data ID="257" Label="Storable DT" ReferenceName="StorableDT" ReferencePath="xmcp.h5x.regression.PMON30" VariableName="storableDT257"/>
        <Target RefID="253"/>
      </Output>
      <Output>
        <Data ID="258" Label="Retry Parameter" ReferenceName="RetryParameter" ReferencePath="xprc.retry" VariableName="retryParameter258"/>
        <Target RefID="254"/>
      </Output>
      <Mapping>%2%=%0%</Mapping>
      <Mapping>%2%.iterationsToSurvive=%1%.necessaryReductions</Mapping>
      <Mapping>%3%.retryLimit=%1%.reducetionRetryLimit</Mapping>
    </Mappings>
    <Function ID="34" Label="Store">
      <Source RefID="33"/>
      <Source RefID="40"/>
      <Source RefID="253"/>
      <Target RefID="33"/>
      <Invoke Operation="store" ServiceID="33">
        <Source RefID="253"/>
        <Source RefID="40">
          <Meta>
            <LinkType>Constant</LinkType>
          </Meta>
        </Source>
      </Invoke>
      <Receive ServiceID="33"/>
    </Function>
    <Function ID="6" Label="Throw Exception when DT present">
      <Source RefID="5"/>
      <Target RefID="5"/>
      <Target RefID="67"/>
      <Target RefID="145"/>
      <Target RefID="212"/>
      <Target RefID="271"/>
      <Meta>
        <FixedDetailOptions>openCatches</FixedDetailOptions>
      </Meta>
      <Invoke Operation="ThrowExceptionWhenDTPresent" ServiceID="5"/>
      <Receive ServiceID="5">
        <Target RefID="271"/>
      </Receive>
      <Catch ExceptionID="145" ID="146">
        <Function ID="166" Label="Delete DT">
          <Source RefID="33"/>
          <Source RefID="168"/>
          <Source RefID="253"/>
          <Target RefID="33"/>
          <Invoke Operation="delete" ServiceID="33">
            <Source RefID="253"/>
            <Source RefID="168">
              <Meta>
                <LinkType>Constant</LinkType>
              </Meta>
            </Source>
          </Invoke>
          <Receive ServiceID="33"/>
        </Function>
        <Retry ID="199" Label="Retry Throw Exception when DT present" RetryParameterID="261">
          <Source RefID="261">
            <Meta>
              <LinkType>Constant</LinkType>
            </Meta>
          </Source>
        </Retry>
        <Assign ID="157"/>
      </Catch>
      <Catch ExceptionID="67" ID="70">
        <Function ID="104" Label="Reduce iteration counter">
          <Source RefID="112"/>
          <Target RefID="112"/>
          <Invoke Operation="ReduceIterationCounter" ServiceID="112"/>
          <Receive ServiceID="112"/>
        </Function>
        <Foreach ID="290">
          <Source RefID="284"/>
          <InputList RefID="284">
            <Data ID="289" Label="Text" ReferenceName="Text" ReferencePath="base" VariableName="text289">
              <Target RefID="288"/>
            </Data>
          </InputList>
          <Function ID="288" Label="Foreach Subworkflow">
            <Source RefID="289"/>
            <Source RefID="294"/>
            <Target RefID="294"/>
            <Invoke Operation="ForeachSubworkflow" ServiceID="294">
              <Source RefID="289"/>
            </Invoke>
            <Receive ServiceID="294"/>
          </Function>
        </Foreach>
        <Retry ID="26" Label="Retry Throw Exception when DT present" RetryParameterID="254">
          <Source RefID="254"/>
        </Retry>
        <Assign ID="85"/>
      </Catch>
      <Catch ExceptionID="212" ID="213">
        <Mappings ID="217" Label="Never called">
          <Meta>
            <FixedDetailOptions>FillMode</FixedDetailOptions>
          </Meta>
        </Mappings>
        <Assign ID="218">
          <Source RefID="272"/>
          <Target RefID="271"/>
          <Copy>
            <Source RefID="272">
              <Meta>
                <LinkType>Constant</LinkType>
              </Meta>
            </Source>
            <Target RefID="271"/>
          </Copy>
        </Assign>
      </Catch>
    </Function>
    <ServiceReference ID="33" Label="Persistence Services" ReferenceName="PersistenceServices.PersistenceServices" ReferencePath="xnwh.persistence">
      <Source RefID="34"/>
      <Source RefID="166"/>
      <Target RefID="34"/>
      <Target RefID="166"/>
    </ServiceReference>
    <Data ID="40" Label="Store parameter" ReferenceName="StoreParameter" ReferencePath="xnwh.persistence" VariableName="const_StoreParameter">
      <Target RefID="34"/>
      <Data ID="43" Label="Historize previous object" VariableName="historizePreviousObject">
        <Meta>
          <Type>boolean</Type>
        </Meta>
      </Data>
      <Data ID="44" Label="Keep meta field data" VariableName="keepMetaFieldData">
        <Meta>
          <Type>boolean</Type>
        </Meta>
      </Data>
      <Data ID="45" Label="Force recursive store" VariableName="forceRecursiveStore">
        <Meta>
          <Type>boolean</Type>
        </Meta>
      </Data>
    </Data>
    <Exception ID="67" Label="Iterations left Exception" ReferenceName="IterationsLeftException" ReferencePath="xmcp.h5x.regression.PMON30" VariableName="storableDTPresentException">
      <Source RefID="6"/>
    </Exception>
    <ServiceReference ID="112" Label="Reduce iteration counter" ReferenceName="ReduceIterationCounter" ReferencePath="xmcp.h5x.regression.PMON30">
      <Source RefID="104"/>
      <Target RefID="104"/>
    </ServiceReference>
    <Exception ID="145" Label="Expired Exception" ReferenceName="ExpiredException" ReferencePath="xmcp.h5x.regression.PMON30" VariableName="oneLeftException145">
      <Source RefID="6"/>
    </Exception>
    <Data ID="168" Label="Delete parameter" ReferenceName="DeleteParameter" ReferencePath="xnwh.persistence" VariableName="const_DeleteParameter">
      <Target RefID="166"/>
      <Data ID="175" Label="Including history" VariableName="includingHistory">
        <Meta>
          <Type>boolean</Type>
        </Meta>
      </Data>
      <Data ID="178" Label="Reference handling" ReferenceName="ReferenceHandling" ReferencePath="xnwh.persistence" VariableName="referenceHandling">
        <Data ID="176" Label="Backward" VariableName="backward">
          <Meta>
            <Type>String</Type>
          </Meta>
        </Data>
        <Data ID="177" Label="Forward" VariableName="forward">
          <Meta>
            <Type>String</Type>
          </Meta>
        </Data>
      </Data>
    </Data>
    <Exception ID="212" Label="XMOM Storable Access Exception" ReferenceName="XMOMStorableAccessException" ReferencePath="xnwh.persistence" VariableName="xMOMStorableAccessException212">
      <Source RefID="6"/>
    </Exception>
    <Data ID="253" Label="Storable DT" ReferenceName="StorableDT" ReferencePath="xmcp.h5x.regression.PMON30" VariableName="storableDT253">
      <Source RefID="256"/>
      <Target RefID="34"/>
      <Target RefID="166"/>
    </Data>
    <Data ID="254" Label="Retry Parameter" ReferenceName="RetryParameter" ReferencePath="xprc.retry" VariableName="retryParameter">
      <Source RefID="256"/>
      <Target RefID="26"/>
    </Data>
    <Data ID="260" Label="Storable DT" ReferenceName="StorableDT" ReferencePath="xmcp.h5x.regression.PMON30" VariableName="storableDT260">
      <Target RefID="256"/>
      <Data ID="265" Label="Unique Identifier" VariableName="uniqueIdentifier">
        <Meta>
          <Type>long</Type>
        </Meta>
        <Value>1</Value>
      </Data>
      <Data ID="266" Label="Iterations to Survive" VariableName="iterationsToSurvive">
        <Meta>
          <Type>int</Type>
        </Meta>
      </Data>
    </Data>
    <Data ID="261" Label="Retry Parameter" ReferenceName="RetryParameter" ReferencePath="xprc.retry" VariableName="const_RetryParameter">
      <Target RefID="199"/>
      <Data ID="267" Label="Retry Limit" VariableName="retryLimit">
        <Meta>
          <Type>long</Type>
        </Meta>
        <Value>1</Value>
      </Data>
    </Data>
    <Data ID="271" Label="Text" ReferenceName="Text" ReferencePath="base" VariableName="text">
      <Source RefID="6"/>
      <Source RefID="218"/>
      <Source RefID="157"/>
      <Source RefID="85"/>
    </Data>
    <Data ID="272" Label="Text" ReferenceName="Text" ReferencePath="base" VariableName="const_Text">
      <Target RefID="218"/>
      <Data ID="276" Label="text" VariableName="text">
        <Meta>
          <Type>String</Type>
        </Meta>
        <Value>Failed</Value>
      </Data>
    </Data>
    <ServiceReference ID="294" Label="Foreach Subworkflow" ReferenceName="ForeachSubworkflow" ReferencePath="xmcp.h5x.regression.PMON103">
      <Source RefID="288"/>
      <Target RefID="288"/>
    </ServiceReference>
    <Assign ID="2"/>
  </Operation>
</Service>
