<?xml version="1.0" encoding="UTF-8" standalone="no"?>
<!--
 * - - - - - - - - - - - - - - - - - - - - - - - - - -
 * Xyna 8.0 (Black Edition)
 * Xyna Development
 * - - - - - - - - - - - - - - - - - - - - - - - - - -
 * Copyright GIP AG 2018
 * (http://www.gip.com)
 * Hechtsheimer Str. 35-37
 * 55131 Mainz
 * - - - - - - - - - - - - - - - - - - - - - - - - - -
 * $Revision$
 * $Date$
 --><Service xmlns="http://www.gip.com/xyna/xdev/xfractmod" Label="Simple Foreach" TypeName="SimpleForeach" TypePath="xmcp.h5x.regression.PMON248" Version="1.8">
  <Operation ID="0" IsStatic="false" Label="Simple Foreach" Name="SimpleForeach">
    <Input>
      <Data ID="16" IsList="true" Label="Text" ReferenceName="Text" ReferencePath="base" VariableName="text16"/>
    </Input>
    <Output/>
    <Foreach ID="25">
      <Source RefID="16"/>
      <InputList RefID="16">
        <Data ID="26" Label="Text" ReferenceName="Text" ReferencePath="base" VariableName="text26"/>
      </InputList>
      <Mappings ID="6" Label="Mapping">
        <Input>
          <Data ID="11" Label="Text" ReferenceName="Text" ReferencePath="base" VariableName="text11">
            <Source RefID="6"/>
          </Data>
          <Source RefID="26"/>
        </Input>
      </Mappings>
    </Foreach>
    <Assign ID="1"/>
  </Operation>
</Service>
