<?xml version="1.0" encoding="UTF-8" standalone="no"?>
<!--
 * - - - - - - - - - - - - - - - - - - - - - - - - - -
 * Xyna 8.0 (Black Edition)
 * Xyna Development
 * - - - - - - - - - - - - - - - - - - - - - - - - - -
 * Copyright GIP AG 2018
 * (http://www.gip.com)
 * Hechtsheimer Str. 35-37
 * 55131 Mainz
 * - - - - - - - - - - - - - - - - - - - - - - - - - -
 * $Revision$
 * $Date$
 --><Service xmlns="http://www.gip.com/xyna/xdev/xfractmod" Label="Triple Foreach" TypeName="TripleForeach" TypePath="xmcp.h5x.regression.PMON248" Version="1.8">
  <Operation ID="0" IsStatic="false" Label="Triple Foreach" Name="TripleForeach">
    <Input>
      <Data ID="16" IsList="true" Label="Text" ReferenceName="Text" ReferencePath="base" VariableName="text16"/>
      <Data ID="31" IsList="true" Label="Count" ReferenceName="Count" ReferencePath="base" VariableName="count31"/>
      <Data ID="51" IsList="true" Label="IP" ReferenceName="IP" ReferencePath="base" VariableName="iP51"/>
    </Input>
    <Output/>
    <Foreach ID="25">
      <Source RefID="16"/>
      <InputList RefID="16">
        <Data ID="26" Label="Text" ReferenceName="Text" ReferencePath="base" VariableName="text26"/>
      </InputList>
      <Foreach ID="45">
        <Source RefID="31"/>
        <InputList RefID="31">
          <Data ID="46" Label="Count" ReferenceName="Count" ReferencePath="base" VariableName="count46"/>
        </InputList>
        <Foreach ID="57">
          <Source RefID="51"/>
          <InputList RefID="51">
            <Data ID="58" Label="IP" ReferenceName="IP" ReferencePath="base" VariableName="iP58"/>
          </InputList>
          <Mappings ID="6" Label="Mapping">
            <Input>
              <Data ID="11" Label="Text" ReferenceName="Text" ReferencePath="base" VariableName="text11">
                <Source RefID="6"/>
              </Data>
              <Source RefID="26"/>
            </Input>
            <Input>
              <Data ID="44" Label="Count" ReferenceName="Count" ReferencePath="base" VariableName="count44">
                <Source RefID="6"/>
              </Data>
              <Source RefID="46"/>
            </Input>
            <Input>
              <Data ID="56" Label="IP" ReferenceName="IP" ReferencePath="base" VariableName="iP56">
                <Source RefID="6"/>
              </Data>
              <Source RefID="58"/>
            </Input>
          </Mappings>
        </Foreach>
      </Foreach>
    </Foreach>
    <Assign ID="1"/>
  </Operation>
</Service>
