<?xml version="1.0" encoding="UTF-8" standalone="no"?>
<!--
 * - - - - - - - - - - - - - - - - - - - - - - - - - -
 * Xyna 8.0 (Black Edition)
 * Xyna Development
 * - - - - - - - - - - - - - - - - - - - - - - - - - -
 * Copyright GIP AG 2018
 * (http://www.gip.com)
 * Hechtsheimer Str. 35-37
 * 55131 Mainz
 * - - - - - - - - - - - - - - - - - - - - - - - - - -
 * $Revision$
 * $Date$
 --><Service xmlns="http://www.gip.com/xyna/xdev/xfractmod" Label="Null List Entry Test" TypeName="NullListEntryTest" TypePath="xmcp.h5x.regression.PMON304" Version="1.8">
  <Operation ID="0" IsStatic="false" Label="Null List Entry Test" Name="NullListEntryTest">
    <Input>
      <Data ID="6" Label="Wrapping Data Type" ReferenceName="WrappingDataType" ReferencePath="xmcp.h5x.regression.PMON304" VariableName="wrappingDataType6"/>
    </Input>
    <Output>
      <Data ID="15" Label="Wrapping Data Type" ReferenceName="WrappingDataType" ReferencePath="xmcp.h5x.regression.PMON304" VariableName="wrappingDataType15"/>
    </Output>
    <Mappings ID="24" Label="Mapping">
      <Input>
        <Data ID="35" Label="Wrapping Data Type" ReferenceName="WrappingDataType" ReferencePath="xmcp.h5x.regression.PMON304" VariableName="wrappingDataType35">
          <Source RefID="24"/>
        </Data>
        <Source RefID="6"/>
      </Input>
      <Output>
        <Data ID="29" Label="Wrapping Data Type" ReferenceName="WrappingDataType" ReferencePath="xmcp.h5x.regression.PMON304" VariableName="wrappingDataType29">
          <Source RefID="24"/>
        </Data>
        <Target RefID="30"/>
      </Output>
      <Mapping>%1%=%0%</Mapping>
    </Mappings>
    <Data ID="30" Label="Wrapping Data Type" ReferenceName="WrappingDataType" ReferencePath="xmcp.h5x.regression.PMON304" VariableName="wrappingDataType30">
      <Source RefID="24"/>
    </Data>
    <Assign ID="1">
      <Source RefID="30"/>
      <Target RefID="15"/>
      <Copy>
        <Source RefID="30">
          <Meta>
            <LinkType>UserConnected</LinkType>
          </Meta>
        </Source>
        <Target RefID="15"/>
      </Copy>
    </Assign>
  </Operation>
</Service>
