<?xml version="1.0" encoding="UTF-8" standalone="no"?>
<!--
 * - - - - - - - - - - - - - - - - - - - - - - - - - -
 * Xyna 8.0 (Black Edition)
 * Xyna Development
 * - - - - - - - - - - - - - - - - - - - - - - - - - -
 * Copyright GIP AG 2018
 * (http://www.gip.com)
 * Hechtsheimer Str. 35-37
 * 55131 Mainz
 * - - - - - - - - - - - - - - - - - - - - - - - - - -
 * $Revision: 221703 $
 * $Date: 2018-04-06 15:46:47 +0200 (Fr, 06. Apr 2018) $
 --><Service xmlns="http://www.gip.com/xyna/xdev/xfractmod" ID="1" Label="Foreach with Output" TypeName="ForeachWithOutput" TypePath="xmcp.h5x.regression.PMON120" Version="1.8">
  <Meta>
    <FixedDetailOptions>hideDetailAreas,highDetailsMode</FixedDetailOptions>
  </Meta>
  <Operation ID="0" Label="Foreach with Output" Name="ForeachWithOutput">
    <Input>
      <Data ID="4" IsList="true" Label="WF in" ReferenceName="Text" ReferencePath="base" VariableName="text">
        <Target RefID="10"/>
      </Data>
    </Input>
    <Output>
      <Data ID="2" IsList="true" Label="WF out" ReferenceName="Text" ReferencePath="base" VariableName="text2">
        <Source RefID="3"/>
      </Data>
    </Output>
    <ServiceReference ID="7" Label="Modify String" ReferenceName="ModifyString" ReferencePath="xmcp.h5x.regression.PMON120">
      <Source RefID="8"/>
      <Target RefID="8"/>
    </ServiceReference>
    <Foreach ID="10">
      <Source RefID="4"/>
      <Target RefID="12"/>
      <InputList RefID="4">
        <Data ID="9" Label="Text" ReferenceName="Text" ReferencePath="base" VariableName="text9">
          <Target RefID="8"/>
        </Data>
      </InputList>
      <OutputList RefID="12">
        <Data ID="11" Label="Text" ReferenceName="Text" ReferencePath="base" VariableName="text11">
          <Source RefID="8"/>
        </Data>
      </OutputList>
      <Function ID="8" Label="Modify String">
        <Source RefID="7"/>
        <Source RefID="9"/>
        <Target RefID="7"/>
        <Target RefID="11"/>
        <Invoke Operation="ModifyString" ServiceID="7">
          <Source RefID="9"/>
        </Invoke>
        <Receive ServiceID="7">
          <Target RefID="11"/>
        </Receive>
      </Function>
    </Foreach>
    <Data ID="12" IsList="true" Label="Text" ReferenceName="Text" ReferencePath="base" VariableName="text12">
      <Source RefID="10"/>
      <Target RefID="3"/>
    </Data>
    <Assign ID="3">
      <Source RefID="12"/>
      <Target RefID="2"/>
      <Copy>
        <Source RefID="12">
          <Meta>
            <LinkType>UserConnected</LinkType>
          </Meta>
        </Source>
        <Target RefID="2"/>
      </Copy>
    </Assign>
  </Operation>
</Service>
