<?xml version="1.0" encoding="UTF-8" standalone="no"?>
<!--
 * - - - - - - - - - - - - - - - - - - - - - - - - - -
 * Xyna 8.0 (Black Edition)
 * Xyna Development
 * - - - - - - - - - - - - - - - - - - - - - - - - - -
 * Copyright GIP AG 2018
 * (http://www.gip.com)
 * Hechtsheimer Str. 35-37
 * 55131 Mainz
 * - - - - - - - - - - - - - - - - - - - - - - - - - -
 * $Revision: 221703 $
 * $Date: 2018-04-06 15:46:47 +0200 (Fr, 06. Apr 2018) $
 --><Service xmlns="http://www.gip.com/xyna/xdev/xfractmod" ID="1" Label="Modify String" TypeName="ModifyString" TypePath="xmcp.h5x.regression.PMON120" Version="1.8">
  <Meta>
    <FixedDetailOptions>hideDetailAreas,highDetailsMode</FixedDetailOptions>
  </Meta>
  <Operation ID="0" Label="Modify String" Name="ModifyString">
    <Input>
      <Data ID="4" Label="Sub WF in" ReferenceName="Text" ReferencePath="base" VariableName="text">
        <Target RefID="12"/>
      </Data>
    </Input>
    <Output>
      <Data ID="2" Label="Sub WF out" ReferenceName="Text" ReferencePath="base" VariableName="text2">
        <Source RefID="3"/>
      </Data>
    </Output>
    <Mappings ID="12" Label="Mapping">
      <Source RefID="4"/>
      <Target RefID="10"/>
      <Meta>
        <FixedDetailOptions>FillMode,openConfiguration,FlatMode</FixedDetailOptions>
      </Meta>
      <Input>
        <Data ID="11" Label="Text" ReferenceName="Text" ReferencePath="base" VariableName="text11"/>
        <Source RefID="4"/>
      </Input>
      <Output>
        <Data ID="13" Label="Text" ReferenceName="Text" ReferencePath="base" VariableName="text13"/>
        <Target RefID="10"/>
      </Output>
      <Mapping>%1%.text=concat(%0%.text," modified")</Mapping>
    </Mappings>
    <Data ID="10" Label="Text" ReferenceName="Text" ReferencePath="base" VariableName="text9">
      <Source RefID="12"/>
      <Target RefID="3"/>
    </Data>
    <Assign ID="3">
      <Source RefID="10"/>
      <Target RefID="2"/>
      <Copy>
        <Source RefID="10">
          <Meta>
            <LinkType>UserConnected</LinkType>
          </Meta>
        </Source>
        <Target RefID="2"/>
      </Copy>
    </Assign>
  </Operation>
</Service>
