<?xml version="1.0" encoding="UTF-8" standalone="no"?>
<!--
 * - - - - - - - - - - - - - - - - - - - - - - - - - -
 * Xyna 8.0 (Black Edition)
 * Xyna Development
 * - - - - - - - - - - - - - - - - - - - - - - - - - -
 * Copyright GIP AG 2018
 * (http://www.gip.com)
 * Hechtsheimer Str. 35-37
 * 55131 Mainz
 * - - - - - - - - - - - - - - - - - - - - - - - - - -
 * $Revision: 221703 $
 * $Date: 2018-04-06 15:46:47 +0200 (Fr, 06. Apr 2018) $
 --><Service xmlns="http://www.gip.com/xyna/xdev/xfractmod" ID="49" Label="Exception with many members" TypeName="ExceptionWithManyMembers" TypePath="xmcp.h5x.regression.PMON41" Version="1.8">
  <Meta>
    <FixedDetailOptions>highDetailsMode,showDetailAreas,useWidth</FixedDetailOptions>
  </Meta>
  <Operation ID="0" Label="Exception with many members" Name="ExceptionWithManyMembers">
    <Input/>
    <Output/>
    <Throws>
      <Exception Label="Exception with many members" ReferenceName="ExceptionWithManyMembers" ReferencePath="xmcp.h5x.regression.PMON41.exceptions" VariableName="exceptionWithManyMembers"/>
    </Throws>
    <Throw ExceptionID="50" ID="10" Label="Throw Exception with many members">
      <Source RefID="50">
        <Meta>
          <LinkType>Constant</LinkType>
        </Meta>
      </Source>
    </Throw>
    <Exception ID="50" Label="Exception with many members" ReferenceName="ExceptionWithManyMembers" ReferencePath="xmcp.h5x.regression.PMON41.exceptions" VariableName="const_ExceptionWithManyMembers34">
      <Target RefID="10"/>
      <Data VariableName="reason">
        <Meta>
          <Type>String</Type>
        </Meta>
        <Value>TestReason</Value>
      </Data>
      <Data VariableName="data10">
        <Meta>
          <Type>String</Type>
        </Meta>
        <Value>dat1</Value>
      </Data>
      <Data VariableName="data20">
        <Meta>
          <Type>String</Type>
        </Meta>
        <Value>dat2</Value>
      </Data>
      <Data VariableName="data30">
        <Meta>
          <Type>String</Type>
        </Meta>
        <Value>dat3</Value>
      </Data>
      <Data VariableName="data40">
        <Meta>
          <Type>String</Type>
        </Meta>
        <Value>dat4</Value>
      </Data>
      <Data VariableName="data5">
        <Meta>
          <Type>String</Type>
        </Meta>
        <Value>dat5</Value>
      </Data>
      <Data VariableName="data6">
        <Meta>
          <Type>String</Type>
        </Meta>
        <Value>dat6</Value>
      </Data>
      <Data ReferenceName="TestDataType" ReferencePath="xmcp.h5x.regression.PMON41.datatypes" VariableName="testDataType">
        <Data VariableName="name">
          <Meta>
            <Type>String</Type>
          </Meta>
          <Value>TestName</Value>
        </Data>
        <Data VariableName="age">
          <Meta>
            <Type>int</Type>
          </Meta>
          <Value>47</Value>
        </Data>
      </Data>
    </Exception>
    <Assign ID="1"/>
  </Operation>
</Service>
