<?xml version="1.0" encoding="UTF-8" standalone="no"?>
<!--
 * - - - - - - - - - - - - - - - - - - - - - - - - - -
 * Xyna 8.0 (Black Edition)
 * Xyna Development
 * - - - - - - - - - - - - - - - - - - - - - - - - - -
 * Copyright GIP AG 2018
 * (http://www.gip.com)
 * Hechtsheimer Str. 35-37
 * 55131 Mainz
 * - - - - - - - - - - - - - - - - - - - - - - - - - -
 * $Revision: 276168 $
 * $Date: 2020-03-06 14:19:37 +0100 (Fri, 06 Mar 2020) $
 --><Service xmlns="http://www.gip.com/xyna/xdev/xfractmod" Label="Exception with member" TypeName="ExceptionWithMember" TypePath="xmcp.h5x.regression.PMON41" Version="1.8">
  <Operation ID="0" IsStatic="false" Label="Exception with member" Name="ExceptionWithMember">
    <Input/>
    <Output/>
    <Throws>
      <Exception ID="25" Label="Exception with member" ReferenceName="ExceptionWithMember" ReferencePath="xmcp.h5x.regression.PMON41.exceptions" VariableName="exceptionWithMember25"/>
    </Throws>
    <Throw ExceptionID="21" ID="10" Label="Throw Exception with member">
      <Meta>
        <PreferedExceptionType>xmcp.h5x.regression.PMON41.exceptions.ExceptionWithMember</PreferedExceptionType>
      </Meta>
      <Source RefID="21">
        <Meta>
          <LinkType>Constant</LinkType>
        </Meta>
      </Source>
    </Throw>
    <Exception ID="21" Label="Exception with member" ReferenceName="ExceptionWithMember" ReferencePath="xmcp.h5x.regression.PMON41.exceptions" VariableName="const_ExceptionWithMember21">
      <Target RefID="10"/>
      <Data VariableName="reason">
        <Meta>
          <Type>String</Type>
        </Meta>
        <Value>TestReason</Value>
      </Data>
    </Exception>
    <Assign ID="1"/>
  </Operation>
</Service>
