<?xml version="1.0" encoding="UTF-8" standalone="no"?>
<!--
 * - - - - - - - - - - - - - - - - - - - - - - - - - -
 * Xyna 8.0 (Black Edition)
 * Xyna Development
 * - - - - - - - - - - - - - - - - - - - - - - - - - -
 * Copyright GIP AG 2018
 * (http://www.gip.com)
 * Hechtsheimer Str. 35-37
 * 55131 Mainz
 * - - - - - - - - - - - - - - - - - - - - - - - - - -
 * $Revision: 276168 $
 * $Date: 2020-03-06 14:19:37 +0100 (Fri, 06 Mar 2020) $
 --><Service xmlns="http://www.gip.com/xyna/xdev/xfractmod" Label="Simple Exception" TypeName="SimpleException" TypePath="xmcp.h5x.regression.PMON41" Version="1.8">
  <Operation ID="0" IsStatic="false" Label="Simple Exception" Name="SimpleException">
    <Input/>
    <Output/>
    <Throws>
      <Exception ID="25" Label="Simple Exception" ReferenceName="SimpleException" ReferencePath="xmcp.h5x.regression.PMON41.exceptions" VariableName="simpleException25"/>
    </Throws>
    <Throw ExceptionID="21" ID="10" Label="Throw Simple Exception">
      <Meta>
        <PreferedExceptionType>xmcp.h5x.regression.PMON41.exceptions.SimpleException</PreferedExceptionType>
      </Meta>
      <Source RefID="21">
        <Meta>
          <LinkType>Constant</LinkType>
        </Meta>
      </Source>
    </Throw>
    <Exception ID="21" Label="Simple Exception" ReferenceName="SimpleException" ReferencePath="xmcp.h5x.regression.PMON41.exceptions" VariableName="const_SimpleException21">
      <Target RefID="10"/>
    </Exception>
    <Assign ID="1"/>
  </Operation>
</Service>
