<?xml version="1.0" encoding="UTF-8" standalone="no"?>
<!--
 * - - - - - - - - - - - - - - - - - - - - - - - - - -
 * Xyna 8.0 (Black Edition)
 * Xyna Development
 * - - - - - - - - - - - - - - - - - - - - - - - - - -
 * Copyright GIP AG 2018
 * (http://www.gip.com)
 * Hechtsheimer Str. 35-37
 * 55131 Mainz
 * - - - - - - - - - - - - - - - - - - - - - - - - - -
 * $Revision: 221703 $
 * $Date: 2018-04-06 15:46:47 +0200 (Fr, 06. Apr 2018) $
 --><Service xmlns="http://www.gip.com/xyna/xdev/xfractmod" ID="1" Label="Reduce iteration counter" TypeName="ReduceIterationCounter" TypePath="xmcp.h5x.regression.PMON30" Version="1.8">
  <Meta>
    <FixedDetailOptions>hideDetailAreas,highDetailsMode</FixedDetailOptions>
  </Meta>
  <Operation ID="0" Label="Reduce iteration counter" Name="ReduceIterationCounter">
    <Meta>
      <Abstract.UID>865ED1B5-575A-DE10-AAEF-F2DFF7BECCBB</Abstract.UID>
    </Meta>
    <Input/>
    <Output/>
    <Throws>
      <Exception Label="XMOM Storable Access Exception" ReferenceName="XMOMStorableAccessException" ReferencePath="xnwh.persistence" VariableName="xMOMStorableAccessException"/>
    </Throws>
    <ServiceReference ID="5" Label="Persistence Services" ReferenceName="PersistenceServices.PersistenceServices" ReferencePath="xnwh.persistence">
      <Source RefID="6"/>
      <Source RefID="43"/>
      <Target RefID="6"/>
      <Target RefID="43"/>
    </ServiceReference>
    <Mappings ID="8">
      <Target RefID="7"/>
      <Meta>
        <IsCondition>true</IsCondition>
      </Meta>
      <Output>
        <Data ID="9" Label="Filter condition" ReferenceName="FilterCondition" ReferencePath="xnwh.persistence" VariableName="filterCondition9"/>
        <Target RefID="7"/>
      </Output>
      <Mapping>%0%.formula=concat("(%0%.uniqueIdentifier==\"1\")")</Mapping>
    </Mappings>
    <Function ID="6" Label="Query">
      <Source RefID="5"/>
      <Source RefID="7"/>
      <Source RefID="10"/>
      <Source RefID="11"/>
      <Target RefID="5"/>
      <Target RefID="13"/>
      <Meta>
        <QueryFilter>
          <Condition>%0%.uniqueIdentifier==\"1\"</Condition>
        </QueryFilter>
      </Meta>
      <Invoke Operation="query" ServiceID="5">
        <Source RefID="10">
          <Meta>
            <LinkType>Constant</LinkType>
          </Meta>
        </Source>
        <Source RefID="7">
          <Meta>
            <LinkType>UserConnected</LinkType>
          </Meta>
        </Source>
        <Source RefID="11">
          <Meta>
            <LinkType>Constant</LinkType>
          </Meta>
        </Source>
      </Invoke>
      <Receive ServiceID="5">
        <Target RefID="13"/>
      </Receive>
    </Function>
    <Data ID="7" Label="Filter condition" ReferenceName="FilterCondition" ReferencePath="xnwh.persistence" VariableName="filterCondition">
      <Source RefID="8"/>
      <Target RefID="6"/>
    </Data>
    <Data ID="10" Label="Selection mask" ReferenceName="SelectionMask" ReferencePath="xnwh.persistence" VariableName="const_SelectionMask">
      <Target RefID="6"/>
      <Data ID="46" Label="Root type" VariableName="rootType">
        <Meta>
          <Type>String</Type>
        </Meta>
        <Value>xmcp.h5x.regression.PMON30.StorableDT</Value>
      </Data>
    </Data>
    <Data ID="11" Label="Query parameter" ReferenceName="QueryParameter" ReferencePath="xnwh.persistence" VariableName="const_QueryParameter">
      <Target RefID="6"/>
      <Data ID="47" Label="Max objects" VariableName="maxObjects">
        <Meta>
          <Type>int</Type>
        </Meta>
        <Value>-1</Value>
      </Data>
      <Data ID="48" Label="Query history" VariableName="queryHistory">
        <Meta>
          <Type>boolean</Type>
        </Meta>
        <Value>false</Value>
      </Data>
      <Data ID="49" IsList="true" Label="Sort criterion" ReferenceName="SortCriterion" ReferencePath="xnwh.persistence" VariableName="sortCriterion"/>
    </Data>
    <Data ID="13" IsList="true" Label="Storable DT" ReferenceName="StorableDT" ReferencePath="xmcp.h5x.regression.PMON30" VariableName="storableDT">
      <Source RefID="6"/>
      <Target RefID="24"/>
    </Data>
    <Mappings ID="24" Label="Exrract Result">
      <Source RefID="13"/>
      <Target RefID="22"/>
      <Meta>
        <FixedDetailOptions>FillMode,openConfiguration,FlatMode</FixedDetailOptions>
      </Meta>
      <Input>
        <Data ID="23" IsList="true" Label="Storable DT" ReferenceName="StorableDT" ReferencePath="xmcp.h5x.regression.PMON30" VariableName="storableDT23"/>
        <Source RefID="13"/>
      </Input>
      <Output>
        <Data ID="50" Label="Storable DT" ReferenceName="StorableDT" ReferencePath="xmcp.h5x.regression.PMON30" VariableName="storableDT20"/>
        <Target RefID="22"/>
      </Output>
      <Mapping>%1%=%0%["0"]</Mapping>
    </Mappings>
    <Choice ID="25" TypeName="BaseChoiceTypeFormula" TypePath="server">
      <Source RefID="22"/>
      <Input>
        <Data ID="51" Label="Storable DT" ReferenceName="StorableDT" ReferencePath="xmcp.h5x.regression.PMON30" VariableName="storableDT51"/>
        <Source RefID="22">
          <Meta>
            <LinkType>UserConnected</LinkType>
          </Meta>
        </Source>
      </Input>
      <Case ID="14" Label="true" Premise="%0%.iterationsToSurvive&gt;&quot;0&quot;">
        <Mappings ID="38" Label="Reduce survive counter">
          <Source RefID="22"/>
          <Target RefID="36"/>
          <Meta>
            <FixedDetailOptions>FillMode,FlatMode</FixedDetailOptions>
          </Meta>
          <Input>
            <Data ID="37" Label="Storable DT" ReferenceName="StorableDT" ReferencePath="xmcp.h5x.regression.PMON30" VariableName="storableDT37"/>
            <Source RefID="22">
              <Meta>
                <LinkType>UserConnected</LinkType>
              </Meta>
            </Source>
          </Input>
          <Output>
            <Data ID="39" Label="Storable DT" ReferenceName="StorableDT" ReferencePath="xmcp.h5x.regression.PMON30" VariableName="storableDT39"/>
            <Target RefID="36"/>
          </Output>
          <Mapping>%1%=%0%</Mapping>
          <Mapping>%1%.iterationsToSurvive=%0%.iterationsToSurvive-"1"</Mapping>
        </Mappings>
        <Function ID="43" Label="Store">
          <Source RefID="5"/>
          <Source RefID="36"/>
          <Source RefID="44"/>
          <Target RefID="5"/>
          <Invoke Operation="store" ServiceID="5">
            <Source RefID="36">
              <Meta>
                <LinkType>UserConnected</LinkType>
              </Meta>
            </Source>
            <Source RefID="44">
              <Meta>
                <LinkType>Constant</LinkType>
              </Meta>
            </Source>
          </Invoke>
          <Receive ServiceID="5"/>
        </Function>
        <Assign ID="52"/>
      </Case>
      <Case ID="15" Label="false">
        <Assign ID="53"/>
      </Case>
    </Choice>
    <Data ID="22" Label="Storable DT" ReferenceName="StorableDT" ReferencePath="xmcp.h5x.regression.PMON30" VariableName="storableDT22">
      <Source RefID="24"/>
      <Target RefID="25"/>
      <Target RefID="38"/>
    </Data>
    <Data ID="36" Label="Storable DT" ReferenceName="StorableDT" ReferencePath="xmcp.h5x.regression.PMON30" VariableName="storableDT35">
      <Source RefID="38"/>
      <Target RefID="43"/>
    </Data>
    <Data ID="44" Label="Store parameter" ReferenceName="StoreParameter" ReferencePath="xnwh.persistence" VariableName="const_StoreParameter">
      <Target RefID="43"/>
      <Data ID="58" Label="Historize previous object" VariableName="historizePreviousObject">
        <Meta>
          <Type>boolean</Type>
        </Meta>
      </Data>
      <Data ID="59" Label="Keep meta field data" VariableName="keepMetaFieldData">
        <Meta>
          <Type>boolean</Type>
        </Meta>
      </Data>
      <Data ID="60" Label="Force recursive store" VariableName="forceRecursiveStore">
        <Meta>
          <Type>boolean</Type>
        </Meta>
      </Data>
    </Data>
    <Assign ID="2"/>
  </Operation>
</Service>
