<?xml version="1.0" encoding="UTF-8" standalone="no"?>
<!--
 * - - - - - - - - - - - - - - - - - - - - - - - - - -
 * Xyna 8.0 (Black Edition)
 * Xyna Development
 * - - - - - - - - - - - - - - - - - - - - - - - - - -
 * Copyright GIP AG 2018
 * (http://www.gip.com)
 * Hechtsheimer Str. 35-37
 * 55131 Mainz
 * - - - - - - - - - - - - - - - - - - - - - - - - - -
 * $Revision: 221703 $
 * $Date: 2018-04-06 15:46:47 +0200 (Fr, 06. Apr 2018) $
 --><Service xmlns="http://www.gip.com/xyna/xdev/xfractmod" ID="1" Label="Retry Test - Workflow Level" TypeName="RetryTestWorkflowLevel" TypePath="xmcp.h5x.regression.PMON30" Version="1.8">
  <Meta>
    <FixedDetailOptions>hideDetailAreas,highDetailsMode,openCatches</FixedDetailOptions>
  </Meta>
  <Operation ID="0" Label="Retry Test - Workflow Level" Name="RetryTestWorkflowLevel">
    <Target RefID="280"/>
    <Target RefID="291"/>
    <Input>
      <Data ID="245" Label="Retry Test Parameters" ReferenceName="RetryTestParameters" ReferencePath="xmcp.h5x.regression.PMON30" VariableName="retryTestParameters">
        <Target RefID="303"/>
      </Data>
    </Input>
    <Output/>
    <Throws>
      <Exception Label="Expired Exception" ReferenceName="ExpiredException" ReferencePath="xmcp.h5x.regression.PMON30" VariableName="expiredException"/>
      <Exception Label="Iterations left Exception" ReferenceName="IterationsLeftException" ReferencePath="xmcp.h5x.regression.PMON30" VariableName="iterationsLeftException"/>
      <Exception Label="XMOM Storable Access Exception" ReferenceName="XMOMStorableAccessException" ReferencePath="xnwh.persistence" VariableName="xMOMStorableAccessException"/>
    </Throws>
    <ServiceReference ID="5" Label="Throw Exception when DT present" ReferenceName="ThrowExceptionWhenDTPresent" ReferencePath="xmcp.h5x.regression.PMON30">
      <Source RefID="6"/>
      <Target RefID="6"/>
    </ServiceReference>
    <Function ID="6" Label="Throw Exception when DT present">
      <Source RefID="5"/>
      <Target RefID="5"/>
      <Target RefID="271"/>
      <Invoke Operation="ThrowExceptionWhenDTPresent" ServiceID="5"/>
      <Receive ServiceID="5">
        <Target RefID="271"/>
      </Receive>
    </Function>
    <ServiceReference ID="33" Label="Persistence Services" ReferenceName="PersistenceServices.PersistenceServices" ReferencePath="xnwh.persistence">
      <Source RefID="166"/>
      <Target RefID="166"/>
    </ServiceReference>
    <ServiceReference ID="112" Label="Reduce iteration counter" ReferenceName="ReduceIterationCounter" ReferencePath="xmcp.h5x.regression.PMON30">
      <Source RefID="104"/>
      <Target RefID="104"/>
    </ServiceReference>
    <Data ID="271" Label="Text" ReferenceName="Text" ReferencePath="base" VariableName="text">
      <Source RefID="6"/>
    </Data>
    <Exception ID="280" Label="Expired Exception" ReferenceName="ExpiredException" ReferencePath="xmcp.h5x.regression.PMON30" VariableName="expiredException280">
      <Source RefID="0"/>
    </Exception>
    <Data ID="282" Label="Delete parameter" ReferenceName="DeleteParameter" ReferencePath="xnwh.persistence" VariableName="const_DeleteParameter">
      <Target RefID="166"/>
      <Data ID="285" Label="Including history" VariableName="includingHistory">
        <Meta>
          <Type>boolean</Type>
        </Meta>
      </Data>
      <Data ID="288" Label="Reference handling" ReferenceName="ReferenceHandling" ReferencePath="xnwh.persistence" VariableName="referenceHandling">
        <Data ID="286" Label="Backward" VariableName="backward">
          <Meta>
            <Type>String</Type>
          </Meta>
        </Data>
        <Data ID="287" Label="Forward" VariableName="forward">
          <Meta>
            <Type>String</Type>
          </Meta>
        </Data>
      </Data>
    </Data>
    <Data ID="290" Label="Storable" ReferenceName="StorableDT" ReferencePath="xmcp.h5x.regression.PMON30" VariableName="const_StorableDT">
      <Target RefID="166"/>
      <Data ID="310" Label="Unique Identifier" VariableName="uniqueIdentifier">
        <Meta>
          <Type>long</Type>
        </Meta>
        <Value>1</Value>
      </Data>
      <Data ID="311" Label="Iterations to Survive" VariableName="iterationsToSurvive">
        <Meta>
          <Type>int</Type>
        </Meta>
      </Data>
    </Data>
    <Exception ID="291" Label="Iterations left Exception" ReferenceName="IterationsLeftException" ReferencePath="xmcp.h5x.regression.PMON30" VariableName="iterationsLeftException291">
      <Source RefID="0"/>
    </Exception>
    <Data ID="294" Label="Retry Parameter" ReferenceName="RetryParameter" ReferencePath="xprc.retry" VariableName="const_RetryParameter">
      <Target RefID="293"/>
      <Data ID="312" Label="Retry Limit" VariableName="retryLimit">
        <Meta>
          <Type>long</Type>
        </Meta>
        <Value>1</Value>
      </Data>
    </Data>
    <Data ID="305" Label="Retry Parameter" ReferenceName="RetryParameter" ReferencePath="xprc.retry" VariableName="retryParameter305">
      <Source RefID="303"/>
      <Target RefID="306"/>
    </Data>
    <Assign ID="2"/>
    <Catch ExceptionID="280" ID="281">
      <Function ID="166" Label="Delete DT">
        <Source RefID="33"/>
        <Source RefID="282"/>
        <Source RefID="290"/>
        <Target RefID="33"/>
        <Invoke Operation="delete" ServiceID="33">
          <Source RefID="290">
            <Meta>
              <LinkType>Constant</LinkType>
            </Meta>
          </Source>
          <Source RefID="282">
            <Meta>
              <LinkType>Constant</LinkType>
            </Meta>
          </Source>
        </Invoke>
        <Receive ServiceID="33"/>
      </Function>
      <Retry ID="293" Label="Retry" RetryParameterID="294">
        <Source RefID="294">
          <Meta>
            <LinkType>Constant</LinkType>
          </Meta>
        </Source>
      </Retry>
      <Assign ID="289"/>
    </Catch>
    <Catch ExceptionID="291" ID="292">
      <Function ID="104" Label="Reduce iteration counter">
        <Source RefID="112"/>
        <Target RefID="112"/>
        <Invoke Operation="ReduceIterationCounter" ServiceID="112"/>
        <Receive ServiceID="112"/>
      </Function>
      <Mappings ID="303" Label="Mapping">
        <Source RefID="245"/>
        <Target RefID="305"/>
        <Meta>
          <FixedDetailOptions>FlatMode</FixedDetailOptions>
        </Meta>
        <Input>
          <Data ID="299" Label="Retry Test Parameters" ReferenceName="RetryTestParameters" ReferencePath="xmcp.h5x.regression.PMON30" VariableName="retryTestParameters299"/>
          <Source RefID="245"/>
        </Input>
        <Output>
          <Data ID="301" Label="Retry Parameter" ReferenceName="RetryParameter" ReferencePath="xprc.retry" VariableName="retryParameter301"/>
          <Target RefID="305"/>
        </Output>
        <Mapping>%1%.retryLimit=%0%.reducetionRetryLimit</Mapping>
      </Mappings>
      <Retry ID="306" Label="Retry" RetryParameterID="305">
        <Source RefID="305"/>
      </Retry>
      <Assign ID="313"/>
    </Catch>
  </Operation>
</Service>
