<?xml version="1.0" encoding="UTF-8" standalone="no"?>
<!--
 * - - - - - - - - - - - - - - - - - - - - - - - - - -
 * Xyna 8.0 (Black Edition)
 * Xyna Development
 * - - - - - - - - - - - - - - - - - - - - - - - - - -
 * Copyright GIP AG 2018
 * (http://www.gip.com)
 * Hechtsheimer Str. 35-37
 * 55131 Mainz
 * - - - - - - - - - - - - - - - - - - - - - - - - - -
 * $Revision: 221703 $
 * $Date: 2018-04-06 15:46:47 +0200 (Fr, 06. Apr 2018) $
 --><Service xmlns="http://www.gip.com/xyna/xdev/xfractmod" ID="1" Label="Retry Test - Workflow Level - Prepare" TypeName="RetryTestWorkflowLevelPrepare" TypePath="xmcp.h5x.regression.PMON30" Version="1.8">
  <Meta>
    <FixedDetailOptions>hideDetailAreas,highDetailsMode</FixedDetailOptions>
  </Meta>
  <Operation ID="0" Label="Retry Test - Workflow Level - Prepare" Name="RetryTestWorkflowLevelPrepare">
    <Input>
      <Data ID="245" Label="Retry Test Parameters" ReferenceName="RetryTestParameters" ReferencePath="xmcp.h5x.regression.PMON30" VariableName="retryTestParameters">
        <Target RefID="256"/>
      </Data>
    </Input>
    <Output/>
    <Throws>
      <Exception Label="XMOM Storable Access Exception" ReferenceName="XMOMStorableAccessException" ReferencePath="xnwh.persistence" VariableName="xMOMStorableAccessException"/>
    </Throws>
    <Mappings ID="256" Label="Mapping">
      <Source RefID="245"/>
      <Source RefID="260"/>
      <Target RefID="253"/>
      <Target RefID="254"/>
      <Meta>
        <FixedDetailOptions>FillMode,openConfiguration,FlatMode</FixedDetailOptions>
      </Meta>
      <Input>
        <Data ID="259" Label="Storable DT" ReferenceName="StorableDT" ReferencePath="xmcp.h5x.regression.PMON30" VariableName="storableDT259"/>
        <Source RefID="260">
          <Meta>
            <LinkType>Constant</LinkType>
          </Meta>
        </Source>
      </Input>
      <Input>
        <Data ID="255" Label="Retry Test Parameters" ReferenceName="RetryTestParameters" ReferencePath="xmcp.h5x.regression.PMON30" VariableName="retryTestParameters255"/>
        <Source RefID="245"/>
      </Input>
      <Output>
        <Data ID="257" Label="Storable DT" ReferenceName="StorableDT" ReferencePath="xmcp.h5x.regression.PMON30" VariableName="storableDT257"/>
        <Target RefID="253"/>
      </Output>
      <Output>
        <Data ID="258" Label="Retry Parameter" ReferenceName="RetryParameter" ReferencePath="xprc.retry" VariableName="retryParameter258"/>
        <Target RefID="254"/>
      </Output>
      <Mapping>%2%=%0%</Mapping>
      <Mapping>%2%.iterationsToSurvive=%1%.necessaryReductions</Mapping>
      <Mapping>%3%.retryLimit=%1%.reducetionRetryLimit</Mapping>
    </Mappings>
    <Function ID="34" Label="Store">
      <Source RefID="33"/>
      <Source RefID="40"/>
      <Source RefID="253"/>
      <Target RefID="33"/>
      <Invoke Operation="store" ServiceID="33">
        <Source RefID="253"/>
        <Source RefID="40">
          <Meta>
            <LinkType>Constant</LinkType>
          </Meta>
        </Source>
      </Invoke>
      <Receive ServiceID="33"/>
    </Function>
    <ServiceReference ID="33" Label="Persistence Services" ReferenceName="PersistenceServices.PersistenceServices" ReferencePath="xnwh.persistence">
      <Source RefID="34"/>
      <Target RefID="34"/>
    </ServiceReference>
    <Data ID="40" Label="Store parameter" ReferenceName="StoreParameter" ReferencePath="xnwh.persistence" VariableName="const_StoreParameter">
      <Target RefID="34"/>
      <Data ID="43" Label="Historize previous object" VariableName="historizePreviousObject">
        <Meta>
          <Type>boolean</Type>
        </Meta>
      </Data>
      <Data ID="44" Label="Keep meta field data" VariableName="keepMetaFieldData">
        <Meta>
          <Type>boolean</Type>
        </Meta>
      </Data>
      <Data ID="45" Label="Force recursive store" VariableName="forceRecursiveStore">
        <Meta>
          <Type>boolean</Type>
        </Meta>
      </Data>
    </Data>
    <Data ID="253" Label="Storable DT" ReferenceName="StorableDT" ReferencePath="xmcp.h5x.regression.PMON30" VariableName="storableDT253">
      <Source RefID="256"/>
      <Target RefID="34"/>
    </Data>
    <Data ID="254" Label="Retry Parameter" ReferenceName="RetryParameter" ReferencePath="xprc.retry" VariableName="retryParameter">
      <Source RefID="256"/>
    </Data>
    <Data ID="260" Label="Storable DT" ReferenceName="StorableDT" ReferencePath="xmcp.h5x.regression.PMON30" VariableName="storableDT260">
      <Target RefID="256"/>
      <Data ID="265" Label="Unique Identifier" VariableName="uniqueIdentifier">
        <Meta>
          <Type>long</Type>
        </Meta>
        <Value>1</Value>
      </Data>
      <Data ID="266" Label="Iterations to Survive" VariableName="iterationsToSurvive">
        <Meta>
          <Type>int</Type>
        </Meta>
      </Data>
    </Data>
    <Assign ID="2"/>
  </Operation>
</Service>
