<?xml version="1.0" encoding="UTF-8" standalone="no"?>
<!--
 * - - - - - - - - - - - - - - - - - - - - - - - - - -
 * Xyna 8.0 (Black Edition)
 * Xyna Development
 * - - - - - - - - - - - - - - - - - - - - - - - - - -
 * Copyright GIP AG 2018
 * (http://www.gip.com)
 * Hechtsheimer Str. 35-37
 * 55131 Mainz
 * - - - - - - - - - - - - - - - - - - - - - - - - - -
 * $Revision: 221703 $
 * $Date: 2018-04-06 15:46:47 +0200 (Fr, 06. Apr 2018) $
 --><DataType xmlns="http://www.gip.com/xyna/xdev/xfractmod" BaseTypeName="Storable" BaseTypePath="xnwh.persistence" Label="Storable DT" TypeName="StorableDT" TypePath="xmcp.h5x.regression.PMON30" Version="1.8">
  <Meta>
    <IsServiceGroupOnly>false</IsServiceGroupOnly>
  </Meta>
  <Data Label="Unique Identifier" VariableName="uniqueIdentifier">
    <Meta>
      <Type>long</Type>
      <Persistence>
        <Type>UniqueIdentifier</Type>
      </Persistence>
    </Meta>
  </Data>
  <Data Label="Iterations to Survive" VariableName="iterationsToSurvive">
    <Meta>
      <Type>int</Type>
    </Meta>
  </Data>
  <Data Label="Reduction Retry Limit" VariableName="reductionRetryLimit">
    <Meta>
      <Type>int</Type>
    </Meta>
  </Data>
</DataType>
