<?xml version="1.0" encoding="UTF-8" standalone="no"?>
<!--
 * - - - - - - - - - - - - - - - - - - - - - - - - - -
 * Xyna 8.0 (Black Edition)
 * Xyna Development
 * - - - - - - - - - - - - - - - - - - - - - - - - - -
 * Copyright GIP AG 2018
 * (http://www.gip.com)
 * Hechtsheimer Str. 35-37
 * 55131 Mainz
 * - - - - - - - - - - - - - - - - - - - - - - - - - -
 * $Revision: 221703 $
 * $Date: 2018-04-06 15:46:47 +0200 (Fr, 06. Apr 2018) $
 --><Service xmlns="http://www.gip.com/xyna/xdev/xfractmod" ID="1" Label="Throw Exception when DT present" TypeName="ThrowExceptionWhenDTPresent" TypePath="xmcp.h5x.regression.PMON30" Version="1.8">
  <Meta>
    <FixedDetailOptions>hideDetailAreas,highDetailsMode</FixedDetailOptions>
  </Meta>
  <Operation ID="0" Label="Throw Exception when DT present" Name="ThrowExceptionWhenDTPresent">
    <Input/>
    <Output>
      <Data ID="91" Label="Text" ReferenceName="Text" ReferencePath="base" VariableName="text">
        <Source RefID="2"/>
      </Data>
    </Output>
    <Throws>
      <Exception Label="Expired Exception" ReferenceName="ExpiredException" ReferencePath="xmcp.h5x.regression.PMON30" VariableName="expiredException"/>
      <Exception Label="Iterations left Exception" ReferenceName="IterationsLeftException" ReferencePath="xmcp.h5x.regression.PMON30" VariableName="iterationsLeftException"/>
      <Exception Label="XMOM Storable Access Exception" ReferenceName="XMOMStorableAccessException" ReferencePath="xnwh.persistence" VariableName="xMOMStorableAccessException"/>
    </Throws>
    <Mappings ID="11">
      <Target RefID="10"/>
      <Meta>
        <IsCondition>true</IsCondition>
      </Meta>
      <Output>
        <Data ID="12" Label="Filter condition" ReferenceName="FilterCondition" ReferencePath="xnwh.persistence" VariableName="filterCondition12"/>
        <Target RefID="10"/>
      </Output>
      <Mapping>%0%.formula=concat("(%0%.uniqueIdentifier==\"1\")")</Mapping>
    </Mappings>
    <Function ID="9" Label="Query">
      <Source RefID="8"/>
      <Source RefID="10"/>
      <Source RefID="13"/>
      <Source RefID="14"/>
      <Target RefID="8"/>
      <Target RefID="16"/>
      <Meta>
        <QueryFilter>
          <Condition>%0%.uniqueIdentifier==\"1\"</Condition>
        </QueryFilter>
        <FixedDetailOptions>openConfiguration</FixedDetailOptions>
      </Meta>
      <Invoke Operation="query" ServiceID="8">
        <Source RefID="13">
          <Meta>
            <LinkType>Constant</LinkType>
          </Meta>
        </Source>
        <Source RefID="10">
          <Meta>
            <LinkType>UserConnected</LinkType>
          </Meta>
        </Source>
        <Source RefID="14">
          <Meta>
            <LinkType>Constant</LinkType>
          </Meta>
        </Source>
      </Invoke>
      <Receive ServiceID="8">
        <Target RefID="16"/>
      </Receive>
    </Function>
    <Choice ID="20" TypeName="BaseChoiceTypeFormula" TypePath="server">
      <Source RefID="16"/>
      <Input>
        <Data ID="23" IsList="true" Label="Storable DT" ReferenceName="StorableDT" ReferencePath="xmcp.h5x.regression.PMON30" VariableName="storableDT23"/>
        <Source RefID="16">
          <Meta>
            <LinkType>UserConnected</LinkType>
          </Meta>
        </Source>
      </Input>
      <Case ID="17" Label="true" Premise="length(%0%)&gt;&quot;0&quot;">
        <Choice ID="76" TypeName="BaseChoiceTypeFormula" TypePath="server">
          <Source RefID="16"/>
          <Input>
            <Data ID="83" IsList="true" Label="Storable DT" ReferenceName="StorableDT" ReferencePath="xmcp.h5x.regression.PMON30" VariableName="storableDT83"/>
            <Source RefID="16"/>
          </Input>
          <Case ID="74" Label="true" Premise="%0%[&quot;0&quot;].iterationsToSurvive&gt;&quot;0&quot;">
            <Throw ExceptionID="87" ID="86" Label="Throw Iterations Left Exception">
              <Source RefID="87">
                <Meta>
                  <LinkType>Constant</LinkType>
                </Meta>
              </Source>
            </Throw>
            <Assign ID="84"/>
          </Case>
          <Case ID="75" Label="false">
            <Throw ExceptionID="78" ID="64" Label="Throw One Left Exception">
              <Source RefID="78">
                <Meta>
                  <LinkType>Constant</LinkType>
                </Meta>
              </Source>
            </Throw>
            <Assign ID="85"/>
          </Case>
        </Choice>
        <Assign ID="24"/>
      </Case>
      <Case ID="18" Label="false">
        <Assign ID="25"/>
      </Case>
    </Choice>
    <ServiceReference ID="8" Label="Persistence Services" ReferenceName="PersistenceServices.PersistenceServices" ReferencePath="xnwh.persistence">
      <Source RefID="9"/>
      <Target RefID="9"/>
    </ServiceReference>
    <Data ID="10" Label="Filter condition" ReferenceName="FilterCondition" ReferencePath="xnwh.persistence" VariableName="filterCondition">
      <Source RefID="11"/>
      <Target RefID="9"/>
    </Data>
    <Data ID="13" Label="Selection mask" ReferenceName="SelectionMask" ReferencePath="xnwh.persistence" VariableName="const_SelectionMask">
      <Target RefID="9"/>
      <Data ID="26" Label="Root type" VariableName="rootType">
        <Meta>
          <Type>String</Type>
        </Meta>
        <Value>xmcp.h5x.regression.PMON30.StorableDT</Value>
      </Data>
    </Data>
    <Data ID="14" Label="Query parameter" ReferenceName="QueryParameter" ReferencePath="xnwh.persistence" VariableName="const_QueryParameter">
      <Target RefID="9"/>
      <Data ID="27" Label="Max objects" VariableName="maxObjects">
        <Meta>
          <Type>int</Type>
        </Meta>
        <Value>-1</Value>
      </Data>
      <Data ID="28" Label="Query history" VariableName="queryHistory">
        <Meta>
          <Type>boolean</Type>
        </Meta>
        <Value>false</Value>
      </Data>
      <Data ID="29" IsList="true" Label="Sort criterion" ReferenceName="SortCriterion" ReferencePath="xnwh.persistence" VariableName="sortCriterion"/>
    </Data>
    <Data ID="16" IsList="true" Label="Storable DT" ReferenceName="StorableDT" ReferencePath="xmcp.h5x.regression.PMON30" VariableName="storableDT">
      <Source RefID="9"/>
      <Target RefID="20"/>
      <Target RefID="76"/>
    </Data>
    <Exception ID="78" Label="Expired Exception" ReferenceName="ExpiredException" ReferencePath="xmcp.h5x.regression.PMON30" VariableName="const_OneLeftException">
      <Target RefID="64"/>
    </Exception>
    <Exception ID="87" Label="Iterations left Exception" ReferenceName="IterationsLeftException" ReferencePath="xmcp.h5x.regression.PMON30" VariableName="const_IterationsLeftException">
      <Target RefID="86"/>
    </Exception>
    <Data ID="92" Label="Text" ReferenceName="Text" ReferencePath="base" VariableName="const_Text">
      <Target RefID="2"/>
      <Data ID="96" Label="text" VariableName="text">
        <Meta>
          <Type>String</Type>
        </Meta>
        <Value>Success</Value>
      </Data>
    </Data>
    <Assign ID="2">
      <Source RefID="92"/>
      <Target RefID="91"/>
      <Copy>
        <Source RefID="92">
          <Meta>
            <LinkType>Constant</LinkType>
          </Meta>
        </Source>
        <Target RefID="91"/>
      </Copy>
    </Assign>
  </Operation>
</Service>
