<?xml version="1.0" encoding="UTF-8" standalone="no"?>
<!--
 * - - - - - - - - - - - - - - - - - - - - - - - - - -
 * Xyna 8.0 (Black Edition)
 * Xyna Development
 * - - - - - - - - - - - - - - - - - - - - - - - - - -
 * Copyright GIP AG 2018
 * (http://www.gip.com)
 * Hechtsheimer Str. 35-37
 * 55131 Mainz
 * - - - - - - - - - - - - - - - - - - - - - - - - - -
 * $Revision$
 * $Date$
 --><Service xmlns="http://www.gip.com/xyna/xdev/xfractmod" Label="PMON 69" TypeName="PMON69" TypePath="xmcp.h5x.regression.PMON69" Version="1.8">
  <Operation ID="0" IsStatic="false" Label="PMON 69" Name="PMON69">
    <Input>
      <Data ID="186" Label="In Out Data Type" ReferenceName="InOutDataType" ReferencePath="xmcp.h5x.regression.PMON69" VariableName="inOutDataType186"/>
      <Data ID="195" Label="In Out Data Type" ReferenceName="InOutDataType" ReferencePath="xmcp.h5x.regression.PMON69" VariableName="inOutDataType195"/>
    </Input>
    <Output>
      <Data ID="204" Label="In Out Data Type" ReferenceName="InOutDataType" ReferencePath="xmcp.h5x.regression.PMON69" VariableName="inOutDataType204"/>
    </Output>
    <Mappings ID="6" Label="Simple Mapping">
      <Input>
        <Data ID="15" Label="Simple Data Type" ReferenceName="SimpleDataType" ReferencePath="xmcp.h5x.regression.PMON69" VariableName="simpleDataType15">
          <Source RefID="6"/>
        </Data>
        <Source RefID="28">
          <Meta>
            <LinkType>Constant</LinkType>
          </Meta>
        </Source>
      </Input>
      <Input>
        <Data ID="37" Label="Complex Data Type" ReferenceName="ComplexDataType" ReferencePath="xmcp.h5x.regression.PMON69" VariableName="complexDataType37">
          <Source RefID="6"/>
        </Data>
        <Source RefID="51">
          <Meta>
            <LinkType>Constant</LinkType>
          </Meta>
        </Source>
      </Input>
      <Output>
        <Data ID="64" IsList="true" Label="Simple Data Type" ReferenceName="SimpleDataType" ReferencePath="xmcp.h5x.regression.PMON69" VariableName="simpleDataType64">
          <Source RefID="6"/>
        </Data>
        <Target RefID="65"/>
      </Output>
      <Mapping>%2%["0"]=%0%</Mapping>
      <Mapping>%2%["1"]=%1%.simpleDataType1</Mapping>
      <Mapping>%2%["2"]=%1%.simpleDataType2</Mapping>
    </Mappings>
    <Mappings ID="158" Label="Mapping">
      <Input>
        <Data ID="163" Label="Query parameter" ReferenceName="QueryParameter" ReferencePath="xnwh.persistence" VariableName="queryParameter163">
          <Source RefID="158"/>
        </Data>
        <Source RefID="168">
          <Meta>
            <LinkType>Constant</LinkType>
          </Meta>
        </Source>
      </Input>
      <Output>
        <Data ID="213" Label="In Out Data Type" ReferenceName="InOutDataType" ReferencePath="xmcp.h5x.regression.PMON69" VariableName="inOutDataType213">
          <Source RefID="158"/>
        </Data>
        <Target RefID="214"/>
      </Output>
      <Mapping>%1%.name="Test"</Mapping>
      <Mapping>%1%.age="10"</Mapping>
    </Mappings>
    <Data ID="28" Label="Simple Data Type" ReferenceName="SimpleDataType" ReferencePath="xmcp.h5x.regression.PMON69" VariableName="const_SimpleDataType28">
      <Data VariableName="stringMember">
        <Meta>
          <Type>String</Type>
        </Meta>
        <Value>Test</Value>
      </Data>
      <Data VariableName="intMember">
        <Meta>
          <Type>int</Type>
        </Meta>
        <Value>-1</Value>
      </Data>
      <Data VariableName="integerMember">
        <Meta>
          <Type>Integer</Type>
        </Meta>
      </Data>
      <Data VariableName="smallLongMember">
        <Meta>
          <Type>long</Type>
        </Meta>
        <Value>-1</Value>
      </Data>
      <Data VariableName="longMember">
        <Meta>
          <Type>Long</Type>
        </Meta>
      </Data>
      <Data VariableName="smallDoubleMember">
        <Meta>
          <Type>double</Type>
        </Meta>
        <Value>-1.0</Value>
      </Data>
      <Data VariableName="doubleMember">
        <Meta>
          <Type>Double</Type>
        </Meta>
      </Data>
      <Data VariableName="smallBooleanMember">
        <Meta>
          <Type>boolean</Type>
        </Meta>
        <Value>true</Value>
      </Data>
      <Data VariableName="doubleMember0">
        <Meta>
          <Type>Double</Type>
        </Meta>
      </Data>
    </Data>
    <Data ID="51" Label="Complex Data Type" ReferenceName="ComplexDataType" ReferencePath="xmcp.h5x.regression.PMON69" VariableName="const_ComplexDataType51">
      <Data ReferenceName="SimpleDataType" ReferencePath="xmcp.h5x.regression.PMON69" VariableName="simpleDataType1">
        <Data VariableName="stringMember">
          <Meta>
            <Type>String</Type>
          </Meta>
          <Value>Test</Value>
        </Data>
        <Data VariableName="intMember">
          <Meta>
            <Type>int</Type>
          </Meta>
          <Value>0</Value>
        </Data>
        <Data VariableName="integerMember">
          <Meta>
            <Type>Integer</Type>
          </Meta>
          <Value>10</Value>
        </Data>
        <Data VariableName="smallLongMember">
          <Meta>
            <Type>long</Type>
          </Meta>
          <Value>1</Value>
        </Data>
        <Data VariableName="longMember">
          <Meta>
            <Type>Long</Type>
          </Meta>
          <Value>10</Value>
        </Data>
        <Data VariableName="smallDoubleMember">
          <Meta>
            <Type>double</Type>
          </Meta>
          <Value>0.0</Value>
        </Data>
        <Data VariableName="doubleMember">
          <Meta>
            <Type>Double</Type>
          </Meta>
          <Value>23.0</Value>
        </Data>
        <Data VariableName="smallBooleanMember">
          <Meta>
            <Type>boolean</Type>
          </Meta>
          <Value>true</Value>
        </Data>
        <Data VariableName="doubleMember0">
          <Meta>
            <Type>Double</Type>
          </Meta>
          <Value>500.23</Value>
        </Data>
      </Data>
      <Data ReferenceName="SimpleDataType" ReferencePath="xmcp.h5x.regression.PMON69" VariableName="simpleDataType2">
        <Data VariableName="stringMember">
          <Meta>
            <Type>String</Type>
          </Meta>
        </Data>
        <Data VariableName="intMember">
          <Meta>
            <Type>int</Type>
          </Meta>
          <Value>0</Value>
        </Data>
        <Data VariableName="integerMember">
          <Meta>
            <Type>Integer</Type>
          </Meta>
        </Data>
        <Data VariableName="smallLongMember">
          <Meta>
            <Type>long</Type>
          </Meta>
          <Value>0</Value>
        </Data>
        <Data VariableName="longMember">
          <Meta>
            <Type>Long</Type>
          </Meta>
        </Data>
        <Data VariableName="smallDoubleMember">
          <Meta>
            <Type>double</Type>
          </Meta>
          <Value>0.0</Value>
        </Data>
        <Data VariableName="doubleMember">
          <Meta>
            <Type>Double</Type>
          </Meta>
        </Data>
        <Data VariableName="smallBooleanMember">
          <Meta>
            <Type>boolean</Type>
          </Meta>
          <Value>true</Value>
        </Data>
        <Data VariableName="doubleMember0">
          <Meta>
            <Type>Double</Type>
          </Meta>
        </Data>
      </Data>
    </Data>
    <Data ID="65" IsList="true" Label="Simple Data Type" ReferenceName="SimpleDataType" ReferencePath="xmcp.h5x.regression.PMON69" VariableName="simpleDataType65">
      <Source RefID="6"/>
    </Data>
    <Data ID="168" Label="Query parameter" ReferenceName="QueryParameter" ReferencePath="xnwh.persistence" VariableName="const_QueryParameter168">
      <Data VariableName="maxObjects">
        <Meta>
          <Type>int</Type>
        </Meta>
        <Value>-1</Value>
      </Data>
      <Data VariableName="queryHistory">
        <Meta>
          <Type>boolean</Type>
        </Meta>
        <Value>true</Value>
      </Data>
      <Data IsList="true" ReferenceName="SortCriterion" ReferencePath="xnwh.persistence" VariableName="sortCriterion"/>
    </Data>
    <Data ID="214" Label="In Out Data Type" ReferenceName="InOutDataType" ReferencePath="xmcp.h5x.regression.PMON69" VariableName="inOutDataType214">
      <Source RefID="158"/>
    </Data>
    <Assign ID="1">
      <Source RefID="214"/>
      <Target RefID="204"/>
      <Copy>
        <Source RefID="214">
          <Meta>
            <LinkType>UserConnected</LinkType>
          </Meta>
        </Source>
        <Target RefID="204"/>
      </Copy>
    </Assign>
  </Operation>
</Service>
