<?xml version="1.0" encoding="UTF-8" standalone="no"?>
<!--
 * - - - - - - - - - - - - - - - - - - - - - - - - - -
 * Xyna 8.0 (Black Edition)
 * Xyna Development
 * - - - - - - - - - - - - - - - - - - - - - - - - - -
 * Copyright GIP AG 2018
 * (http://www.gip.com)
 * Hechtsheimer Str. 35-37
 * 55131 Mainz
 * - - - - - - - - - - - - - - - - - - - - - - - - - -
 * $Revision$
 * $Date$
 --><DataType xmlns="http://www.gip.com/xyna/xdev/xfractmod" IsAbstract="false" Label="Simple Data Type" TypeName="SimpleDataType" TypePath="xmcp.h5x.regression.PMON69" Version="1.8">
  <Meta>
    <IsServiceGroupOnly>false</IsServiceGroupOnly>
  </Meta>
  <Data Label="StringMember" VariableName="stringMember">
    <Meta>
      <Type>String</Type>
    </Meta>
  </Data>
  <Data Label="IntMember" VariableName="intMember">
    <Meta>
      <Type>int</Type>
    </Meta>
  </Data>
  <Data Label="IntegerMember" VariableName="integerMember">
    <Meta>
      <Type>Integer</Type>
    </Meta>
  </Data>
  <Data Label="SmallLongMember" VariableName="smallLongMember">
    <Meta>
      <Type>long</Type>
    </Meta>
  </Data>
  <Data Label="LongMember" VariableName="longMember">
    <Meta>
      <Type>Long</Type>
    </Meta>
  </Data>
  <Data Label="SmallDoubleMember" VariableName="smallDoubleMember">
    <Meta>
      <Type>double</Type>
    </Meta>
  </Data>
  <Data Label="DoubleMember" VariableName="doubleMember">
    <Meta>
      <Type>Double</Type>
    </Meta>
  </Data>
  <Data Label="SmallBooleanMember" VariableName="smallBooleanMember">
    <Meta>
      <Type>boolean</Type>
    </Meta>
  </Data>
  <Data Label="DoubleMember" VariableName="doubleMember0">
    <Meta>
      <Type>Double</Type>
    </Meta>
  </Data>
</DataType>
